game_id,competition_id,season,date,home_club_id,away_club_id,home_club_goals,away_club_goals,home_club_name,away_club_name,stadium,attendance,url
,,,"Thu, 15/08/24",,,,,Granada CF,Albacete Balompié,Nuevo Los Cármenes,Attendance: 13.265,https://www.transfermarkt.co.uk/granada-cf_albacete-balompie/index/spielbericht/4426817
,,,"Sat, 17/08/24",,,,,SD Eibar,CD Castellón,Ipurua,Attendance: 3.538,https://www.transfermarkt.co.uk/sd-eibar_cd-castellon/index/spielbericht/4426819
,,,"Sun, 18/08/24",,,,,Racing Santander,UD Almería,El Sardinero,Attendance: 19.697,https://www.transfermarkt.co.uk/racing-santander_ud-almeria/index/spielbericht/4426818
,,,"Sat, 17/08/24",,,,,Deportivo de La Coruña,Real Oviedo,Abanca Riazor,Attendance: 25.715,https://www.transfermarkt.co.uk/deportivo-de-la-coruna_real-oviedo/index/spielbericht/4426813
,,,"Sun, 18/08/24",,,,,Elche CF,SD Huesca,Manuel Martínez Valero,Attendance: 15.059,https://www.transfermarkt.co.uk/elche-cf_sd-huesca/index/spielbericht/4426814
,,,"Sun, 18/08/24",,,,,Sporting Gijón,Levante UD,El Molinón - Enrique Castro 'Quini',Attendance: 23.319,https://www.transfermarkt.co.uk/sporting-gijon_levante-ud/index/spielbericht/4426821
,,,"Mon, 19/08/24",,,,,CD Eldense,CD Tenerife,Nuevo Pepico Amat,Attendance: 4.168,https://www.transfermarkt.co.uk/cd-eldense_cd-tenerife/index/spielbericht/4426815
,,,"Fri, 16/08/24",,,,,Cádiz CF,Real Zaragoza,Nuevo Mirandilla,Attendance: 16.970,https://www.transfermarkt.co.uk/cadiz-cf_real-zaragoza/index/spielbericht/4426812
,,,"Sun, 18/08/24",,,,,Burgos CF,FC Cartagena,El Plantío,Attendance: 9.642,https://www.transfermarkt.co.uk/burgos-cf_fc-cartagena/index/spielbericht/4426811
,,,"Fri, 23/08/24",,,,,SD Huesca,Deportivo de La Coruña,El Alcoraz,Attendance: 6.172,https://www.transfermarkt.co.uk/sd-huesca_deportivo-de-la-coruna/index/spielbericht/4426500
,,,"Sat, 24/08/24",,,,,Sporting Gijón,CD Eldense,El Molinón - Enrique Castro 'Quini',Attendance: 20.890,https://www.transfermarkt.co.uk/sporting-gijon_cd-eldense/index/spielbericht/4426502
,,,"Fri, 23/08/24",,,,,Racing Santander,SD Eibar,El Sardinero,Attendance: 19.205,https://www.transfermarkt.co.uk/racing-santander_sd-eibar/index/spielbericht/4426501
,,,"Sat, 24/08/24",,,,,Racing Ferrol,Granada CF,A Malata,Attendance: 7.397,https://www.transfermarkt.co.uk/racing-ferrol_granada-cf/index/spielbericht/4426495
,,,"Sat, 24/08/24",,,,,Levante UD,Cádiz CF,Ciutat de València,Attendance: 14.228,https://www.transfermarkt.co.uk/levante-ud_cadiz-cf/index/spielbericht/4426499
,,,"Sun, 25/08/24",,,,,Albacete Balompié,Elche CF,Carlos Belmonte,Attendance: 11.400,https://www.transfermarkt.co.uk/albacete-balompie_elche-cf/index/spielbericht/4426492
,,,"Sat, 24/08/24",,,,,Málaga CF,CD Mirandés,La Rosaleda,Attendance: 26.066,https://www.transfermarkt.co.uk/malaga-cf_cd-mirandes/index/spielbericht/4426496
,,,"Mon, 26/08/24",,,,,FC Cartagena,Real Zaragoza,Cartagonova,Attendance: 8.800,https://www.transfermarkt.co.uk/fc-cartagena_real-zaragoza/index/spielbericht/4426493
,,,"Fri, 30/08/24",,,,,Granada CF,SD Huesca,Nuevo Los Cármenes,Attendance: 15.089,https://www.transfermarkt.co.uk/granada-cf_sd-huesca/index/spielbericht/4426827
,,,"Fri, 30/08/24",,,,,Real Oviedo,Racing Santander,Carlos Tartiere,Attendance: 21.514,https://www.transfermarkt.co.uk/real-oviedo_racing-santander/index/spielbericht/4426829
,,,"Sat, 31/08/24",,,,,Cádiz CF,CD Tenerife,Nuevo Mirandilla,Attendance: 16.518,https://www.transfermarkt.co.uk/cadiz-cf_cd-tenerife/index/spielbericht/4426824
,,,"Sat, 31/08/24",,,,,UD Almería,Sporting Gijón,UD Almería Stadium,Attendance: 12.787,https://www.transfermarkt.co.uk/ud-almeria_sporting-gijon/index/spielbericht/4426822
,,,"Sun, 01/09/24",,,,,Burgos CF,CD Castellón,El Plantío,Attendance: 9.105,https://www.transfermarkt.co.uk/burgos-cf_cd-castellon/index/spielbericht/4426823
,,,"Sat, 31/08/24",,,,,Málaga CF,Albacete Balompié,La Rosaleda,Attendance: 25.861,https://www.transfermarkt.co.uk/malaga-cf_albacete-balompie/index/spielbericht/4426830
,,,"Sun, 01/09/24",,,,,Deportivo de La Coruña,Racing Ferrol,Abanca Riazor,Attendance: 26.452,https://www.transfermarkt.co.uk/deportivo-de-la-coruna_racing-ferrol/index/spielbericht/4426825
,,,"Sun, 01/09/24",,,,,CD Mirandés,Real Zaragoza,Anduva,Attendance: 4.747,https://www.transfermarkt.co.uk/cd-mirandes_real-zaragoza/index/spielbericht/4426828
,,,"Sun, 01/09/24",,,,,CD Eldense,FC Cartagena,Nuevo Pepico Amat,Attendance: 4.830,https://www.transfermarkt.co.uk/cd-eldense_fc-cartagena/index/spielbericht/4426831
,,,"Mon, 02/09/24",,,,,Elche CF,Córdoba CF,Manuel Martínez Valero,Attendance: 15.264,https://www.transfermarkt.co.uk/elche-cf_cordoba-cf/index/spielbericht/4426832
,,,"Fri, 06/09/24",,,,,CD Tenerife,Racing Santander,Heliodoro Rodríguez López,Attendance: 15.284,https://www.transfermarkt.co.uk/cd-tenerife_racing-santander/index/spielbericht/4426799
,,,"Sat, 07/09/24",,,,,Granada CF,Deportivo de La Coruña,Nuevo Los Cármenes,Attendance: 15.308,https://www.transfermarkt.co.uk/granada-cf_deportivo-de-la-coruna/index/spielbericht/4426796
,,,"Sat, 07/09/24",,,,,Sporting Gijón,Real Oviedo,El Molinón - Enrique Castro 'Quini',Attendance: 25.706,https://www.transfermarkt.co.uk/sporting-gijon_real-oviedo/index/spielbericht/4426798
,,,"Sat, 07/09/24",,,,,SD Huesca,Burgos CF,El Alcoraz,Attendance: 6.024,https://www.transfermarkt.co.uk/sd-huesca_burgos-cf/index/spielbericht/4426794
,,,"Sat, 07/09/24",,,,,Córdoba CF,Málaga CF,Bahrain Victorious Nuevo Arcángel,Attendance: 18.110,https://www.transfermarkt.co.uk/cordoba-cf_malaga-cf/index/spielbericht/4426791
,,,"Sun, 08/09/24",,,,,Racing Ferrol,CD Mirandés,A Malata,Attendance: 6.425,https://www.transfermarkt.co.uk/racing-ferrol_cd-mirandes/index/spielbericht/4426792
,,,"Sun, 08/09/24",,,,,FC Cartagena,Levante UD,Cartagonova,Attendance: 7.963,https://www.transfermarkt.co.uk/fc-cartagena_levante-ud/index/spielbericht/4426790
,,,"Mon, 09/09/24",,,,,Albacete Balompié,SD Eibar,Carlos Belmonte,Attendance: 10.433,https://www.transfermarkt.co.uk/albacete-balompie_sd-eibar/index/spielbericht/4426789
,,,"Sun, 08/09/24",,,,,Real Zaragoza,Elche CF,La Romareda,Attendance: 21.024,https://www.transfermarkt.co.uk/real-zaragoza_elche-cf/index/spielbericht/4426797
,,,"Sun, 08/09/24",,,,,CD Eldense,UD Almería,Nuevo Pepico Amat,Attendance: 4.957,https://www.transfermarkt.co.uk/cd-eldense_ud-almeria/index/spielbericht/4426793
,,,"Mon, 09/09/24",,,,,CD Castellón,Cádiz CF,SkyFi Castalia,Attendance: 13.218,https://www.transfermarkt.co.uk/cd-castellon_cadiz-cf/index/spielbericht/4426795
,,,"Fri, 13/09/24",,,,,Córdoba CF,Deportivo de La Coruña,Bahrain Victorious Nuevo Arcángel,Attendance: 16.435,https://www.transfermarkt.co.uk/cordoba-cf_deportivo-de-la-coruna/index/spielbericht/4426506
,,,"Sat, 14/09/24",,,,,SD Eibar,CD Tenerife,Ipurua,Attendance: 5.030,https://www.transfermarkt.co.uk/sd-eibar_cd-tenerife/index/spielbericht/4426507
,,,"Sat, 14/09/24",,,,,Levante UD,CD Eldense,Ciutat de València,Attendance: 14.904,https://www.transfermarkt.co.uk/levante-ud_cd-eldense/index/spielbericht/4426512
,,,"Sat, 14/09/24",,,,,Málaga CF,SD Huesca,La Rosaleda,Attendance: 26.669,https://www.transfermarkt.co.uk/malaga-cf_sd-huesca/index/spielbericht/4426513
,,,"Sat, 17/08/24",,,,,Racing Ferrol,Málaga CF,A Malata,Attendance: 7.541,https://www.transfermarkt.co.uk/racing-ferrol_malaga-cf/index/spielbericht/4426816
,,,"Fri, 16/08/24",,,,,CD Mirandés,Córdoba CF,Anduva,Attendance: 3.005,https://www.transfermarkt.co.uk/cd-mirandes_cordoba-cf/index/spielbericht/4426820
,,,"Sun, 15/09/24",,,,,Real Oviedo,FC Cartagena,Carlos Tartiere,Attendance: 19.492,https://www.transfermarkt.co.uk/real-oviedo_fc-cartagena/index/spielbericht/4426511
,,,"Sun, 15/09/24",,,,,Cádiz CF,Racing Ferrol,Nuevo Mirandilla,Attendance: 16.868,https://www.transfermarkt.co.uk/cadiz-cf_racing-ferrol/index/spielbericht/4426505
,,,"Sun, 15/09/24",,,,,CD Mirandés,Albacete Balompié,Anduva,Attendance: 2.713,https://www.transfermarkt.co.uk/cd-mirandes_albacete-balompie/index/spielbericht/4426510
,,,"Sun, 15/09/24",,,,,Elche CF,Granada CF,Manuel Martínez Valero,Attendance: 15.455,https://www.transfermarkt.co.uk/elche-cf_granada-cf/index/spielbericht/4426508
,,,"Mon, 16/09/24",,,,,UD Almería,CD Castellón,UD Almería Stadium,Attendance: 11.952,https://www.transfermarkt.co.uk/ud-almeria_cd-castellon/index/spielbericht/4426503
,,,"Fri, 20/09/24",,,,,Granada CF,Málaga CF,Nuevo Los Cármenes,Attendance: 18.827,https://www.transfermarkt.co.uk/granada-cf_malaga-cf/index/spielbericht/4426859
,,,"Sat, 24/08/24",,,,,CD Tenerife,UD Almería,Heliodoro Rodríguez López,Attendance: 14.308,https://www.transfermarkt.co.uk/cd-tenerife_ud-almeria/index/spielbericht/4426497
,,,"Sat, 21/09/24",,,,,Real Zaragoza,Levante UD,La Romareda,Attendance: 17.241,https://www.transfermarkt.co.uk/real-zaragoza_levante-ud/index/spielbericht/4426864
,,,"Sat, 21/09/24",,,,,Deportivo de La Coruña,Burgos CF,Abanca Riazor,Attendance: 22.593,https://www.transfermarkt.co.uk/deportivo-de-la-coruna_burgos-cf/index/spielbericht/4426861
,,,"Sat, 21/09/24",,,,,Racing Ferrol,Albacete Balompié,A Malata,Attendance: 6.680,https://www.transfermarkt.co.uk/racing-ferrol_albacete-balompie/index/spielbericht/4426860
,,,"Sat, 21/09/24",,,,,CD Eldense,Real Oviedo,Nuevo Pepico Amat,Attendance: 3.987,https://www.transfermarkt.co.uk/cd-eldense_real-oviedo/index/spielbericht/4426858
,,,"Mon, 26/08/24",,,,,Córdoba CF,Burgos CF,Bahrain Victorious Nuevo Arcángel,Attendance: 14.415,https://www.transfermarkt.co.uk/cordoba-cf_burgos-cf/index/spielbericht/4426498
,,,"Sun, 22/09/24",,,,,CD Tenerife,Sporting Gijón,Heliodoro Rodríguez López,Attendance: 15.531,https://www.transfermarkt.co.uk/cd-tenerife_sporting-gijon/index/spielbericht/4426865
,,,"Sun, 22/09/24",,,,,Elche CF,CD Mirandés,Manuel Martínez Valero,Attendance: 16.276,https://www.transfermarkt.co.uk/elche-cf_cd-mirandes/index/spielbericht/4426857
,,,"Sun, 22/09/24",,,,,UD Almería,SD Eibar,UD Almería Stadium,Attendance: 10.811,https://www.transfermarkt.co.uk/ud-almeria_sd-eibar/index/spielbericht/4426855
,,,"Mon, 23/09/24",,,,,SD Huesca,Córdoba CF,El Alcoraz,Attendance: 5.899,https://www.transfermarkt.co.uk/sd-huesca_cordoba-cf/index/spielbericht/4426863
,,,"Fri, 27/09/24",,,,,Albacete Balompié,Deportivo de La Coruña,Carlos Belmonte,Attendance: 11.509,https://www.transfermarkt.co.uk/albacete-balompie_deportivo-de-la-coruna/index/spielbericht/4426877
,,,"Sat, 28/09/24",,,,,Cádiz CF,CD Eldense,Nuevo Mirandilla,Attendance: 15.315,https://www.transfermarkt.co.uk/cadiz-cf_cd-eldense/index/spielbericht/4426879
,,,"Sat, 28/09/24",,,,,CD Mirandés,SD Huesca,Anduva,Attendance: 3.193,https://www.transfermarkt.co.uk/cd-mirandes_sd-huesca/index/spielbericht/4426887
,,,"Sat, 28/09/24",,,,,Málaga CF,Elche CF,La Rosaleda,Attendance: 26.377,https://www.transfermarkt.co.uk/malaga-cf_elche-cf/index/spielbericht/4426886
,,,"Sat, 28/09/24",,,,,Sporting Gijón,Real Zaragoza,El Molinón - Enrique Castro 'Quini',Attendance: 22.426,https://www.transfermarkt.co.uk/sporting-gijon_real-zaragoza/index/spielbericht/4426882
,,,"Sun, 29/09/24",,,,,Levante UD,UD Almería,Ciutat de València,Attendance: 14.528,https://www.transfermarkt.co.uk/levante-ud_ud-almeria/index/spielbericht/4426883
,,,"Sun, 29/09/24",,,,,Burgos CF,Granada CF,El Plantío,Attendance: 9.890,https://www.transfermarkt.co.uk/burgos-cf_granada-cf/index/spielbericht/4426878
,,,"Sun, 29/09/24",,,,,CD Castellón,CD Tenerife,SkyFi Castalia,Attendance: 11.439,https://www.transfermarkt.co.uk/cd-castellon_cd-tenerife/index/spielbericht/4426880
,,,"Sun, 29/09/24",,,,,Córdoba CF,Racing Ferrol,Bahrain Victorious Nuevo Arcángel,Attendance: 16.130,https://www.transfermarkt.co.uk/cordoba-cf_racing-ferrol/index/spielbericht/4426881
,,,"Sun, 29/09/24",,,,,Real Oviedo,SD Eibar,Carlos Tartiere,Attendance: 19.281,https://www.transfermarkt.co.uk/real-oviedo_sd-eibar/index/spielbericht/4426885
,,,"Fri, 04/10/24",,,,,SD Huesca,Cádiz CF,El Alcoraz,Attendance: 5.949,https://www.transfermarkt.co.uk/sd-huesca_cadiz-cf/index/spielbericht/4426871
,,,"Sun, 15/09/24",,,,,Burgos CF,Real Zaragoza,El Plantío,Attendance: 10.150,https://www.transfermarkt.co.uk/burgos-cf_real-zaragoza/index/spielbericht/4426504
,,,"Mon, 30/09/24",,,,,Racing Santander,FC Cartagena,El Sardinero,Attendance: 16.083,https://www.transfermarkt.co.uk/racing-santander_fc-cartagena/index/spielbericht/4426884
,,,"Sat, 05/10/24",,,,,Racing Ferrol,Elche CF,A Malata,Attendance: 5.489,https://www.transfermarkt.co.uk/racing-ferrol_elche-cf/index/spielbericht/4426874
,,,"Sat, 05/10/24",,,,,CD Mirandés,Granada CF,Anduva,Attendance: 3.016,https://www.transfermarkt.co.uk/cd-mirandes_granada-cf/index/spielbericht/4426875
,,,"Sat, 05/10/24",,,,,Real Zaragoza,Racing Santander,La Romareda,Attendance: 21.341,https://www.transfermarkt.co.uk/real-zaragoza_racing-santander/index/spielbericht/4426876
,,,"Sun, 06/10/24",,,,,Deportivo de La Coruña,Málaga CF,Abanca Riazor,Attendance: 21.346,https://www.transfermarkt.co.uk/deportivo-de-la-coruna_malaga-cf/index/spielbericht/4426868
,,,"Sat, 05/10/24",,,,,CD Tenerife,FC Cartagena,Heliodoro Rodríguez López,Attendance: 13.590,https://www.transfermarkt.co.uk/cd-tenerife_fc-cartagena/index/spielbericht/4426872
,,,"Sat, 05/10/24",,,,,UD Almería,Burgos CF,UD Almería Stadium,Attendance: 10.391,https://www.transfermarkt.co.uk/ud-almeria_burgos-cf/index/spielbericht/4426867
,,,"Sat, 14/09/24",,,,,Racing Santander,Sporting Gijón,El Sardinero,Attendance: 20.846,https://www.transfermarkt.co.uk/racing-santander_sporting-gijon/index/spielbericht/4426509
,,,"Sun, 06/10/24",,,,,Levante UD,Real Oviedo,Ciutat de València,Attendance: 15.406,https://www.transfermarkt.co.uk/levante-ud_real-oviedo/index/spielbericht/4426870
,,,"Sun, 06/10/24",,,,,Albacete Balompié,Córdoba CF,Carlos Belmonte,Attendance: 9.327,https://www.transfermarkt.co.uk/albacete-balompie_cordoba-cf/index/spielbericht/4426866
,,,"Sun, 06/10/24",,,,,CD Eldense,CD Castellón,Nuevo Pepico Amat,Attendance: 5.167,https://www.transfermarkt.co.uk/cd-eldense_cd-castellon/index/spielbericht/4426873
,,,"Sat, 12/10/24",,,,,FC Cartagena,Racing Ferrol,Cartagonova,Attendance: 6.223,https://www.transfermarkt.co.uk/fc-cartagena_racing-ferrol/index/spielbericht/4426835
,,,"Sun, 22/09/24",,,,,CD Castellón,Racing Santander,SkyFi Castalia,Attendance: 12.022,https://www.transfermarkt.co.uk/cd-castellon_racing-santander/index/spielbericht/4426856
,,,"Fri, 11/10/24",,,,,CD Tenerife,Real Zaragoza,Heliodoro Rodríguez López,Attendance: 15.155,https://www.transfermarkt.co.uk/cd-tenerife_real-zaragoza/index/spielbericht/4426837
,,,"Sat, 12/10/24",,,,,SD Eibar,CD Eldense,Ipurua,Attendance: 5.097,https://www.transfermarkt.co.uk/sd-eibar_cd-eldense/index/spielbericht/4426836
,,,"Sun, 13/10/24",,,,,SD Huesca,Albacete Balompié,El Alcoraz,Attendance: 5.722,https://www.transfermarkt.co.uk/sd-huesca_albacete-balompie/index/spielbericht/4426838
,,,"Sat, 12/10/24",,,,,Cádiz CF,Málaga CF,Nuevo Mirandilla,Attendance: 11.407,https://www.transfermarkt.co.uk/cadiz-cf_malaga-cf/index/spielbericht/4426834
,,,"Sun, 13/10/24",,,,,Racing Santander,Levante UD,El Sardinero,Attendance: 20.680,https://www.transfermarkt.co.uk/racing-santander_levante-ud/index/spielbericht/4426843
,,,"Sun, 13/10/24",,,,,Granada CF,Córdoba CF,Nuevo Los Cármenes,Attendance: 18.036,https://www.transfermarkt.co.uk/granada-cf_cordoba-cf/index/spielbericht/4426841
,,,"Sun, 13/10/24",,,,,Burgos CF,CD Mirandés,El Plantío,Attendance: 11.300,https://www.transfermarkt.co.uk/burgos-cf_cd-mirandes/index/spielbericht/4426833
,,,"Sun, 13/10/24",,,,,Real Oviedo,UD Almería,Carlos Tartiere,Attendance: 19.426,https://www.transfermarkt.co.uk/real-oviedo_ud-almeria/index/spielbericht/4426839
,,,"Mon, 14/10/24",,,,,Sporting Gijón,CD Castellón,El Molinón - Enrique Castro 'Quini',Attendance: 19.940,https://www.transfermarkt.co.uk/sporting-gijon_cd-castellon/index/spielbericht/4426840
,,,"Sat, 19/10/24",,,,,Deportivo de La Coruña,CD Eldense,Abanca Riazor,Attendance: 20.000,https://www.transfermarkt.co.uk/deportivo-de-la-coruna_cd-eldense/index/spielbericht/4426847
,,,"Fri, 18/10/24",,,,,Córdoba CF,FC Cartagena,Bahrain Victorious Nuevo Arcángel,Attendance: 15.636,https://www.transfermarkt.co.uk/cordoba-cf_fc-cartagena/index/spielbericht/4426853
,,,"Sun, 13/10/24",,,,,Elche CF,Deportivo de La Coruña,Manuel Martínez Valero,Attendance: 15.810,https://www.transfermarkt.co.uk/elche-cf_deportivo-de-la-coruna/index/spielbericht/4426842
,,,"Sat, 19/10/24",,,,,CD Mirandés,SD Eibar,Anduva,Attendance: 3.770,https://www.transfermarkt.co.uk/cd-mirandes_sd-eibar/index/spielbericht/4426854
,,,"Sat, 19/10/24",,,,,CD Castellón,Levante UD,SkyFi Castalia,Attendance: 12.905,https://www.transfermarkt.co.uk/cd-castellon_levante-ud/index/spielbericht/4426846
,,,"Sat, 19/10/24",,,,,Málaga CF,Real Oviedo,La Rosaleda,Attendance: 26.074,https://www.transfermarkt.co.uk/malaga-cf_real-oviedo/index/spielbericht/4426851
,,,"Sun, 20/10/24",,,,,Cádiz CF,Racing Santander,Nuevo Mirandilla,Attendance: 15.545,https://www.transfermarkt.co.uk/cadiz-cf_racing-santander/index/spielbericht/4426845
,,,"Sun, 20/10/24",,,,,Racing Ferrol,SD Huesca,A Malata,Attendance: 6.732,https://www.transfermarkt.co.uk/racing-ferrol_sd-huesca/index/spielbericht/4426849
,,,"Sat, 19/10/24",,,,,Granada CF,CD Tenerife,Nuevo Los Cármenes,Attendance: 16.582,https://www.transfermarkt.co.uk/granada-cf_cd-tenerife/index/spielbericht/4426850
,,,"Mon, 21/10/24",,,,,Albacete Balompié,Burgos CF,Carlos Belmonte,Attendance: 9.041,https://www.transfermarkt.co.uk/albacete-balompie_burgos-cf/index/spielbericht/4426844
,,,"Sun, 20/10/24",,,,,Real Zaragoza,UD Almería,La Romareda,Attendance: 20.814,https://www.transfermarkt.co.uk/real-zaragoza_ud-almeria/index/spielbericht/4426852
,,,"Tue, 22/10/24",,,,,Real Oviedo,CD Mirandés,Carlos Tartiere,Attendance: 16.275,https://www.transfermarkt.co.uk/real-oviedo_cd-mirandes/index/spielbericht/4426898
,,,"Wed, 23/10/24",,,,,CD Eldense,Real Zaragoza,Nuevo Pepico Amat,Attendance: 4.158,https://www.transfermarkt.co.uk/cd-eldense_real-zaragoza/index/spielbericht/4426891
,,,"Sun, 20/10/24",,,,,Elche CF,Sporting Gijón,Manuel Martínez Valero,Attendance: 17.421,https://www.transfermarkt.co.uk/elche-cf_sporting-gijon/index/spielbericht/4426848
,,,"Wed, 23/10/24",,,,,Racing Santander,Córdoba CF,El Sardinero,Attendance: 16.036,https://www.transfermarkt.co.uk/racing-santander_cordoba-cf/index/spielbericht/4426894
,,,"Thu, 24/10/24",,,,,UD Almería,Albacete Balompié,UD Almería Stadium,Attendance: 10.808,https://www.transfermarkt.co.uk/ud-almeria_albacete-balompie/index/spielbericht/4426892
,,,"Thu, 24/10/24",,,,,Levante UD,Deportivo de La Coruña,Ciutat de València,Attendance: 13.562,https://www.transfermarkt.co.uk/levante-ud_deportivo-de-la-coruna/index/spielbericht/4426895
,,,"Wed, 23/10/24",,,,,FC Cartagena,Elche CF,Cartagonova,Attendance: 5.637,https://www.transfermarkt.co.uk/fc-cartagena_elche-cf/index/spielbericht/4426889
,,,"Thu, 24/10/24",,,,,Sporting Gijón,SD Huesca,El Molinón - Enrique Castro 'Quini',Attendance: 18.690,https://www.transfermarkt.co.uk/sporting-gijon_sd-huesca/index/spielbericht/4426896
,,,"Thu, 24/10/24",,,,,Burgos CF,Racing Ferrol,El Plantío,Attendance: 8.053,https://www.transfermarkt.co.uk/burgos-cf_racing-ferrol/index/spielbericht/4426888
,,,"Wed, 23/10/24",,,,,SD Eibar,Cádiz CF,Ipurua,Attendance: 5.100,https://www.transfermarkt.co.uk/sd-eibar_cadiz-cf/index/spielbericht/4426893
,,,"Thu, 24/10/24",,,,,CD Tenerife,Málaga CF,Heliodoro Rodríguez López,Attendance: 13.237,https://www.transfermarkt.co.uk/cd-tenerife_malaga-cf/index/spielbericht/4426897
,,,"Sat, 26/10/24",,,,,CD Mirandés,FC Cartagena,Anduva,Attendance: 2.700,https://www.transfermarkt.co.uk/cd-mirandes_fc-cartagena/index/spielbericht/4426907
,,,"Sat, 26/10/24",,,,,Córdoba CF,CD Eldense,Bahrain Victorious Nuevo Arcángel,Attendance: 13.453,https://www.transfermarkt.co.uk/cordoba-cf_cd-eldense/index/spielbericht/4426901
,,,"Sun, 27/10/24",,,,,Elche CF,Burgos CF,Manuel Martínez Valero,Attendance: 9.708,https://www.transfermarkt.co.uk/elche-cf_burgos-cf/index/spielbericht/4426906
,,,"Sun, 27/10/24",,,,,Málaga CF,SD Eibar,La Rosaleda,Attendance: 24.008,https://www.transfermarkt.co.uk/malaga-cf_sd-eibar/index/spielbericht/4426909
,,,"Sun, 27/10/24",,,,,Albacete Balompié,Sporting Gijón,Carlos Belmonte,Attendance: 7.305,https://www.transfermarkt.co.uk/albacete-balompie_sporting-gijon/index/spielbericht/4426899
,,,"Sun, 27/10/24",,,,,Deportivo de La Coruña,Racing Santander,Abanca Riazor,Attendance: 22.798,https://www.transfermarkt.co.uk/deportivo-de-la-coruna_racing-santander/index/spielbericht/4426902
,,,"Sat, 26/10/24",,,,,Real Zaragoza,CD Castellón,La Romareda,Attendance: 20.017,https://www.transfermarkt.co.uk/real-zaragoza_cd-castellon/index/spielbericht/4426908
,,,"Sun, 27/10/24",,,,,SD Huesca,UD Almería,El Alcoraz,Attendance: 5.223,https://www.transfermarkt.co.uk/sd-huesca_ud-almeria/index/spielbericht/4426905
,,,"Sun, 27/10/24",,,,,Granada CF,Levante UD,Nuevo Los Cármenes,Attendance: 12.871,https://www.transfermarkt.co.uk/granada-cf_levante-ud/index/spielbericht/4426904
,,,"Mon, 28/10/24",,,,,Racing Ferrol,CD Tenerife,A Malata,Attendance: 6.001,https://www.transfermarkt.co.uk/racing-ferrol_cd-tenerife/index/spielbericht/4426903
,,,"Sat, 02/11/24",,,,,Sporting Gijón,Cádiz CF,El Molinón - Enrique Castro 'Quini',Attendance: 22.250,https://www.transfermarkt.co.uk/sporting-gijon_cadiz-cf/index/spielbericht/4426918
,,,"Sat, 02/11/24",,,,,FC Cartagena,Deportivo de La Coruña,Cartagonova,Attendance: 6.862,https://www.transfermarkt.co.uk/fc-cartagena_deportivo-de-la-coruna/index/spielbericht/4426911
,,,"Sat, 02/11/24",,,,,SD Eibar,Elche CF,Ipurua,Attendance: 4.388,https://www.transfermarkt.co.uk/sd-eibar_elche-cf/index/spielbericht/4426913
,,,"Sat, 02/11/24",,,,,Racing Santander,Albacete Balompié,El Sardinero,Attendance: 20.794,https://www.transfermarkt.co.uk/racing-santander_albacete-balompie/index/spielbericht/4426916
,,,"Sat, 02/11/24",,,,,Real Zaragoza,Granada CF,La Romareda,Attendance: 17.642,https://www.transfermarkt.co.uk/real-zaragoza_granada-cf/index/spielbericht/4426919
,,,"Sun, 03/11/24",,,,,Real Oviedo,Burgos CF,Carlos Tartiere,Attendance: 19.380,https://www.transfermarkt.co.uk/real-oviedo_burgos-cf/index/spielbericht/4426917
,,,"Wed, 20/11/24",,,,,CD Eldense,SD Huesca,Nuevo Pepico Amat,Attendance: 4.259,https://www.transfermarkt.co.uk/cd-eldense_sd-huesca/index/spielbericht/4426914
,,,"Tue, 26/11/24",,,,,UD Almería,Córdoba CF,UD Almería Stadium,Attendance: 10.521,https://www.transfermarkt.co.uk/ud-almeria_cordoba-cf/index/spielbericht/4426910
,,,"Wed, 27/11/24",,,,,CD Castellón,Racing Ferrol,SkyFi Castalia,Attendance: 8.835,https://www.transfermarkt.co.uk/cd-castellon_racing-ferrol/index/spielbericht/4426912
,,,"Fri, 08/11/24",,,,,Elche CF,UD Almería,Manuel Martínez Valero,Attendance: 20.689,https://www.transfermarkt.co.uk/elche-cf_ud-almeria/index/spielbericht/4426931
,,,"Wed, 27/11/24",,,,,Levante UD,Málaga CF,Ciutat de València,Attendance: 12.005,https://www.transfermarkt.co.uk/levante-ud_malaga-cf/index/spielbericht/4426915
,,,"Sat, 05/10/24",,,,,SD Eibar,Sporting Gijón,Ipurua,Attendance: 5.960,https://www.transfermarkt.co.uk/sd-eibar_sporting-gijon/index/spielbericht/4426869
,,,"Sat, 09/11/24",,,,,SD Huesca,Real Zaragoza,El Alcoraz,Attendance: 6.895,https://www.transfermarkt.co.uk/sd-huesca_real-zaragoza/index/spielbericht/4426928
,,,"Sat, 09/11/24",,,,,CD Mirandés,Cádiz CF,Anduva,Attendance: 3.241,https://www.transfermarkt.co.uk/cd-mirandes_cadiz-cf/index/spielbericht/4426933
,,,"Sun, 10/11/24",,,,,Burgos CF,Sporting Gijón,El Plantío,Attendance: 11.100,https://www.transfermarkt.co.uk/burgos-cf_sporting-gijon/index/spielbericht/4426922
,,,"Sun, 03/11/24",,,,,CD Tenerife,CD Mirandés,Heliodoro Rodríguez López,Attendance: 14.897,https://www.transfermarkt.co.uk/cd-tenerife_cd-mirandes/index/spielbericht/4426920
,,,"Sat, 09/11/24",,,,,Granada CF,CD Eldense,Nuevo Los Cármenes,Attendance: 15.878,https://www.transfermarkt.co.uk/granada-cf_cd-eldense/index/spielbericht/4426943
,,,"Sat, 09/11/24",,,,,Málaga CF,FC Cartagena,La Rosaleda,Attendance: 24.101,https://www.transfermarkt.co.uk/malaga-cf_fc-cartagena/index/spielbericht/4426936
,,,"Sun, 10/11/24",,,,,Albacete Balompié,Real Oviedo,Carlos Belmonte,Attendance: 11.327,https://www.transfermarkt.co.uk/albacete-balompie_real-oviedo/index/spielbericht/4426921
,,,"Sun, 10/11/24",,,,,Racing Ferrol,Racing Santander,A Malata,Attendance: 7.018,https://www.transfermarkt.co.uk/racing-ferrol_racing-santander/index/spielbericht/4426925
,,,"Sun, 10/11/24",,,,,Córdoba CF,CD Castellón,Bahrain Victorious Nuevo Arcángel,Attendance: 14.486,https://www.transfermarkt.co.uk/cordoba-cf_cd-castellon/index/spielbericht/4426939
,,,"Tue, 07/01/25",,,,,CD Tenerife,Levante UD,Heliodoro Rodríguez López,Attendance: 11.904,https://www.transfermarkt.co.uk/cd-tenerife_levante-ud/index/spielbericht/4426946
,,,"Tue, 22/10/24",,,,,CD Castellón,Granada CF,SkyFi Castalia,Attendance: 9.431,https://www.transfermarkt.co.uk/cd-castellon_granada-cf/index/spielbericht/4426890
,,,"Sat, 16/11/24",,,,,SD Eibar,Racing Ferrol,Ipurua,Attendance: 4.321,https://www.transfermarkt.co.uk/sd-eibar_racing-ferrol/index/spielbericht/4426937
,,,"Mon, 11/11/24",,,,,Deportivo de La Coruña,SD Eibar,Abanca Riazor,Attendance: 19.980,https://www.transfermarkt.co.uk/deportivo-de-la-coruna_sd-eibar/index/spielbericht/4426923
,,,"Sat, 16/11/24",,,,,CD Castellón,CD Mirandés,SkyFi Castalia,Attendance: 10.987,https://www.transfermarkt.co.uk/cd-castellon_cd-mirandes/index/spielbericht/4426934
,,,"Sat, 16/11/24",,,,,CD Eldense,Albacete Balompié,Nuevo Pepico Amat,Attendance: 5.069,https://www.transfermarkt.co.uk/cd-eldense_albacete-balompie/index/spielbericht/4426942
,,,"Sat, 16/11/24",,,,,Racing Santander,Burgos CF,El Sardinero,Attendance: 21.043,https://www.transfermarkt.co.uk/racing-santander_burgos-cf/index/spielbericht/4426945
,,,"Sun, 17/11/24",,,,,Cádiz CF,Córdoba CF,Nuevo Mirandilla,Attendance: 16.006,https://www.transfermarkt.co.uk/cadiz-cf_cordoba-cf/index/spielbericht/4426927
,,,"Sun, 17/11/24",,,,,FC Cartagena,SD Huesca,Cartagonova,Attendance: 6.020,https://www.transfermarkt.co.uk/fc-cartagena_sd-huesca/index/spielbericht/4426930
,,,"Sat, 16/11/24",,,,,Levante UD,Elche CF,Ciutat de València,Attendance: 19.177,https://www.transfermarkt.co.uk/levante-ud_elche-cf/index/spielbericht/4426948
,,,"Sun, 17/11/24",,,,,Real Oviedo,CD Tenerife,Carlos Tartiere,Attendance: 21.126,https://www.transfermarkt.co.uk/real-oviedo_cd-tenerife/index/spielbericht/4426940
,,,"Sat, 16/11/24",,,,,Sporting Gijón,Granada CF,El Molinón - Enrique Castro 'Quini',Attendance: 22.526,https://www.transfermarkt.co.uk/sporting-gijon_granada-cf/index/spielbericht/4426951
,,,"Sun, 17/11/24",,,,,UD Almería,Deportivo de La Coruña,UD Almería Stadium,Attendance: 12.814,https://www.transfermarkt.co.uk/ud-almeria_deportivo-de-la-coruna/index/spielbericht/4426924
,,,"Sat, 26/10/24",,,,,Cádiz CF,Real Oviedo,Nuevo Mirandilla,Attendance: 13.899,https://www.transfermarkt.co.uk/cadiz-cf_real-oviedo/index/spielbericht/4426900
,,,"Sat, 23/11/24",,,,,Granada CF,Cádiz CF,Nuevo Los Cármenes,Attendance: 17.704,https://www.transfermarkt.co.uk/granada-cf_cadiz-cf/index/spielbericht/4426949
,,,"Sun, 17/11/24",,,,,Real Zaragoza,Málaga CF,La Romareda,Attendance: 18.054,https://www.transfermarkt.co.uk/real-zaragoza_malaga-cf/index/spielbericht/4426952
,,,"Sat, 23/11/24",,,,,FC Cartagena,UD Almería,Cartagonova,Attendance: 6.786,https://www.transfermarkt.co.uk/fc-cartagena_ud-almeria/index/spielbericht/4426947
,,,"Sun, 24/11/24",,,,,Deportivo de La Coruña,Sporting Gijón,Abanca Riazor,Attendance: 25.619,https://www.transfermarkt.co.uk/deportivo-de-la-coruna_sporting-gijon/index/spielbericht/4426935
,,,"Sun, 24/11/24",,,,,Albacete Balompié,CD Tenerife,Carlos Belmonte,Attendance: 9.259,https://www.transfermarkt.co.uk/albacete-balompie_cd-tenerife/index/spielbericht/4426926
,,,"Sat, 23/11/24",,,,,Málaga CF,Racing Santander,La Rosaleda,Attendance: 26.012,https://www.transfermarkt.co.uk/malaga-cf_racing-santander/index/spielbericht/4426944
,,,"Sat, 23/11/24",,,,,Córdoba CF,Real Zaragoza,Bahrain Victorious Nuevo Arcángel,Attendance: 18.189,https://www.transfermarkt.co.uk/cordoba-cf_real-zaragoza/index/spielbericht/4426932
,,,"Sun, 24/11/24",,,,,CD Mirandés,CD Eldense,Anduva,Attendance: 3.372,https://www.transfermarkt.co.uk/cd-mirandes_cd-eldense/index/spielbericht/4426953
,,,"Sat, 23/11/24",,,,,Burgos CF,SD Eibar,El Plantío,Attendance: 9.150,https://www.transfermarkt.co.uk/burgos-cf_sd-eibar/index/spielbericht/4426929
,,,"Sat, 30/11/24",,,,,Real Zaragoza,Albacete Balompié,La Romareda,Attendance: 18.014,https://www.transfermarkt.co.uk/real-zaragoza_albacete-balompie/index/spielbericht/4426518
,,,"Sun, 24/11/24",,,,,SD Huesca,CD Castellón,El Alcoraz,Attendance: 5.337,https://www.transfermarkt.co.uk/sd-huesca_cd-castellon/index/spielbericht/4426950
,,,"Sat, 30/11/24",,,,,Racing Santander,CD Mirandés,El Sardinero,Attendance: 21.022,https://www.transfermarkt.co.uk/racing-santander_cd-mirandes/index/spielbericht/4426524
,,,"Sat, 30/11/24",,,,,Cádiz CF,Deportivo de La Coruña,Nuevo Mirandilla,Attendance: 14.972,https://www.transfermarkt.co.uk/cadiz-cf_deportivo-de-la-coruna/index/spielbericht/4426515
,,,"Fri, 29/11/24",,,,,Real Oviedo,SD Huesca,Carlos Tartiere,Attendance: 17.475,https://www.transfermarkt.co.uk/real-oviedo_sd-huesca/index/spielbericht/4426523
,,,"Sun, 24/11/24",,,,,Elche CF,Real Oviedo,Manuel Martínez Valero,Attendance: 13.998,https://www.transfermarkt.co.uk/elche-cf_real-oviedo/index/spielbericht/4426938
,,,"Sat, 30/11/24",,,,,CD Tenerife,Elche CF,Heliodoro Rodríguez López,Attendance: 12.098,https://www.transfermarkt.co.uk/cd-tenerife_elche-cf/index/spielbericht/4426522
,,,"Sat, 30/11/24",,,,,UD Almería,Granada CF,UD Almería Stadium,Attendance: 13.667,https://www.transfermarkt.co.uk/ud-almeria_granada-cf/index/spielbericht/4426514
,,,"Sun, 01/12/24",,,,,CD Castellón,Málaga CF,SkyFi Castalia,Attendance: 10.175,https://www.transfermarkt.co.uk/cd-castellon_malaga-cf/index/spielbericht/4426516
,,,"Sat, 07/12/24",,,,,Deportivo de La Coruña,Real Zaragoza,Abanca Riazor,Attendance: 24.257,https://www.transfermarkt.co.uk/deportivo-de-la-coruna_real-zaragoza/index/spielbericht/4426804
,,,"Sun, 01/12/24",,,,,Sporting Gijón,Córdoba CF,El Molinón - Enrique Castro 'Quini',Attendance: 18.746,https://www.transfermarkt.co.uk/sporting-gijon_cordoba-cf/index/spielbericht/4426521
,,,"Sun, 01/12/24",,,,,Levante UD,Burgos CF,Ciutat de València,Attendance: 14.265,https://www.transfermarkt.co.uk/levante-ud_burgos-cf/index/spielbericht/4426519
,,,"Fri, 06/12/24",,,,,CD Mirandés,Levante UD,Anduva,Attendance: 3.484,https://www.transfermarkt.co.uk/cd-mirandes_levante-ud/index/spielbericht/4426810
,,,"Sat, 07/12/24",,,,,Elche CF,Cádiz CF,Manuel Martínez Valero,Attendance: 15.019,https://www.transfermarkt.co.uk/elche-cf_cadiz-cf/index/spielbericht/4426808
,,,"Sat, 07/12/24",,,,,SD Huesca,SD Eibar,El Alcoraz,Attendance: 3.660,https://www.transfermarkt.co.uk/sd-huesca_sd-eibar/index/spielbericht/4426809
,,,"Sat, 07/12/24",,,,,Granada CF,Racing Santander,Nuevo Los Cármenes,Attendance: 16.345,https://www.transfermarkt.co.uk/granada-cf_racing-santander/index/spielbericht/4426806
,,,"Mon, 02/12/24",,,,,SD Eibar,FC Cartagena,Ipurua,Attendance: 4.029,https://www.transfermarkt.co.uk/sd-eibar_fc-cartagena/index/spielbericht/4426520
,,,"Sun, 08/12/24",,,,,Málaga CF,UD Almería,La Rosaleda,Attendance: 25.484,https://www.transfermarkt.co.uk/malaga-cf_ud-almeria/index/spielbericht/4426807
,,,"Sun, 08/12/24",,,,,Burgos CF,CD Eldense,El Plantío,Attendance: 7.950,https://www.transfermarkt.co.uk/burgos-cf_cd-eldense/index/spielbericht/4426801
,,,"Sun, 08/12/24",,,,,Córdoba CF,CD Tenerife,Bahrain Victorious Nuevo Arcángel,Attendance: 14.156,https://www.transfermarkt.co.uk/cordoba-cf_cd-tenerife/index/spielbericht/4426803
,,,"Fri, 13/12/24",,,,,UD Almería,CD Mirandés,UD Almería Stadium,Attendance: 11.500,https://www.transfermarkt.co.uk/ud-almeria_cd-mirandes/index/spielbericht/4426525
,,,"Sun, 08/12/24",,,,,Albacete Balompié,CD Castellón,Carlos Belmonte,Attendance: 10.516,https://www.transfermarkt.co.uk/albacete-balompie_cd-castellon/index/spielbericht/4426800
,,,"Sun, 25/08/24",,,,,CD Castellón,Real Oviedo,SkyFi Castalia,Attendance: 13.709,https://www.transfermarkt.co.uk/cd-castellon_real-oviedo/index/spielbericht/4426494
,,,"Sat, 14/12/24",,,,,Levante UD,Córdoba CF,Ciutat de València,Attendance: 13.133,https://www.transfermarkt.co.uk/levante-ud_cordoba-cf/index/spielbericht/4426530
,,,"Sun, 08/12/24",,,,,Racing Ferrol,Real Oviedo,A Malata,Attendance: 6.823,https://www.transfermarkt.co.uk/racing-ferrol_real-oviedo/index/spielbericht/4426805
,,,"Sat, 14/12/24",,,,,CD Castellón,FC Cartagena,SkyFi Castalia,Attendance: 9.863,https://www.transfermarkt.co.uk/cd-castellon_fc-cartagena/index/spielbericht/4426529
,,,"Sat, 14/12/24",,,,,SD Eibar,Real Zaragoza,Ipurua,Attendance: 4.779,https://www.transfermarkt.co.uk/sd-eibar_real-zaragoza/index/spielbericht/4426527
,,,"Mon, 09/12/24",,,,,FC Cartagena,Sporting Gijón,Cartagonova,Attendance: 5.083,https://www.transfermarkt.co.uk/fc-cartagena_sporting-gijon/index/spielbericht/4426802
,,,"Sat, 14/12/24",,,,,Real Oviedo,Granada CF,Carlos Tartiere,Attendance: 17.421,https://www.transfermarkt.co.uk/real-oviedo_granada-cf/index/spielbericht/4426534
,,,"Sat, 14/12/24",,,,,Cádiz CF,Albacete Balompié,Nuevo Mirandilla,Attendance: 12.847,https://www.transfermarkt.co.uk/cadiz-cf_albacete-balompie/index/spielbericht/4426528
,,,"Sat, 14/12/24",,,,,CD Eldense,Elche CF,Nuevo Pepico Amat,Attendance: 3.802,https://www.transfermarkt.co.uk/cd-eldense_elche-cf/index/spielbericht/4426532
,,,"Tue, 17/12/24",,,,,Granada CF,FC Cartagena,Nuevo Los Cármenes,Attendance: 12.536,https://www.transfermarkt.co.uk/granada-cf_fc-cartagena/index/spielbericht/4426543
,,,"Sun, 15/12/24",,,,,Sporting Gijón,Racing Ferrol,El Molinón - Enrique Castro 'Quini',Attendance: 20.079,https://www.transfermarkt.co.uk/sporting-gijon_racing-ferrol/index/spielbericht/4426533
,,,"Wed, 29/01/25",,,,,CD Tenerife,Deportivo de La Coruña,Heliodoro Rodríguez López,Attendance: 11.214,https://www.transfermarkt.co.uk/cd-tenerife_deportivo-de-la-coruna/index/spielbericht/4426531
,,,"Sun, 15/12/24",,,,,Racing Santander,SD Huesca,El Sardinero,Attendance: 17.115,https://www.transfermarkt.co.uk/racing-santander_sd-huesca/index/spielbericht/4426535
,,,"Tue, 17/12/24",,,,,Albacete Balompié,Levante UD,Carlos Belmonte,Attendance: 8.860,https://www.transfermarkt.co.uk/albacete-balompie_levante-ud/index/spielbericht/4426536
,,,"Tue, 17/12/24",,,,,Córdoba CF,SD Eibar,Bahrain Victorious Nuevo Arcángel,Attendance: 15.633,https://www.transfermarkt.co.uk/cordoba-cf_sd-eibar/index/spielbericht/4426537
,,,"Thu, 19/12/24",,,,,Cádiz CF,Burgos CF,Nuevo Mirandilla,Attendance: 13.200,https://www.transfermarkt.co.uk/cadiz-cf_burgos-cf/index/spielbericht/4426542
,,,"Thu, 19/12/24",,,,,Elche CF,Racing Santander,Manuel Martínez Valero,Attendance: 15.292,https://www.transfermarkt.co.uk/elche-cf_racing-santander/index/spielbericht/4426538
,,,"Wed, 18/12/24",,,,,Málaga CF,CD Eldense,La Rosaleda,Attendance: 21.123,https://www.transfermarkt.co.uk/malaga-cf_cd-eldense/index/spielbericht/4426545
,,,"Wed, 18/12/24",,,,,Racing Ferrol,UD Almería,A Malata,Attendance: 5.346,https://www.transfermarkt.co.uk/racing-ferrol_ud-almeria/index/spielbericht/4426541
,,,"Wed, 18/12/24",,,,,CD Mirandés,Sporting Gijón,Anduva,Attendance: 3.291,https://www.transfermarkt.co.uk/cd-mirandes_sporting-gijon/index/spielbericht/4426540
,,,"Fri, 20/12/24",,,,,FC Cartagena,Albacete Balompié,Cartagonova,Attendance: 4.976,https://www.transfermarkt.co.uk/fc-cartagena_albacete-balompie/index/spielbericht/4426552
,,,"Thu, 19/12/24",,,,,Deportivo de La Coruña,CD Castellón,Abanca Riazor,Attendance: 16.890,https://www.transfermarkt.co.uk/deportivo-de-la-coruna_cd-castellon/index/spielbericht/4426544
,,,"Sat, 21/12/24",,,,,Real Oviedo,Córdoba CF,Carlos Tartiere,Attendance: 20.043,https://www.transfermarkt.co.uk/real-oviedo_cordoba-cf/index/spielbericht/4426553
,,,"Sat, 21/12/24",,,,,Real Zaragoza,Racing Ferrol,La Romareda,Attendance: 17.005,https://www.transfermarkt.co.uk/real-zaragoza_racing-ferrol/index/spielbericht/4426555
,,,"Sat, 21/12/24",,,,,SD Eibar,Granada CF,Ipurua,Attendance: 4.140,https://www.transfermarkt.co.uk/sd-eibar_granada-cf/index/spielbericht/4426551
,,,"Sat, 21/12/24",,,,,Sporting Gijón,Málaga CF,El Molinón - Enrique Castro 'Quini',Attendance: 21.146,https://www.transfermarkt.co.uk/sporting-gijon_malaga-cf/index/spielbericht/4426557
,,,"Sun, 22/12/24",,,,,CD Castellón,Elche CF,SkyFi Castalia,Attendance: 11.901,https://www.transfermarkt.co.uk/cd-castellon_elche-cf/index/spielbericht/4426549
,,,"Sun, 22/12/24",,,,,Burgos CF,CD Tenerife,El Plantío,Attendance: 8.501,https://www.transfermarkt.co.uk/burgos-cf_cd-tenerife/index/spielbericht/4426548
,,,"Sun, 22/12/24",,,,,Deportivo de La Coruña,CD Mirandés,Abanca Riazor,Attendance: 23.812,https://www.transfermarkt.co.uk/deportivo-de-la-coruna_cd-mirandes/index/spielbericht/4426550
,,,"Sun, 22/12/24",,,,,Racing Santander,CD Eldense,El Sardinero,Attendance: 17.836,https://www.transfermarkt.co.uk/racing-santander_cd-eldense/index/spielbericht/4426554
,,,"Sun, 22/12/24",,,,,Levante UD,SD Huesca,Ciutat de València,Attendance: 14.738,https://www.transfermarkt.co.uk/levante-ud_sd-huesca/index/spielbericht/4426556
,,,"Fri, 10/01/25",,,,,Granada CF,Burgos CF,Nuevo Los Cármenes,Attendance: 13.758,https://www.transfermarkt.co.uk/granada-cf_burgos-cf/index/spielbericht/4426564
,,,"Sat, 11/01/25",,,,,Albacete Balompié,Racing Santander,Carlos Belmonte,Attendance: 10.261,https://www.transfermarkt.co.uk/albacete-balompie_racing-santander/index/spielbericht/4426558
,,,"Sat, 11/01/25",,,,,SD Huesca,CD Mirandés,El Alcoraz,Attendance: 6.409,https://www.transfermarkt.co.uk/sd-huesca_cd-mirandes/index/spielbericht/4426561
,,,"Sat, 11/01/25",,,,,Racing Ferrol,FC Cartagena,A Malata,Attendance: 6.107,https://www.transfermarkt.co.uk/racing-ferrol_fc-cartagena/index/spielbericht/4426565
,,,"Mon, 02/09/24",,,,,SD Eibar,Levante UD,Ipurua,Attendance: 5.585,https://www.transfermarkt.co.uk/sd-eibar_levante-ud/index/spielbericht/4426826
,,,"Sat, 11/01/25",,,,,Málaga CF,Deportivo de La Coruña,La Rosaleda,Attendance: 27.281,https://www.transfermarkt.co.uk/malaga-cf_deportivo-de-la-coruna/index/spielbericht/4426567
,,,"Sun, 12/01/25",,,,,Córdoba CF,UD Almería,Bahrain Victorious Nuevo Arcángel,Attendance: 17.897,https://www.transfermarkt.co.uk/cordoba-cf_ud-almeria/index/spielbericht/4426563
,,,"Sun, 12/01/25",,,,,Cádiz CF,Levante UD,Nuevo Mirandilla,Attendance: 15.096,https://www.transfermarkt.co.uk/cadiz-cf_levante-ud/index/spielbericht/4426559
,,,"Sun, 12/01/25",,,,,Elche CF,Real Zaragoza,Manuel Martínez Valero,Attendance: 20.081,https://www.transfermarkt.co.uk/elche-cf_real-zaragoza/index/spielbericht/4426560
,,,"Sun, 01/12/24",,,,,CD Eldense,Racing Ferrol,Nuevo Pepico Amat,Attendance: 4.059,https://www.transfermarkt.co.uk/cd-eldense_racing-ferrol/index/spielbericht/4426517
,,,"Sat, 11/01/25",,,,,Real Oviedo,Sporting Gijón,Carlos Tartiere,Attendance: 28.123,https://www.transfermarkt.co.uk/real-oviedo_sporting-gijon/index/spielbericht/4426562
,,,"Fri, 17/01/25",,,,,FC Cartagena,Real Oviedo,Cartagonova,Attendance: 3.690,https://www.transfermarkt.co.uk/fc-cartagena_real-oviedo/index/spielbericht/4426593
,,,"Sat, 18/01/25",,,,,CD Eldense,Cádiz CF,Nuevo Pepico Amat,Attendance: 4.045,https://www.transfermarkt.co.uk/cd-eldense_cadiz-cf/index/spielbericht/4426596
,,,"Sat, 18/01/25",,,,,SD Eibar,Albacete Balompié,Ipurua,Attendance: 5.308,https://www.transfermarkt.co.uk/sd-eibar_albacete-balompie/index/spielbericht/4426595
,,,"Sat, 18/01/25",,,,,Sporting Gijón,Elche CF,El Molinón - Enrique Castro 'Quini',Attendance: 21.372,https://www.transfermarkt.co.uk/sporting-gijon_elche-cf/index/spielbericht/4426597
,,,"Sun, 19/01/25",,,,,Burgos CF,Deportivo de La Coruña,El Plantío,Attendance: 11.050,https://www.transfermarkt.co.uk/burgos-cf_deportivo-de-la-coruna/index/spielbericht/4426592
,,,"Sun, 19/01/25",,,,,CD Castellón,Córdoba CF,SkyFi Castalia,Attendance: 10.689,https://www.transfermarkt.co.uk/cd-castellon_cordoba-cf/index/spielbericht/4426594
,,,"Sun, 19/01/25",,,,,Racing Santander,Racing Ferrol,El Sardinero,Attendance: 19.764,https://www.transfermarkt.co.uk/racing-santander_racing-ferrol/index/spielbericht/4426598
,,,"Sat, 18/01/25",,,,,Levante UD,Granada CF,Ciutat de València,Attendance: 14.377,https://www.transfermarkt.co.uk/levante-ud_granada-cf/index/spielbericht/4426599
,,,"Sun, 19/01/25",,,,,Real Zaragoza,CD Tenerife,La Romareda,Attendance: 18.509,https://www.transfermarkt.co.uk/real-zaragoza_cd-tenerife/index/spielbericht/4426601
,,,"Fri, 24/01/25",,,,,Elche CF,SD Eibar,Manuel Martínez Valero,Attendance: 18.211,https://www.transfermarkt.co.uk/elche-cf_sd-eibar/index/spielbericht/4426578
,,,"Mon, 20/01/25",,,,,CD Mirandés,Málaga CF,Anduva,Attendance: 3.073,https://www.transfermarkt.co.uk/cd-mirandes_malaga-cf/index/spielbericht/4426600
,,,"Sat, 25/01/25",,,,,Córdoba CF,Racing Santander,Bahrain Victorious Nuevo Arcángel,Attendance: 15.594,https://www.transfermarkt.co.uk/cordoba-cf_racing-santander/index/spielbericht/4426571
,,,"Sun, 19/01/25",,,,,UD Almería,SD Huesca,UD Almería Stadium,Attendance: 9.723,https://www.transfermarkt.co.uk/ud-almeria_sd-huesca/index/spielbericht/4426591
,,,"Thu, 19/12/24",,,,,SD Huesca,CD Tenerife,El Alcoraz,Attendance: 4.638,https://www.transfermarkt.co.uk/sd-huesca_cd-tenerife/index/spielbericht/4426539
,,,"Sat, 25/01/25",,,,,Deportivo de La Coruña,Levante UD,Abanca Riazor,Attendance: 22.397,https://www.transfermarkt.co.uk/deportivo-de-la-coruna_levante-ud/index/spielbericht/4426572
,,,"Sat, 25/01/25",,,,,SD Huesca,FC Cartagena,El Alcoraz,Attendance: 5.706,https://www.transfermarkt.co.uk/sd-huesca_fc-cartagena/index/spielbericht/4426576
,,,"Sun, 26/01/25",,,,,Granada CF,Sporting Gijón,Nuevo Los Cármenes,Attendance: 15.450,https://www.transfermarkt.co.uk/granada-cf_sporting-gijon/index/spielbericht/4426573
,,,"Sun, 26/01/25",,,,,Málaga CF,Real Zaragoza,La Rosaleda,Attendance: 26.531,https://www.transfermarkt.co.uk/malaga-cf_real-zaragoza/index/spielbericht/4426574
,,,"Sat, 25/01/25",,,,,CD Tenerife,CD Eldense,Heliodoro Rodríguez López,Attendance: 14.992,https://www.transfermarkt.co.uk/cd-tenerife_cd-eldense/index/spielbericht/4426579
,,,"Sun, 26/01/25",,,,,Albacete Balompié,UD Almería,Carlos Belmonte,Attendance: 10.936,https://www.transfermarkt.co.uk/albacete-balompie_ud-almeria/index/spielbericht/4426569
,,,"Wed, 05/03/25",,,,,Racing Ferrol,Burgos CF,A Malata,Attendance: 4.484,https://www.transfermarkt.co.uk/racing-ferrol_burgos-cf/index/spielbericht/4426575
,,,"Sun, 26/01/25",,,,,Real Oviedo,CD Castellón,Carlos Tartiere,Attendance: 21.122,https://www.transfermarkt.co.uk/real-oviedo_cd-castellon/index/spielbericht/4426577
,,,"Sat, 01/02/25",,,,,CD Mirandés,Elche CF,Anduva,Attendance: 3.486,https://www.transfermarkt.co.uk/cd-mirandes_elche-cf/index/spielbericht/4426665
,,,"Sat, 01/02/25",,,,,UD Almería,Real Oviedo,UD Almería Stadium,Attendance: 12.081,https://www.transfermarkt.co.uk/ud-almeria_real-oviedo/index/spielbericht/4426657
,,,"Tue, 17/12/24",,,,,Real Zaragoza,Real Oviedo,La Romareda,Attendance: 12.813,https://www.transfermarkt.co.uk/real-zaragoza_real-oviedo/index/spielbericht/4426546
,,,"Fri, 31/01/25",,,,,CD Eldense,Granada CF,Nuevo Pepico Amat,Attendance: 4.294,https://www.transfermarkt.co.uk/cd-eldense_granada-cf/index/spielbericht/4426660
,,,"Sat, 01/02/25",,,,,Racing Santander,Málaga CF,El Sardinero,Attendance: 21.872,https://www.transfermarkt.co.uk/racing-santander_malaga-cf/index/spielbericht/4426667
,,,"Sat, 01/02/25",,,,,Sporting Gijón,Burgos CF,El Molinón - Enrique Castro 'Quini',Attendance: 20.308,https://www.transfermarkt.co.uk/sporting-gijon_burgos-cf/index/spielbericht/4426662
,,,"Sun, 02/02/25",,,,,SD Eibar,Deportivo de La Coruña,Ipurua,Attendance: 6.102,https://www.transfermarkt.co.uk/sd-eibar_deportivo-de-la-coruna/index/spielbericht/4426664
,,,"Sun, 02/02/25",,,,,CD Castellón,SD Huesca,SkyFi Castalia,Attendance: 10.429,https://www.transfermarkt.co.uk/cd-castellon_sd-huesca/index/spielbericht/4426659
,,,"Sun, 02/02/25",,,,,Real Zaragoza,Cádiz CF,La Romareda,Attendance: 19.555,https://www.transfermarkt.co.uk/real-zaragoza_cadiz-cf/index/spielbericht/4426663
,,,"Sun, 02/02/25",,,,,FC Cartagena,Córdoba CF,Cartagonova,Attendance: 5.423,https://www.transfermarkt.co.uk/fc-cartagena_cordoba-cf/index/spielbericht/4426658
,,,"Mon, 03/02/25",,,,,Levante UD,Racing Ferrol,Ciutat de València,Attendance: 13.464,https://www.transfermarkt.co.uk/levante-ud_racing-ferrol/index/spielbericht/4426666
,,,"Fri, 07/02/25",,,,,Albacete Balompié,Real Zaragoza,Carlos Belmonte,Attendance: 8.887,https://www.transfermarkt.co.uk/albacete-balompie_real-zaragoza/index/spielbericht/4426646
,,,"Sun, 02/02/25",,,,,CD Tenerife,Albacete Balompié,Heliodoro Rodríguez López,Attendance: 12.005,https://www.transfermarkt.co.uk/cd-tenerife_albacete-balompie/index/spielbericht/4426661
,,,"Sat, 08/02/25",,,,,Racing Ferrol,CD Castellón,A Malata,Attendance: 6.381,https://www.transfermarkt.co.uk/racing-ferrol_cd-castellon/index/spielbericht/4426653
,,,"Sat, 08/02/25",,,,,Málaga CF,Levante UD,La Rosaleda,Attendance: 24.512,https://www.transfermarkt.co.uk/malaga-cf_levante-ud/index/spielbericht/4426656
,,,"Sat, 08/02/25",,,,,Granada CF,CD Mirandés,Nuevo Los Cármenes,Attendance: 15.823,https://www.transfermarkt.co.uk/granada-cf_cd-mirandes/index/spielbericht/4426651
,,,"Mon, 10/02/25",,,,,Real Oviedo,CD Eldense,Carlos Tartiere,Attendance: 17.066,https://www.transfermarkt.co.uk/real-oviedo_cd-eldense/index/spielbericht/4426655
,,,"Sun, 09/02/25",,,,,Elche CF,CD Tenerife,Manuel Martínez Valero,Attendance: 20.366,https://www.transfermarkt.co.uk/elche-cf_cd-tenerife/index/spielbericht/4426650
,,,"Sun, 09/02/25",,,,,Cádiz CF,FC Cartagena,Nuevo Mirandilla,Attendance: 15.612,https://www.transfermarkt.co.uk/cadiz-cf_fc-cartagena/index/spielbericht/4426648
,,,"Sun, 09/02/25",,,,,Deportivo de La Coruña,UD Almería,Abanca Riazor,Attendance: 22.217,https://www.transfermarkt.co.uk/deportivo-de-la-coruna_ud-almeria/index/spielbericht/4426652
,,,"Sun, 09/02/25",,,,,Burgos CF,Racing Santander,El Plantío,Attendance: 10.564,https://www.transfermarkt.co.uk/burgos-cf_racing-santander/index/spielbericht/4426647
,,,"Sun, 09/02/25",,,,,Córdoba CF,SD Huesca,Bahrain Victorious Nuevo Arcángel,Attendance: 16.278,https://www.transfermarkt.co.uk/cordoba-cf_sd-huesca/index/spielbericht/4426649
,,,"Fri, 14/02/25",,,,,CD Mirandés,Racing Ferrol,Anduva,Attendance: 4.006,https://www.transfermarkt.co.uk/cd-mirandes_racing-ferrol/index/spielbericht/4426589
,,,"Sat, 15/02/25",,,,,Racing Santander,Cádiz CF,El Sardinero,Attendance: 21.894,https://www.transfermarkt.co.uk/racing-santander_cadiz-cf/index/spielbericht/4426586
,,,"Sat, 15/02/25",,,,,FC Cartagena,Málaga CF,Cartagonova,Attendance: 4.739,https://www.transfermarkt.co.uk/fc-cartagena_malaga-cf/index/spielbericht/4426581
,,,"Sun, 16/02/25",,,,,CD Eldense,Deportivo de La Coruña,Nuevo Pepico Amat,Attendance: 4.718,https://www.transfermarkt.co.uk/cd-eldense_deportivo-de-la-coruna/index/spielbericht/4426588
,,,"Sun, 16/02/25",,,,,Levante UD,Sporting Gijón,Ciutat de València,Attendance: 16.906,https://www.transfermarkt.co.uk/levante-ud_sporting-gijon/index/spielbericht/4426583
,,,"Sat, 15/02/25",,,,,CD Tenerife,Córdoba CF,Heliodoro Rodríguez López,Attendance: 12.667,https://www.transfermarkt.co.uk/cd-tenerife_cordoba-cf/index/spielbericht/4426587
,,,"Sun, 16/02/25",,,,,SD Huesca,Granada CF,El Alcoraz,Attendance: 7.427,https://www.transfermarkt.co.uk/sd-huesca_granada-cf/index/spielbericht/4426590
,,,"Mon, 17/02/25",,,,,UD Almería,Elche CF,UD Almería Stadium,Attendance: 11.531,https://www.transfermarkt.co.uk/ud-almeria_elche-cf/index/spielbericht/4426580
,,,"Sun, 16/02/25",,,,,Real Zaragoza,Burgos CF,La Romareda,Attendance: 20.507,https://www.transfermarkt.co.uk/real-zaragoza_burgos-cf/index/spielbericht/4426585
,,,"Fri, 21/02/25",,,,,Málaga CF,CD Tenerife,La Rosaleda,Attendance: 24.916,https://www.transfermarkt.co.uk/malaga-cf_cd-tenerife/index/spielbericht/4426631
,,,"Sun, 16/02/25",,,,,Real Oviedo,Albacete Balompié,Carlos Tartiere,Attendance: 16.888,https://www.transfermarkt.co.uk/real-oviedo_albacete-balompie/index/spielbericht/4426584
,,,"Sat, 22/02/25",,,,,Granada CF,Real Zaragoza,Nuevo Los Cármenes,Attendance: 15.266,https://www.transfermarkt.co.uk/granada-cf_real-zaragoza/index/spielbericht/4426629
,,,"Sat, 22/02/25",,,,,SD Eibar,Racing Santander,Ipurua,Attendance: 6.307,https://www.transfermarkt.co.uk/sd-eibar_racing-santander/index/spielbericht/4426628
,,,"Sat, 22/02/25",,,,,Racing Ferrol,Córdoba CF,A Malata,Attendance: 5.252,https://www.transfermarkt.co.uk/racing-ferrol_cordoba-cf/index/spielbericht/4426634
,,,"Sat, 22/02/25",,,,,Sporting Gijón,UD Almería,El Molinón - Enrique Castro 'Quini',Attendance: 20.046,https://www.transfermarkt.co.uk/sporting-gijon_ud-almeria/index/spielbericht/4426632
,,,"Sat, 22/02/25",,,,,Burgos CF,Real Oviedo,El Plantío,Attendance: 11.156,https://www.transfermarkt.co.uk/burgos-cf_real-oviedo/index/spielbericht/4426625
,,,"Sun, 23/02/25",,,,,Elche CF,FC Cartagena,Manuel Martínez Valero,Attendance: 19.514,https://www.transfermarkt.co.uk/elche-cf_fc-cartagena/index/spielbericht/4426633
,,,"Sun, 23/02/25",,,,,Levante UD,CD Mirandés,Ciutat de València,Attendance: 14.857,https://www.transfermarkt.co.uk/levante-ud_cd-mirandes/index/spielbericht/4426630
,,,"Sun, 23/02/25",,,,,Albacete Balompié,CD Eldense,Carlos Belmonte,Attendance: 11.719,https://www.transfermarkt.co.uk/albacete-balompie_cd-eldense/index/spielbericht/4426624
,,,"Sun, 23/02/25",,,,,Deportivo de La Coruña,SD Huesca,Abanca Riazor,Attendance: 20.714,https://www.transfermarkt.co.uk/deportivo-de-la-coruna_sd-huesca/index/spielbericht/4426627
,,,"Sun, 23/02/25",,,,,Cádiz CF,CD Castellón,Nuevo Mirandilla,Attendance: 14.989,https://www.transfermarkt.co.uk/cadiz-cf_cd-castellon/index/spielbericht/4426626
,,,"Sat, 01/03/25",,,,,CD Castellón,Burgos CF,SkyFi Castalia,Attendance: 9.865,https://www.transfermarkt.co.uk/cd-castellon_burgos-cf/index/spielbericht/4426641
,,,"Fri, 28/02/25",,,,,FC Cartagena,SD Eibar,Cartagonova,Attendance: 2.788,https://www.transfermarkt.co.uk/fc-cartagena_sd-eibar/index/spielbericht/4426637
,,,"Sat, 01/03/25",,,,,SD Huesca,Racing Ferrol,El Alcoraz,Attendance: 5.944,https://www.transfermarkt.co.uk/sd-huesca_racing-ferrol/index/spielbericht/4426644
,,,"Sat, 01/03/25",,,,,Real Zaragoza,Sporting Gijón,La Romareda,Attendance: 16.864,https://www.transfermarkt.co.uk/real-zaragoza_sporting-gijon/index/spielbericht/4426645
,,,"Mon, 27/01/25",,,,,Cádiz CF,CD Mirandés,Nuevo Mirandilla,Attendance: 12.023,https://www.transfermarkt.co.uk/cadiz-cf_cd-mirandes/index/spielbericht/4426570
,,,"Sat, 01/03/25",,,,,UD Almería,Málaga CF,UD Almería Stadium,Attendance: 11.202,https://www.transfermarkt.co.uk/ud-almeria_malaga-cf/index/spielbericht/4426636
,,,"Sun, 02/03/25",,,,,Córdoba CF,Granada CF,Bahrain Victorious Nuevo Arcángel,Attendance: 16.879,https://www.transfermarkt.co.uk/cordoba-cf_granada-cf/index/spielbericht/4426638
,,,"Sun, 02/03/25",,,,,Real Oviedo,Deportivo de La Coruña,Carlos Tartiere,Attendance: 25.081,https://www.transfermarkt.co.uk/real-oviedo_deportivo-de-la-coruna/index/spielbericht/4426642
,,,"Sun, 02/03/25",,,,,Racing Santander,Elche CF,El Sardinero,Attendance: 20.134,https://www.transfermarkt.co.uk/racing-santander_elche-cf/index/spielbericht/4426643
,,,"Sun, 02/03/25",,,,,CD Eldense,Levante UD,Nuevo Pepico Amat,Attendance: 5.327,https://www.transfermarkt.co.uk/cd-eldense_levante-ud/index/spielbericht/4426639
,,,"Sun, 02/03/25",,,,,Albacete Balompié,Cádiz CF,Carlos Belmonte,Attendance: 6.923,https://www.transfermarkt.co.uk/albacete-balompie_cadiz-cf/index/spielbericht/4426635
,,,"Mon, 03/03/25",,,,,CD Mirandés,CD Tenerife,Anduva,Attendance: 3.374,https://www.transfermarkt.co.uk/cd-mirandes_cd-tenerife/index/spielbericht/4426640
,,,"Fri, 07/03/25",,,,,SD Eibar,UD Almería,Ipurua,Attendance: 5.194,https://www.transfermarkt.co.uk/sd-eibar_ud-almeria/index/spielbericht/4426615
,,,"Sat, 08/03/25",,,,,CD Mirandés,Real Oviedo,Anduva,Attendance: 4.378,https://www.transfermarkt.co.uk/cd-mirandes_real-oviedo/index/spielbericht/4426613
,,,"Sat, 08/03/25",,,,,Sporting Gijón,Racing Santander,El Molinón - Enrique Castro 'Quini',Attendance: 23.678,https://www.transfermarkt.co.uk/sporting-gijon_racing-santander/index/spielbericht/4426623
,,,"Fri, 07/03/25",,,,,Deportivo de La Coruña,Córdoba CF,Abanca Riazor,Attendance: 20.475,https://www.transfermarkt.co.uk/deportivo-de-la-coruna_cordoba-cf/index/spielbericht/4426619
,,,"Sat, 08/03/25",,,,,Elche CF,CD Castellón,Manuel Martínez Valero,Attendance: 17.001,https://www.transfermarkt.co.uk/elche-cf_cd-castellon/index/spielbericht/4426618
,,,"Sat, 08/03/25",,,,,Real Zaragoza,CD Eldense,La Romareda,Attendance: 10.784,https://www.transfermarkt.co.uk/real-zaragoza_cd-eldense/index/spielbericht/4426620
,,,"Sun, 09/03/25",,,,,Málaga CF,Cádiz CF,La Rosaleda,Attendance: 20.857,https://www.transfermarkt.co.uk/malaga-cf_cadiz-cf/index/spielbericht/4426616
,,,"Sun, 09/03/25",,,,,CD Tenerife,SD Huesca,Heliodoro Rodríguez López,Attendance: 8.184,https://www.transfermarkt.co.uk/cd-tenerife_sd-huesca/index/spielbericht/4426622
,,,"Mon, 10/03/25",,,,,Burgos CF,Albacete Balompié,El Plantío,Attendance: 8.653,https://www.transfermarkt.co.uk/burgos-cf_albacete-balompie/index/spielbericht/4426614
,,,"Sun, 09/03/25",,,,,Levante UD,FC Cartagena,Ciutat de València,Attendance: 14.367,https://www.transfermarkt.co.uk/levante-ud_fc-cartagena/index/spielbericht/4426617
,,,"Sun, 09/03/25",,,,,Granada CF,Racing Ferrol,Nuevo Los Cármenes,Attendance: 6.143,https://www.transfermarkt.co.uk/granada-cf_racing-ferrol/index/spielbericht/4426621
,,,"Fri, 14/03/25",,,,,Real Oviedo,Elche CF,Carlos Tartiere,Attendance: 18.750,https://www.transfermarkt.co.uk/real-oviedo_elche-cf/index/spielbericht/4426612
,,,"Sat, 15/03/25",,,,,Albacete Balompié,Málaga CF,Carlos Belmonte,Attendance: 9.754,https://www.transfermarkt.co.uk/albacete-balompie_malaga-cf/index/spielbericht/4426602
,,,"Sun, 22/09/24",,,,,FC Cartagena,Cádiz CF,Cartagonova,Attendance: 7.771,https://www.transfermarkt.co.uk/fc-cartagena_cadiz-cf/index/spielbericht/4426862
,,,"Sat, 15/02/25",,,,,CD Castellón,SD Eibar,SkyFi Castalia,Attendance: 10.075,https://www.transfermarkt.co.uk/cd-castellon_sd-eibar/index/spielbericht/4426582
,,,"Sun, 16/03/25",,,,,CD Eldense,CD Mirandés,Nuevo Pepico Amat,Attendance: 4.931,https://www.transfermarkt.co.uk/cd-eldense_cd-mirandes/index/spielbericht/4426607
,,,"Sat, 15/03/25",,,,,Racing Ferrol,SD Eibar,A Malata,Attendance: 4.287,https://www.transfermarkt.co.uk/racing-ferrol_sd-eibar/index/spielbericht/4426611
,,,"Sat, 15/03/25",,,,,FC Cartagena,Burgos CF,Cartagonova,Attendance: 2.475,https://www.transfermarkt.co.uk/fc-cartagena_burgos-cf/index/spielbericht/4426610
,,,"Sat, 15/03/25",,,,,Córdoba CF,Sporting Gijón,Bahrain Victorious Nuevo Arcángel,Attendance: 16.319,https://www.transfermarkt.co.uk/cordoba-cf_sporting-gijon/index/spielbericht/4426606
,,,"Sun, 16/03/25",,,,,SD Huesca,Levante UD,El Alcoraz,Attendance: 6.833,https://www.transfermarkt.co.uk/sd-huesca_levante-ud/index/spielbericht/4426608
,,,"Sun, 16/03/25",,,,,Racing Santander,CD Tenerife,El Sardinero,Attendance: 20.324,https://www.transfermarkt.co.uk/racing-santander_cd-tenerife/index/spielbericht/4426609
,,,"Sun, 16/03/25",,,,,Cádiz CF,Granada CF,Nuevo Mirandilla,Attendance: 14.450,https://www.transfermarkt.co.uk/cadiz-cf_granada-cf/index/spielbericht/4426604
,,,"Fri, 21/03/25",,,,,Burgos CF,UD Almería,El Plantío,Attendance: 9.560,https://www.transfermarkt.co.uk/burgos-cf_ud-almeria/index/spielbericht/4426673
,,,"Sat, 22/03/25",,,,,Elche CF,CD Eldense,Manuel Martínez Valero,Attendance: 24.431,https://www.transfermarkt.co.uk/elche-cf_cd-eldense/index/spielbericht/4426669
,,,"Sat, 22/03/25",,,,,CD Mirandés,Racing Santander,Anduva,Attendance: 4.907,https://www.transfermarkt.co.uk/cd-mirandes_racing-santander/index/spielbericht/4426671
,,,"Sat, 22/03/25",,,,,Málaga CF,Racing Ferrol,La Rosaleda,Attendance: 23.862,https://www.transfermarkt.co.uk/malaga-cf_racing-ferrol/index/spielbericht/4426678
,,,"Sat, 22/03/25",,,,,Granada CF,Real Oviedo,Nuevo Los Cármenes,Attendance: 9.969,https://www.transfermarkt.co.uk/granada-cf_real-oviedo/index/spielbericht/4426670
,,,"Sun, 23/03/25",,,,,SD Eibar,SD Huesca,Ipurua,Attendance: 5.811,https://www.transfermarkt.co.uk/sd-eibar_sd-huesca/index/spielbericht/4426668
,,,"Sun, 23/03/25",,,,,Sporting Gijón,Albacete Balompié,El Molinón - Enrique Castro 'Quini',Attendance: 19.792,https://www.transfermarkt.co.uk/sporting-gijon_albacete-balompie/index/spielbericht/4426672
,,,"Sun, 23/03/25",,,,,CD Tenerife,Cádiz CF,Heliodoro Rodríguez López,Attendance: 12.133,https://www.transfermarkt.co.uk/cd-tenerife_cadiz-cf/index/spielbericht/4426674
,,,"Sun, 23/03/25",,,,,Deportivo de La Coruña,FC Cartagena,Abanca Riazor,Attendance: 21.315,https://www.transfermarkt.co.uk/deportivo-de-la-coruna_fc-cartagena/index/spielbericht/4426675
,,,"Fri, 28/03/25",,,,,CD Tenerife,Granada CF,Heliodoro Rodríguez López,Attendance: 11.838,https://www.transfermarkt.co.uk/cd-tenerife_granada-cf/index/spielbericht/4426688
,,,"Mon, 24/03/25",,,,,Real Zaragoza,Córdoba CF,La Romareda,Attendance: 17.637,https://www.transfermarkt.co.uk/real-zaragoza_cordoba-cf/index/spielbericht/4426677
,,,"Sun, 23/03/25",,,,,Levante UD,CD Castellón,Ciutat de València,Attendance: 16.953,https://www.transfermarkt.co.uk/levante-ud_cd-castellon/index/spielbericht/4426676
,,,"Sat, 29/03/25",,,,,CD Eldense,Burgos CF,Nuevo Pepico Amat,Attendance: 4.343,https://www.transfermarkt.co.uk/cd-eldense_burgos-cf/index/spielbericht/4426686
,,,"Sat, 29/03/25",,,,,FC Cartagena,CD Castellón,Cartagonova,Attendance: 2.878,https://www.transfermarkt.co.uk/fc-cartagena_cd-castellon/index/spielbericht/4426682
,,,"Sat, 29/03/25",,,,,Racing Santander,Real Zaragoza,El Sardinero,Attendance: 22.007,https://www.transfermarkt.co.uk/racing-santander_real-zaragoza/index/spielbericht/4426685
,,,"Sat, 29/03/25",,,,,UD Almería,Levante UD,UD Almería Stadium,Attendance: 10.930,https://www.transfermarkt.co.uk/ud-almeria_levante-ud/index/spielbericht/4426680
,,,"Sun, 30/03/25",,,,,Córdoba CF,Elche CF,Bahrain Victorious Nuevo Arcángel,Attendance: 15.627,https://www.transfermarkt.co.uk/cordoba-cf_elche-cf/index/spielbericht/4426683
,,,"Sun, 30/03/25",,,,,Albacete Balompié,CD Mirandés,Carlos Belmonte,Attendance: 11.015,https://www.transfermarkt.co.uk/albacete-balompie_cd-mirandes/index/spielbericht/4426679
,,,"Sun, 30/03/25",,,,,Real Oviedo,Málaga CF,Carlos Tartiere,Attendance: 21.815,https://www.transfermarkt.co.uk/real-oviedo_malaga-cf/index/spielbericht/4426689
,,,"Mon, 31/03/25",,,,,Cádiz CF,SD Eibar,Nuevo Mirandilla,Attendance: 13.817,https://www.transfermarkt.co.uk/cadiz-cf_sd-eibar/index/spielbericht/4426681
,,,"Sun, 30/03/25",,,,,SD Huesca,Sporting Gijón,El Alcoraz,Attendance: 6.718,https://www.transfermarkt.co.uk/sd-huesca_sporting-gijon/index/spielbericht/4426684
,,,"Fri, 04/04/25",,,,,CD Castellón,Albacete Balompié,SkyFi Castalia,Attendance: 10.538,https://www.transfermarkt.co.uk/cd-castellon_albacete-balompie/index/spielbericht/4426696
,,,"Sat, 05/04/25",,,,,Granada CF,UD Almería,Nuevo Los Cármenes,Attendance: 16.598,https://www.transfermarkt.co.uk/granada-cf_ud-almeria/index/spielbericht/4426697
,,,"Sat, 05/04/25",,,,,FC Cartagena,CD Eldense,Cartagonova,Attendance: 2.846,https://www.transfermarkt.co.uk/fc-cartagena_cd-eldense/index/spielbericht/4426691
,,,"Sat, 05/04/25",,,,,Sporting Gijón,CD Tenerife,El Molinón - Enrique Castro 'Quini',Attendance: 19.046,https://www.transfermarkt.co.uk/sporting-gijon_cd-tenerife/index/spielbericht/4426695
,,,"Sun, 06/04/25",,,,,Real Zaragoza,CD Mirandés,La Romareda,Attendance: 20.290,https://www.transfermarkt.co.uk/real-zaragoza_cd-mirandes/index/spielbericht/4426700
,,,"Sun, 06/04/25",,,,,Deportivo de La Coruña,Cádiz CF,Abanca Riazor,Attendance: 19.867,https://www.transfermarkt.co.uk/deportivo-de-la-coruna_cadiz-cf/index/spielbericht/4426698
,,,"Mon, 07/04/25",,,,,Elche CF,Racing Ferrol,Manuel Martínez Valero,Attendance: 20.181,https://www.transfermarkt.co.uk/elche-cf_racing-ferrol/index/spielbericht/4426693
,,,"Sun, 06/04/25",,,,,Málaga CF,Córdoba CF,La Rosaleda,Attendance: 26.310,https://www.transfermarkt.co.uk/malaga-cf_cordoba-cf/index/spielbericht/4426699
,,,"Sun, 06/04/25",,,,,Burgos CF,SD Huesca,El Plantío,Attendance: 10.132,https://www.transfermarkt.co.uk/burgos-cf_sd-huesca/index/spielbericht/4426690
,,,"Fri, 11/04/25",,,,,Córdoba CF,Levante UD,Bahrain Victorious Nuevo Arcángel,Attendance: 15.879,https://www.transfermarkt.co.uk/cordoba-cf_levante-ud/index/spielbericht/4426704
,,,"Sat, 12/04/25",,,,,Real Zaragoza,SD Eibar,La Romareda,Attendance: 21.181,https://www.transfermarkt.co.uk/real-zaragoza_sd-eibar/index/spielbericht/4426710
,,,"Sat, 12/04/25",,,,,Cádiz CF,Elche CF,Nuevo Mirandilla,Attendance: 14.153,https://www.transfermarkt.co.uk/cadiz-cf_elche-cf/index/spielbericht/4426703
,,,"Mon, 17/03/25",,,,,CD Castellón,Deportivo de La Coruña,SkyFi Castalia,Attendance: 9.203,https://www.transfermarkt.co.uk/cd-castellon_deportivo-de-la-coruna/index/spielbericht/4426605
,,,"Sat, 12/04/25",,,,,Real Oviedo,Racing Ferrol,Carlos Tartiere,Attendance: 20.491,https://www.transfermarkt.co.uk/real-oviedo_racing-ferrol/index/spielbericht/4426711
,,,"Sun, 13/04/25",,,,,Albacete Balompié,Granada CF,Carlos Belmonte,Attendance: 10.607,https://www.transfermarkt.co.uk/albacete-balompie_granada-cf/index/spielbericht/4426701
,,,"Sun, 13/04/25",,,,,Racing Santander,CD Castellón,El Sardinero,Attendance: 21.348,https://www.transfermarkt.co.uk/racing-santander_cd-castellon/index/spielbericht/4426708
,,,"Sun, 13/04/25",,,,,UD Almería,FC Cartagena,UD Almería Stadium,Attendance: 8.723,https://www.transfermarkt.co.uk/ud-almeria_fc-cartagena/index/spielbericht/4426702
,,,"Sun, 13/04/25",,,,,CD Eldense,Sporting Gijón,Nuevo Pepico Amat,Attendance: 5.257,https://www.transfermarkt.co.uk/cd-eldense_sporting-gijon/index/spielbericht/4426705
,,,"Mon, 14/04/25",,,,,SD Huesca,Málaga CF,El Alcoraz,Attendance: 6.661,https://www.transfermarkt.co.uk/sd-huesca_malaga-cf/index/spielbericht/4426706
,,,"Sun, 13/04/25",,,,,CD Mirandés,Deportivo de La Coruña,Anduva,Attendance: 4.602,https://www.transfermarkt.co.uk/cd-mirandes_deportivo-de-la-coruna/index/spielbericht/4426709
,,,"Sat, 19/04/25",,,,,SD Huesca,Racing Santander,El Alcoraz,Attendance: 6.953,https://www.transfermarkt.co.uk/sd-huesca_racing-santander/index/spielbericht/4426717
,,,"Sun, 06/04/25",,,,,Levante UD,Racing Santander,Ciutat de València,Attendance: 20.440,https://www.transfermarkt.co.uk/levante-ud_racing-santander/index/spielbericht/4426694
,,,"Sat, 29/03/25",,,,,Racing Ferrol,Deportivo de La Coruña,A Malata,Attendance: 8.778,https://www.transfermarkt.co.uk/racing-ferrol_deportivo-de-la-coruna/index/spielbericht/4426687
,,,"Sun, 20/04/25",,,,,FC Cartagena,Granada CF,Cartagonova,Attendance: 2.650,https://www.transfermarkt.co.uk/fc-cartagena_granada-cf/index/spielbericht/4426713
,,,"Sat, 19/04/25",,,,,Burgos CF,Cádiz CF,El Plantío,Attendance: 9.246,https://www.transfermarkt.co.uk/burgos-cf_cadiz-cf/index/spielbericht/4426712
,,,"Fri, 18/04/25",,,,,CD Castellón,UD Almería,SkyFi Castalia,Attendance: 9.924,https://www.transfermarkt.co.uk/cd-castellon_ud-almeria/index/spielbericht/4426720
,,,"Sun, 20/04/25",,,,,Elche CF,Albacete Balompié,Manuel Martínez Valero,Attendance: 36.436,https://www.transfermarkt.co.uk/elche-cf_albacete-balompie/index/spielbericht/4426719
,,,"Sun, 20/04/25",,,,,Córdoba CF,Real Oviedo,Bahrain Victorious Nuevo Arcángel,Attendance: 17.056,https://www.transfermarkt.co.uk/cordoba-cf_real-oviedo/index/spielbericht/4426714
,,,"Sun, 20/04/25",,,,,Deportivo de La Coruña,CD Tenerife,Abanca Riazor,Attendance: 20.994,https://www.transfermarkt.co.uk/deportivo-de-la-coruna_cd-tenerife/index/spielbericht/4426715
,,,"Sat, 12/04/25",,,,,CD Tenerife,Burgos CF,Heliodoro Rodríguez López,Attendance: 15.891,https://www.transfermarkt.co.uk/cd-tenerife_burgos-cf/index/spielbericht/4426707
,,,"Fri, 25/04/25",,,,,Cádiz CF,Sporting Gijón,Nuevo Mirandilla,Attendance: 13.225,https://www.transfermarkt.co.uk/cadiz-cf_sporting-gijon/index/spielbericht/4426725
,,,"Sat, 26/04/25",,,,,Real Oviedo,Levante UD,Carlos Tartiere,Attendance: 20.840,https://www.transfermarkt.co.uk/real-oviedo_levante-ud/index/spielbericht/4426733
,,,"Mon, 21/04/25",,,,,SD Eibar,Málaga CF,Ipurua,Attendance: 4.396,https://www.transfermarkt.co.uk/sd-eibar_malaga-cf/index/spielbericht/4426716
,,,"Sat, 26/04/25",,,,,CD Eldense,Córdoba CF,Nuevo Pepico Amat,Attendance: 5.029,https://www.transfermarkt.co.uk/cd-eldense_cordoba-cf/index/spielbericht/4426728
,,,"Sat, 26/04/25",,,,,CD Mirandés,Burgos CF,Anduva,Attendance: 4.963,https://www.transfermarkt.co.uk/cd-mirandes_burgos-cf/index/spielbericht/4426726
,,,"Sat, 26/04/25",,,,,Granada CF,Elche CF,Nuevo Los Cármenes,Attendance: 17.535,https://www.transfermarkt.co.uk/granada-cf_elche-cf/index/spielbericht/4426731
,,,"Sat, 05/04/25",,,,,SD Eibar,Real Oviedo,Ipurua,Attendance: 5.888,https://www.transfermarkt.co.uk/sd-eibar_real-oviedo/index/spielbericht/4426692
,,,"Sun, 27/04/25",,,,,Racing Santander,Deportivo de La Coruña,El Sardinero,Attendance: 22.187,https://www.transfermarkt.co.uk/racing-santander_deportivo-de-la-coruna/index/spielbericht/4426729
,,,"Sun, 27/04/25",,,,,Málaga CF,CD Castellón,La Rosaleda,Attendance: 27.000,https://www.transfermarkt.co.uk/malaga-cf_cd-castellon/index/spielbericht/4426727
,,,"Sun, 27/04/25",,,,,CD Tenerife,SD Eibar,Heliodoro Rodríguez López,Attendance: 14.212,https://www.transfermarkt.co.uk/cd-tenerife_sd-eibar/index/spielbericht/4426730
,,,"Sat, 19/04/25",,,,,Levante UD,Real Zaragoza,Ciutat de València,Attendance: 18.506,https://www.transfermarkt.co.uk/levante-ud_real-zaragoza/index/spielbericht/4426718
,,,"Tue, 29/04/25",,,,,UD Almería,Racing Ferrol,UD Almería Stadium,Attendance: 8.067,https://www.transfermarkt.co.uk/ud-almeria_racing-ferrol/index/spielbericht/4426724
,,,"Sun, 27/04/25",,,,,Real Zaragoza,SD Huesca,La Romareda,Attendance: 21.703,https://www.transfermarkt.co.uk/real-zaragoza_sd-huesca/index/spielbericht/4426732
,,,"Sat, 03/05/25",,,,,Málaga CF,Granada CF,La Rosaleda,Attendance: 25.850,https://www.transfermarkt.co.uk/malaga-cf_granada-cf/index/spielbericht/4426744
,,,"Sat, 03/05/25",,,,,SD Eibar,CD Mirandés,Ipurua,Attendance: 5.580,https://www.transfermarkt.co.uk/sd-eibar_cd-mirandes/index/spielbericht/4426738
,,,"Fri, 02/05/25",,,,,Córdoba CF,Cádiz CF,Bahrain Victorious Nuevo Arcángel,Attendance: 16.891,https://www.transfermarkt.co.uk/cordoba-cf_cadiz-cf/index/spielbericht/4426743
,,,"Sat, 03/05/25",,,,,Burgos CF,Elche CF,El Plantío,Attendance: 8.745,https://www.transfermarkt.co.uk/burgos-cf_elche-cf/index/spielbericht/4426735
,,,"Sat, 03/05/25",,,,,SD Huesca,Real Oviedo,El Alcoraz,Attendance: 6.832,https://www.transfermarkt.co.uk/sd-huesca_real-oviedo/index/spielbericht/4426740
,,,"Sat, 19/04/25",,,,,Racing Ferrol,CD Eldense,A Malata,Attendance: 3.041,https://www.transfermarkt.co.uk/racing-ferrol_cd-eldense/index/spielbericht/4426721
,,,"Sun, 04/05/25",,,,,UD Almería,CD Eldense,UD Almería Stadium,Attendance: 9.256,https://www.transfermarkt.co.uk/ud-almeria_cd-eldense/index/spielbericht/4426734
,,,"Sun, 04/05/25",,,,,FC Cartagena,Racing Santander,Cartagonova,Attendance: 2.662,https://www.transfermarkt.co.uk/fc-cartagena_racing-santander/index/spielbericht/4426736
,,,"Sun, 04/05/25",,,,,Racing Ferrol,Real Zaragoza,A Malata,Attendance: 2.837,https://www.transfermarkt.co.uk/racing-ferrol_real-zaragoza/index/spielbericht/4426739
,,,"Sun, 04/05/25",,,,,Levante UD,CD Tenerife,Ciutat de València,Attendance: 16.274,https://www.transfermarkt.co.uk/levante-ud_cd-tenerife/index/spielbericht/4426741
,,,"Mon, 05/05/25",,,,,CD Castellón,Sporting Gijón,SkyFi Castalia,Attendance: 9.426,https://www.transfermarkt.co.uk/cd-castellon_sporting-gijon/index/spielbericht/4426737
,,,"Sat, 10/05/25",,,,,Sporting Gijón,Deportivo de La Coruña,El Molinón - Enrique Castro 'Quini',Attendance: 20.782,https://www.transfermarkt.co.uk/sporting-gijon_deportivo-de-la-coruna/index/spielbericht/4426752
,,,"Sat, 10/05/25",,,,,Burgos CF,Córdoba CF,El Plantío,Attendance: 8.504,https://www.transfermarkt.co.uk/burgos-cf_cordoba-cf/index/spielbericht/4426746
,,,"Sat, 10/05/25",,,,,CD Mirandés,CD Castellón,Anduva,Attendance: 4.156,https://www.transfermarkt.co.uk/cd-mirandes_cd-castellon/index/spielbericht/4426751
,,,"Sat, 10/05/25",,,,,Elche CF,Levante UD,Manuel Martínez Valero,Attendance: 28.039,https://www.transfermarkt.co.uk/elche-cf_levante-ud/index/spielbericht/4426747
,,,"Sat, 10/05/25",,,,,Real Zaragoza,FC Cartagena,La Romareda,Attendance: 18.715,https://www.transfermarkt.co.uk/real-zaragoza_fc-cartagena/index/spielbericht/4426750
,,,"Sun, 04/05/25",,,,,Deportivo de La Coruña,Albacete Balompié,Abanca Riazor,Attendance: 15.340,https://www.transfermarkt.co.uk/deportivo-de-la-coruna_albacete-balompie/index/spielbericht/4426742
,,,"Sun, 11/05/25",,,,,CD Eldense,Málaga CF,Nuevo Pepico Amat,Attendance: 4.338,https://www.transfermarkt.co.uk/cd-eldense_malaga-cf/index/spielbericht/4426748
,,,"Sun, 11/05/25",,,,,Albacete Balompié,SD Huesca,Carlos Belmonte,Attendance: 8.371,https://www.transfermarkt.co.uk/albacete-balompie_sd-huesca/index/spielbericht/4426745
,,,"Sun, 11/05/25",,,,,Racing Santander,Real Oviedo,El Sardinero,Attendance: 22.267,https://www.transfermarkt.co.uk/racing-santander_real-oviedo/index/spielbericht/4426755
,,,"Sun, 11/05/25",,,,,CD Tenerife,Racing Ferrol,Heliodoro Rodríguez López,Attendance: 9.074,https://www.transfermarkt.co.uk/cd-tenerife_racing-ferrol/index/spielbericht/4426754
,,,"Sat, 17/05/25",,,,,Deportivo de La Coruña,Granada CF,Abanca Riazor,Attendance: 19.572,https://www.transfermarkt.co.uk/deportivo-de-la-coruna_granada-cf/index/spielbericht/4426760
,,,"Sat, 17/05/25",,,,,SD Eibar,Burgos CF,Ipurua,Attendance: 4.401,https://www.transfermarkt.co.uk/sd-eibar_burgos-cf/index/spielbericht/4426764
,,,"Sat, 17/05/25",,,,,FC Cartagena,CD Tenerife,Cartagonova,Attendance: 1.700,https://www.transfermarkt.co.uk/fc-cartagena_cd-tenerife/index/spielbericht/4426757
,,,"Fri, 16/05/25",,,,,Levante UD,Albacete Balompié,Ciutat de València,Attendance: 21.177,https://www.transfermarkt.co.uk/levante-ud_albacete-balompie/index/spielbericht/4426763
,,,"Sun, 18/05/25",,,,,Racing Ferrol,Cádiz CF,A Malata,Attendance: 3.067,https://www.transfermarkt.co.uk/racing-ferrol_cadiz-cf/index/spielbericht/4426765
,,,"Sun, 18/05/25",,,,,CD Castellón,CD Eldense,SkyFi Castalia,Attendance: 13.618,https://www.transfermarkt.co.uk/cd-castellon_cd-eldense/index/spielbericht/4426758
,,,"Sat, 26/04/25",,,,,Albacete Balompié,FC Cartagena,Carlos Belmonte,Attendance: 8.753,https://www.transfermarkt.co.uk/albacete-balompie_fc-cartagena/index/spielbericht/4426723
,,,"Sat, 17/05/25",,,,,SD Huesca,Elche CF,El Alcoraz,Attendance: 6.194,https://www.transfermarkt.co.uk/sd-huesca_elche-cf/index/spielbericht/4426766
,,,"Sun, 18/05/25",,,,,Real Oviedo,Real Zaragoza,Carlos Tartiere,Attendance: 23.099,https://www.transfermarkt.co.uk/real-oviedo_real-zaragoza/index/spielbericht/4426762
,,,"Sun, 18/05/25",,,,,UD Almería,Racing Santander,UD Almería Stadium,Attendance: 12.957,https://www.transfermarkt.co.uk/ud-almeria_racing-santander/index/spielbericht/4426756
,,,"Sat, 24/05/25",,,,,Albacete Balompié,Racing Ferrol,Carlos Belmonte,Attendance: 6.972,https://www.transfermarkt.co.uk/albacete-balompie_racing-ferrol/index/spielbericht/4426767
,,,"Mon, 19/05/25",,,,,Córdoba CF,CD Mirandés,Bahrain Victorious Nuevo Arcángel,Attendance: 15.229,https://www.transfermarkt.co.uk/cordoba-cf_cd-mirandes/index/spielbericht/4426759
,,,"Sun, 25/05/25",,,,,Burgos CF,Levante UD,El Plantío,Attendance: 11.023,https://www.transfermarkt.co.uk/burgos-cf_levante-ud/index/spielbericht/4426768
,,,"Sun, 25/05/25",,,,,Cádiz CF,SD Huesca,Nuevo Mirandilla,Attendance: 11.337,https://www.transfermarkt.co.uk/cadiz-cf_sd-huesca/index/spielbericht/4426769
,,,"Sun, 25/05/25",,,,,Elche CF,Málaga CF,Manuel Martínez Valero,Attendance: 25.914,https://www.transfermarkt.co.uk/elche-cf_malaga-cf/index/spielbericht/4426770
,,,"Sun, 25/05/25",,,,,CD Mirandés,UD Almería,Anduva,Attendance: 5.122,https://www.transfermarkt.co.uk/cd-mirandes_ud-almeria/index/spielbericht/4426772
,,,"Sun, 25/05/25",,,,,Sporting Gijón,FC Cartagena,El Molinón - Enrique Castro 'Quini',Attendance: 18.804,https://www.transfermarkt.co.uk/sporting-gijon_fc-cartagena/index/spielbericht/4426773
,,,"Fri, 22/11/24",,,,,Racing Ferrol,Levante UD,A Malata,Attendance: 6.322,https://www.transfermarkt.co.uk/racing-ferrol_levante-ud/index/spielbericht/4426941
,,,"Sat, 17/05/25",,,,,Málaga CF,Sporting Gijón,La Rosaleda,Attendance: 23.754,https://www.transfermarkt.co.uk/malaga-cf_sporting-gijon/index/spielbericht/4426761
,,,"Sun, 25/05/25",,,,,CD Eldense,Racing Santander,Nuevo Pepico Amat,Attendance: 5.616,https://www.transfermarkt.co.uk/cd-eldense_racing-santander/index/spielbericht/4426771
,,,"Sun, 25/05/25",,,,,Granada CF,CD Castellón,Nuevo Los Cármenes,Attendance: 16.512,https://www.transfermarkt.co.uk/granada-cf_cd-castellon/index/spielbericht/4426774
,,,"Fri, 30/05/25",,,,,CD Castellón,Real Zaragoza,SkyFi Castalia,Attendance: 10.938,https://www.transfermarkt.co.uk/cd-castellon_real-zaragoza/index/spielbericht/4426780
,,,"Sun, 25/05/25",,,,,SD Eibar,Córdoba CF,Ipurua,Attendance: 4.467,https://www.transfermarkt.co.uk/sd-eibar_cordoba-cf/index/spielbericht/4426775
,,,"Sun, 25/05/25",,,,,CD Tenerife,Real Oviedo,Heliodoro Rodríguez López,Attendance: 9.775,https://www.transfermarkt.co.uk/cd-tenerife_real-oviedo/index/spielbericht/4426777
,,,"Fri, 09/05/25",,,,,Cádiz CF,UD Almería,Nuevo Mirandilla,Attendance: 13.148,https://www.transfermarkt.co.uk/cadiz-cf_ud-almeria/index/spielbericht/4426749
,,,"Sun, 01/06/25",,,,,FC Cartagena,CD Mirandés,Cartagonova,Attendance: 2.743,https://www.transfermarkt.co.uk/fc-cartagena_cd-mirandes/index/spielbericht/4426779
,,,"Sat, 31/05/25",,,,,Racing Ferrol,Sporting Gijón,A Malata,Attendance: 3.773,https://www.transfermarkt.co.uk/racing-ferrol_sporting-gijon/index/spielbericht/4426782
,,,"Sun, 01/06/25",,,,,SD Huesca,CD Eldense,El Alcoraz,Attendance: 5.010,https://www.transfermarkt.co.uk/sd-huesca_cd-eldense/index/spielbericht/4426787
,,,"Sun, 01/06/25",,,,,Real Oviedo,Cádiz CF,Carlos Tartiere,Attendance: 29.418,https://www.transfermarkt.co.uk/real-oviedo_cadiz-cf/index/spielbericht/4426785
,,,"Sun, 01/06/25",,,,,Deportivo de La Coruña,Elche CF,Abanca Riazor,Attendance: 19.329,https://www.transfermarkt.co.uk/deportivo-de-la-coruna_elche-cf/index/spielbericht/4426781
,,,"Sun, 01/06/25",,,,,Córdoba CF,Albacete Balompié,Bahrain Victorious Nuevo Arcángel,Attendance: 11.586,https://www.transfermarkt.co.uk/cordoba-cf_albacete-balompie/index/spielbericht/4426783
,,,"Sun, 01/06/25",,,,,Racing Santander,Granada CF,El Sardinero,Attendance: 22.298,https://www.transfermarkt.co.uk/racing-santander_granada-cf/index/spielbericht/4426788
,,,"Sun, 01/06/25",,,,,Levante UD,SD Eibar,Ciutat de València,Attendance: 22.624,https://www.transfermarkt.co.uk/levante-ud_sd-eibar/index/spielbericht/4426786
,,,"Sat, 03/08/24",,,,,SCR Altach,WSG Tirol,Schnabelholz,Attendance: 4.355,https://www.transfermarkt.co.uk/scr-altach_wsg-tirol/index/spielbericht/4366632
,,,"Sat, 03/08/24",,,,,TSV Hartberg,LASK,Profertil Arena Hartberg,Attendance: 3.054,https://www.transfermarkt.co.uk/tsv-hartberg_lask/index/spielbericht/4366633
,,,"Fri, 02/08/24",,,,,Grazer AK 1902,Red Bull Salzburg,Merkur Arena,Attendance: 9.107,https://www.transfermarkt.co.uk/grazer-ak-1902_red-bull-salzburg/index/spielbericht/4366631
,,,"Sun, 04/08/24",,,,,Rapid Vienna,SK Sturm Graz,Allianz-Stadion,Attendance: 23.400,https://www.transfermarkt.co.uk/rapid-vienna_sk-sturm-graz/index/spielbericht/4366635
,,,"Sat, 03/08/24",,,,,Wolfsberger AC,SK Austria Klagenfurt,Lavanttal-Arena,Attendance: 5.123,https://www.transfermarkt.co.uk/wolfsberger-ac_sk-austria-klagenfurt/index/spielbericht/4366634
,,,"Sun, 04/08/24",,,,,FC Blau-Weiss Linz,Austria Vienna,Hofmann Personal Stadion,Attendance: 5.595,https://www.transfermarkt.co.uk/fc-blau-weiss-linz_austria-vienna/index/spielbericht/4366636
,,,"Sat, 10/08/24",,,,,LASK,SCR Altach,Raiffeisen Arena,Attendance: 11.470,https://www.transfermarkt.co.uk/lask_scr-altach/index/spielbericht/4375250
,,,"Sat, 10/08/24",,,,,WSG Tirol,Grazer AK 1902,Tivoli Stadion Tirol,Attendance: 2.230,https://www.transfermarkt.co.uk/wsg-tirol_grazer-ak-1902/index/spielbericht/4375251
,,,"Sat, 10/08/24",,,,,Red Bull Salzburg,FC Blau-Weiss Linz,Red Bull Arena Salzburg,Attendance: 10.698,https://www.transfermarkt.co.uk/red-bull-salzburg_fc-blau-weiss-linz/index/spielbericht/4375252
,,,"Sun, 01/06/25",,,,,UD Almería,CD Tenerife,UD Almería Stadium,Attendance: 14.347,https://www.transfermarkt.co.uk/ud-almeria_cd-tenerife/index/spielbericht/4426778
,,,"Sun, 11/08/24",,,,,Austria Vienna,Wolfsberger AC,Generali Arena,Attendance: 10.666,https://www.transfermarkt.co.uk/austria-vienna_wolfsberger-ac/index/spielbericht/4375253
,,,"Sat, 17/08/24",,,,,LASK,Red Bull Salzburg,Raiffeisen Arena,Attendance: 15.700,https://www.transfermarkt.co.uk/lask_red-bull-salzburg/index/spielbericht/4375258
,,,"Sat, 17/08/24",,,,,Grazer AK 1902,FC Blau-Weiss Linz,Merkur Arena,Attendance: 5.575,https://www.transfermarkt.co.uk/grazer-ak-1902_fc-blau-weiss-linz/index/spielbericht/4375256
,,,"Sun, 18/08/24",,,,,Rapid Vienna,WSG Tirol,Allianz-Stadion,Attendance: 15.200,https://www.transfermarkt.co.uk/rapid-vienna_wsg-tirol/index/spielbericht/4375259
,,,"Sun, 15/12/24",,,,,Burgos CF,Málaga CF,El Plantío,Attendance: 8.540,https://www.transfermarkt.co.uk/burgos-cf_malaga-cf/index/spielbericht/4426526
,,,"Sun, 11/08/24",,,,,SK Austria Klagenfurt,Rapid Vienna,Wörtherseestadion,Attendance: 5.919,https://www.transfermarkt.co.uk/sk-austria-klagenfurt_rapid-vienna/index/spielbericht/4375255
,,,"Sun, 11/08/24",,,,,SK Sturm Graz,TSV Hartberg,Merkur Arena,Attendance: 15.423,https://www.transfermarkt.co.uk/sk-sturm-graz_tsv-hartberg/index/spielbericht/4375254
,,,"Sun, 18/08/24",,,,,SCR Altach,Wolfsberger AC,Schnabelholz,Attendance: 4.358,https://www.transfermarkt.co.uk/scr-altach_wolfsberger-ac/index/spielbericht/4375260
,,,"Sun, 25/08/24",,,,,Wolfsberger AC,Grazer AK 1902,Lavanttal-Arena,Attendance: 5.228,https://www.transfermarkt.co.uk/wolfsberger-ac_grazer-ak-1902/index/spielbericht/4375265
,,,"Sun, 25/08/24",,,,,Austria Vienna,LASK,Generali Arena,Attendance: 11.788,https://www.transfermarkt.co.uk/austria-vienna_lask/index/spielbericht/4375266
,,,"Sun, 25/05/25",,,,,Real Zaragoza,Deportivo de La Coruña,La Romareda,Attendance: 24.007,https://www.transfermarkt.co.uk/real-zaragoza_deportivo-de-la-coruna/index/spielbericht/4426776
,,,"Sat, 24/08/24",,,,,WSG Tirol,SK Austria Klagenfurt,Tivoli Stadion Tirol,Attendance: 1.830,https://www.transfermarkt.co.uk/wsg-tirol_sk-austria-klagenfurt/index/spielbericht/4375263
,,,"Sun, 18/08/24",,,,,TSV Hartberg,Austria Vienna,Profertil Arena Hartberg,Attendance: 3.688,https://www.transfermarkt.co.uk/tsv-hartberg_austria-vienna/index/spielbericht/4375261
,,,"Sun, 25/08/24",,,,,FC Blau-Weiss Linz,Rapid Vienna,Hofmann Personal Stadion,Attendance: 5.595,https://www.transfermarkt.co.uk/fc-blau-weiss-linz_rapid-vienna/index/spielbericht/4375267
,,,"Wed, 04/12/24",,,,,Red Bull Salzburg,TSV Hartberg,Red Bull Arena Salzburg,Attendance: 3.394,https://www.transfermarkt.co.uk/red-bull-salzburg_tsv-hartberg/index/spielbericht/4375262
,,,"Sat, 31/08/24",,,,,TSV Hartberg,Grazer AK 1902,Profertil Arena Hartberg,Attendance: 4.294,https://www.transfermarkt.co.uk/tsv-hartberg_grazer-ak-1902/index/spielbericht/4375269
,,,"Sun, 01/09/24",,,,,LASK,Wolfsberger AC,Raiffeisen Arena,Attendance: 10.200,https://www.transfermarkt.co.uk/lask_wolfsberger-ac/index/spielbericht/4375271
,,,"Sun, 01/09/24",,,,,Rapid Vienna,Red Bull Salzburg,Allianz-Stadion,Attendance: 21.500,https://www.transfermarkt.co.uk/rapid-vienna_red-bull-salzburg/index/spielbericht/4375272
,,,"Sat, 31/08/24",,,,,SK Sturm Graz,WSG Tirol,Merkur Arena,Attendance: 12.663,https://www.transfermarkt.co.uk/sk-sturm-graz_wsg-tirol/index/spielbericht/4375270
,,,"Sat, 14/09/24",,,,,Wolfsberger AC,Rapid Vienna,Lavanttal-Arena,Attendance: 3.668,https://www.transfermarkt.co.uk/wolfsberger-ac_rapid-vienna/index/spielbericht/4375275
,,,"Sat, 14/09/24",,,,,FC Blau-Weiss Linz,LASK,Hofmann Personal Stadion,Attendance: 5.950,https://www.transfermarkt.co.uk/fc-blau-weiss-linz_lask/index/spielbericht/4375277
,,,"Sun, 15/09/24",,,,,Grazer AK 1902,SCR Altach,Merkur Arena,Attendance: 4.390,https://www.transfermarkt.co.uk/grazer-ak-1902_scr-altach/index/spielbericht/4375278
,,,"Wed, 25/09/24",,,,,Austria Vienna,SK Sturm Graz,Generali Arena,Attendance: 12.294,https://www.transfermarkt.co.uk/austria-vienna_sk-sturm-graz/index/spielbericht/4375276
,,,"Thu, 26/09/24",,,,,TSV Hartberg,WSG Tirol,Profertil Arena Hartberg,Attendance: 1.860,https://www.transfermarkt.co.uk/tsv-hartberg_wsg-tirol/index/spielbericht/4375279
,,,"Sat, 14/12/24",,,,,Red Bull Salzburg,SK Austria Klagenfurt,Red Bull Arena Salzburg,Attendance: 5.085,https://www.transfermarkt.co.uk/red-bull-salzburg_sk-austria-klagenfurt/index/spielbericht/4375274
,,,"Sat, 21/09/24",,,,,SK Austria Klagenfurt,TSV Hartberg,Wörtherseestadion,Attendance: 2.960,https://www.transfermarkt.co.uk/sk-austria-klagenfurt_tsv-hartberg/index/spielbericht/4375282
,,,"Sun, 22/09/24",,,,,SK Sturm Graz,Wolfsberger AC,Merkur Arena,Attendance: 15.032,https://www.transfermarkt.co.uk/sk-sturm-graz_wolfsberger-ac/index/spielbericht/4375281
,,,"Sat, 21/09/24",,,,,SCR Altach,FC Blau-Weiss Linz,Schnabelholz,Attendance: 4.253,https://www.transfermarkt.co.uk/scr-altach_fc-blau-weiss-linz/index/spielbericht/4375284
,,,"Sat, 17/08/24",,,,,SK Austria Klagenfurt,SK Sturm Graz,Wörtherseestadion,Attendance: 6.540,https://www.transfermarkt.co.uk/sk-austria-klagenfurt_sk-sturm-graz/index/spielbericht/4375257
,,,"Sun, 22/09/24",,,,,WSG Tirol,Red Bull Salzburg,Tivoli Stadion Tirol,Attendance: 3.650,https://www.transfermarkt.co.uk/wsg-tirol_red-bull-salzburg/index/spielbericht/4375285
,,,"Sun, 22/09/24",,,,,Rapid Vienna,Austria Vienna,Allianz-Stadion,Attendance: 26.000,https://www.transfermarkt.co.uk/rapid-vienna_austria-vienna/index/spielbericht/4375283
,,,"Sat, 28/09/24",,,,,Rapid Vienna,LASK,Allianz-Stadion,Attendance: 21.300,https://www.transfermarkt.co.uk/rapid-vienna_lask/index/spielbericht/4375288
,,,"Sat, 28/09/24",,,,,FC Blau-Weiss Linz,SK Sturm Graz,Hofmann Personal Stadion,Attendance: 5.595,https://www.transfermarkt.co.uk/fc-blau-weiss-linz_sk-sturm-graz/index/spielbericht/4375289
,,,"Sun, 29/09/24",,,,,TSV Hartberg,SCR Altach,Profertil Arena Hartberg,Attendance: 2.226,https://www.transfermarkt.co.uk/tsv-hartberg_scr-altach/index/spielbericht/4375291
,,,"Sun, 29/09/24",,,,,Wolfsberger AC,WSG Tirol,Lavanttal-Arena,Attendance: 3.291,https://www.transfermarkt.co.uk/wolfsberger-ac_wsg-tirol/index/spielbericht/4375287
,,,"Sat, 28/09/24",,,,,Red Bull Salzburg,Austria Vienna,Red Bull Arena Salzburg,Attendance: 10.027,https://www.transfermarkt.co.uk/red-bull-salzburg_austria-vienna/index/spielbericht/4375286
,,,"Sun, 01/09/24",,,,,SCR Altach,Austria Vienna,Schnabelholz,Attendance: 5.276,https://www.transfermarkt.co.uk/scr-altach_austria-vienna/index/spielbericht/4375273
,,,"Sun, 29/09/24",,,,,Grazer AK 1902,SK Austria Klagenfurt,Merkur Arena,Attendance: 5.069,https://www.transfermarkt.co.uk/grazer-ak-1902_sk-austria-klagenfurt/index/spielbericht/4375290
,,,"Sat, 05/10/24",,,,,Austria Vienna,Grazer AK 1902,Generali Arena,Attendance: 13.188,https://www.transfermarkt.co.uk/austria-vienna_grazer-ak-1902/index/spielbericht/4375294
,,,"Sun, 06/10/24",,,,,LASK,SK Austria Klagenfurt,Raiffeisen Arena,Attendance: 10.750,https://www.transfermarkt.co.uk/lask_sk-austria-klagenfurt/index/spielbericht/4375292
,,,"Sat, 24/08/24",,,,,SK Sturm Graz,SCR Altach,Merkur Arena,Attendance: 12.875,https://www.transfermarkt.co.uk/sk-sturm-graz_scr-altach/index/spielbericht/4375264
,,,"Sat, 05/10/24",,,,,WSG Tirol,FC Blau-Weiss Linz,Tivoli Stadion Tirol,Attendance: 1.650,https://www.transfermarkt.co.uk/wsg-tirol_fc-blau-weiss-linz/index/spielbericht/4375297
,,,"Sun, 06/10/24",,,,,SK Sturm Graz,Red Bull Salzburg,Merkur Arena,Attendance: 15.071,https://www.transfermarkt.co.uk/sk-sturm-graz_red-bull-salzburg/index/spielbericht/4375295
,,,"Sun, 06/10/24",,,,,SCR Altach,Rapid Vienna,Schnabelholz,Attendance: 6.113,https://www.transfermarkt.co.uk/scr-altach_rapid-vienna/index/spielbericht/4375296
,,,"Sat, 19/10/24",,,,,Red Bull Salzburg,SCR Altach,Red Bull Arena Salzburg,Attendance: 8.615,https://www.transfermarkt.co.uk/red-bull-salzburg_scr-altach/index/spielbericht/4375298
,,,"Sat, 19/10/24",,,,,SK Sturm Graz,Grazer AK 1902,Merkur Arena,Attendance: 15.717,https://www.transfermarkt.co.uk/sk-sturm-graz_grazer-ak-1902/index/spielbericht/4375299
,,,"Sun, 20/10/24",,,,,SK Austria Klagenfurt,Austria Vienna,Wörtherseestadion,Attendance: 3.629,https://www.transfermarkt.co.uk/sk-austria-klagenfurt_austria-vienna/index/spielbericht/4375300
,,,"Sat, 31/08/24",,,,,SK Austria Klagenfurt,FC Blau-Weiss Linz,Wörtherseestadion,Attendance: 2.985,https://www.transfermarkt.co.uk/sk-austria-klagenfurt_fc-blau-weiss-linz/index/spielbericht/4375268
,,,"Sat, 19/10/24",,,,,FC Blau-Weiss Linz,Wolfsberger AC,Hofmann Personal Stadion,Attendance: 5.000,https://www.transfermarkt.co.uk/fc-blau-weiss-linz_wolfsberger-ac/index/spielbericht/4375302
,,,"Sat, 26/10/24",,,,,SCR Altach,SK Austria Klagenfurt,Schnabelholz,Attendance: 4.124,https://www.transfermarkt.co.uk/scr-altach_sk-austria-klagenfurt/index/spielbericht/4375307
,,,"Sun, 20/10/24",,,,,Rapid Vienna,TSV Hartberg,Allianz-Stadion,Attendance: 19.500,https://www.transfermarkt.co.uk/rapid-vienna_tsv-hartberg/index/spielbericht/4375301
,,,"Sun, 22/12/24",,,,,UD Almería,Cádiz CF,UD Almería Stadium,Attendance: 13.548,https://www.transfermarkt.co.uk/ud-almeria_cadiz-cf/index/spielbericht/4426547
,,,"Sun, 27/10/24",,,,,Grazer AK 1902,Rapid Vienna,Merkur Arena,Attendance: 9.069,https://www.transfermarkt.co.uk/grazer-ak-1902_rapid-vienna/index/spielbericht/4375308
,,,"Sat, 26/10/24",,,,,TSV Hartberg,FC Blau-Weiss Linz,Profertil Arena Hartberg,Attendance: 2.964,https://www.transfermarkt.co.uk/tsv-hartberg_fc-blau-weiss-linz/index/spielbericht/4375309
,,,"Sat, 26/10/24",,,,,Austria Vienna,WSG Tirol,Generali Arena,Attendance: 11.356,https://www.transfermarkt.co.uk/austria-vienna_wsg-tirol/index/spielbericht/4375306
,,,"Sat, 02/11/24",,,,,Red Bull Salzburg,Grazer AK 1902,Red Bull Arena Salzburg,Attendance: 9.093,https://www.transfermarkt.co.uk/red-bull-salzburg_grazer-ak-1902/index/spielbericht/4375310
,,,"Sat, 02/11/24",,,,,LASK,TSV Hartberg,Raiffeisen Arena,Attendance: 10.200,https://www.transfermarkt.co.uk/lask_tsv-hartberg/index/spielbericht/4375311
,,,"Sun, 03/11/24",,,,,SK Austria Klagenfurt,Wolfsberger AC,Wörtherseestadion,Attendance: 4.952,https://www.transfermarkt.co.uk/sk-austria-klagenfurt_wolfsberger-ac/index/spielbericht/4375314
,,,"Sat, 02/11/24",,,,,SK Sturm Graz,Rapid Vienna,Merkur Arena,Attendance: 16.364,https://www.transfermarkt.co.uk/sk-sturm-graz_rapid-vienna/index/spielbericht/4375313
,,,"Sat, 05/10/24",,,,,Wolfsberger AC,TSV Hartberg,Lavanttal-Arena,Attendance: 3.041,https://www.transfermarkt.co.uk/wolfsberger-ac_tsv-hartberg/index/spielbericht/4375293
,,,"Sat, 11/01/25",,,,,CD Tenerife,CD Castellón,Heliodoro Rodríguez López,Attendance: 12.876,https://www.transfermarkt.co.uk/cd-tenerife_cd-castellon/index/spielbericht/4426566
,,,"Sun, 03/11/24",,,,,Austria Vienna,FC Blau-Weiss Linz,Generali Arena,Attendance: 14.600,https://www.transfermarkt.co.uk/austria-vienna_fc-blau-weiss-linz/index/spielbericht/4375312
,,,"Sat, 09/11/24",,,,,Grazer AK 1902,WSG Tirol,Merkur Arena,Attendance: 4.510,https://www.transfermarkt.co.uk/grazer-ak-1902_wsg-tirol/index/spielbericht/4375320
,,,"Sat, 09/11/24",,,,,Wolfsberger AC,Austria Vienna,Lavanttal-Arena,Attendance: 3.376,https://www.transfermarkt.co.uk/wolfsberger-ac_austria-vienna/index/spielbericht/4375316
,,,"Sat, 09/11/24",,,,,TSV Hartberg,SK Sturm Graz,Profertil Arena Hartberg,Attendance: 5.024,https://www.transfermarkt.co.uk/tsv-hartberg_sk-sturm-graz/index/spielbericht/4375321
,,,"Sun, 10/11/24",,,,,FC Blau-Weiss Linz,Red Bull Salzburg,Hofmann Personal Stadion,Attendance: 5.000,https://www.transfermarkt.co.uk/fc-blau-weiss-linz_red-bull-salzburg/index/spielbericht/4375318
,,,"Sat, 23/11/24",,,,,Red Bull Salzburg,LASK,Red Bull Arena Salzburg,Attendance: 9.145,https://www.transfermarkt.co.uk/red-bull-salzburg_lask/index/spielbericht/4375322
,,,"Sun, 10/11/24",,,,,SCR Altach,LASK,Schnabelholz,Attendance: 4.893,https://www.transfermarkt.co.uk/scr-altach_lask/index/spielbericht/4375319
,,,"Sun, 10/11/24",,,,,Rapid Vienna,SK Austria Klagenfurt,Allianz-Stadion,Attendance: 15.700,https://www.transfermarkt.co.uk/rapid-vienna_sk-austria-klagenfurt/index/spielbericht/4375317
,,,"Sat, 23/11/24",,,,,SK Sturm Graz,SK Austria Klagenfurt,Merkur Arena,Attendance: 13.517,https://www.transfermarkt.co.uk/sk-sturm-graz_sk-austria-klagenfurt/index/spielbericht/4375325
,,,"Sun, 24/11/24",,,,,Wolfsberger AC,SCR Altach,Lavanttal-Arena,Attendance: 2.932,https://www.transfermarkt.co.uk/wolfsberger-ac_scr-altach/index/spielbericht/4375323
,,,"Sat, 30/11/24",,,,,SCR Altach,SK Sturm Graz,Schnabelholz,Attendance: 4.366,https://www.transfermarkt.co.uk/scr-altach_sk-sturm-graz/index/spielbericht/4375331
,,,"Sun, 24/11/24",,,,,FC Blau-Weiss Linz,Grazer AK 1902,Hofmann Personal Stadion,Attendance: 5.595,https://www.transfermarkt.co.uk/fc-blau-weiss-linz_grazer-ak-1902/index/spielbericht/4375326
,,,"Sun, 24/11/24",,,,,Austria Vienna,TSV Hartberg,Generali Arena,Attendance: 12.748,https://www.transfermarkt.co.uk/austria-vienna_tsv-hartberg/index/spielbericht/4375324
,,,"Sat, 30/11/24",,,,,Grazer AK 1902,Wolfsberger AC,Merkur Arena,Attendance: 5.180,https://www.transfermarkt.co.uk/grazer-ak-1902_wolfsberger-ac/index/spielbericht/4375332
,,,"Sat, 30/11/24",,,,,TSV Hartberg,Red Bull Salzburg,Profertil Arena Hartberg,Attendance: 2.387,https://www.transfermarkt.co.uk/tsv-hartberg_red-bull-salzburg/index/spielbericht/4375333
,,,"Sun, 27/10/24",,,,,LASK,SK Sturm Graz,Raiffeisen Arena,Attendance: 15.400,https://www.transfermarkt.co.uk/lask_sk-sturm-graz/index/spielbericht/4375304
,,,"Mon, 13/01/25",,,,,CD Eldense,SD Eibar,Nuevo Pepico Amat,Attendance: 3.846,https://www.transfermarkt.co.uk/cd-eldense_sd-eibar/index/spielbericht/4426568
,,,"Sun, 01/12/24",,,,,SK Austria Klagenfurt,WSG Tirol,Wörtherseestadion,Attendance: 3.245,https://www.transfermarkt.co.uk/sk-austria-klagenfurt_wsg-tirol/index/spielbericht/4375329
,,,"Sun, 01/12/24",,,,,LASK,Austria Vienna,Raiffeisen Arena,Attendance: 14.500,https://www.transfermarkt.co.uk/lask_austria-vienna/index/spielbericht/4375328
,,,"Sun, 01/12/24",,,,,Rapid Vienna,FC Blau-Weiss Linz,Allianz-Stadion,Attendance: 16.300,https://www.transfermarkt.co.uk/rapid-vienna_fc-blau-weiss-linz/index/spielbericht/4375330
,,,"Sat, 07/12/24",,,,,WSG Tirol,SK Sturm Graz,Tivoli Stadion Tirol,Attendance: 2.250,https://www.transfermarkt.co.uk/wsg-tirol_sk-sturm-graz/index/spielbericht/4375339
,,,"Sat, 07/12/24",,,,,Wolfsberger AC,LASK,Lavanttal-Arena,Attendance: 2.421,https://www.transfermarkt.co.uk/wolfsberger-ac_lask/index/spielbericht/4375335
,,,"Sun, 08/12/24",,,,,Austria Vienna,SCR Altach,Generali Arena,Attendance: 11.953,https://www.transfermarkt.co.uk/austria-vienna_scr-altach/index/spielbericht/4375336
,,,"Fri, 07/02/25",,,,,SK Sturm Graz,Austria Vienna,Merkur Arena,Attendance: 15.177,https://www.transfermarkt.co.uk/sk-sturm-graz_austria-vienna/index/spielbericht/4375341
,,,"Sun, 08/12/24",,,,,Grazer AK 1902,TSV Hartberg,Merkur Arena,Attendance: 4.665,https://www.transfermarkt.co.uk/grazer-ak-1902_tsv-hartberg/index/spielbericht/4375338
,,,"Sun, 08/12/24",,,,,FC Blau-Weiss Linz,SK Austria Klagenfurt,Hofmann Personal Stadion,Attendance: 4.800,https://www.transfermarkt.co.uk/fc-blau-weiss-linz_sk-austria-klagenfurt/index/spielbericht/4375337
,,,"Sun, 03/11/24",,,,,WSG Tirol,SCR Altach,Tivoli Stadion Tirol,Attendance: 2.750,https://www.transfermarkt.co.uk/wsg-tirol_scr-altach/index/spielbericht/4375315
,,,"Sun, 09/02/25",,,,,WSG Tirol,TSV Hartberg,Tivoli Stadion Tirol,Attendance: 1.780,https://www.transfermarkt.co.uk/wsg-tirol_tsv-hartberg/index/spielbericht/4375345
,,,"Sun, 09/02/25",,,,,SK Austria Klagenfurt,Red Bull Salzburg,Wörtherseestadion,Attendance: 4.978,https://www.transfermarkt.co.uk/sk-austria-klagenfurt_red-bull-salzburg/index/spielbericht/4375342
,,,"Sat, 08/02/25",,,,,Rapid Vienna,Wolfsberger AC,Allianz-Stadion,Attendance: 17.916,https://www.transfermarkt.co.uk/rapid-vienna_wolfsberger-ac/index/spielbericht/4375343
,,,"Sun, 09/02/25",,,,,LASK,FC Blau-Weiss Linz,Raiffeisen Arena,Attendance: 19.080,https://www.transfermarkt.co.uk/lask_fc-blau-weiss-linz/index/spielbericht/4375340
,,,"Sat, 15/02/25",,,,,Red Bull Salzburg,WSG Tirol,Red Bull Arena Salzburg,Attendance: 5.545,https://www.transfermarkt.co.uk/red-bull-salzburg_wsg-tirol/index/spielbericht/4375346
,,,"Sat, 08/02/25",,,,,SCR Altach,Grazer AK 1902,Schnabelholz,Attendance: 4.548,https://www.transfermarkt.co.uk/scr-altach_grazer-ak-1902/index/spielbericht/4375344
,,,"Sat, 23/11/24",,,,,WSG Tirol,Rapid Vienna,Tivoli Stadion Tirol,Attendance: 2.450,https://www.transfermarkt.co.uk/wsg-tirol_rapid-vienna/index/spielbericht/4375327
,,,"Sat, 15/02/25",,,,,Wolfsberger AC,SK Sturm Graz,Lavanttal-Arena,Attendance: 5.252,https://www.transfermarkt.co.uk/wolfsberger-ac_sk-sturm-graz/index/spielbericht/4375347
,,,"Sat, 15/02/25",,,,,FC Blau-Weiss Linz,SCR Altach,Hofmann Personal Stadion,Attendance: 4.700,https://www.transfermarkt.co.uk/fc-blau-weiss-linz_scr-altach/index/spielbericht/4375349
,,,"Sun, 16/02/25",,,,,Grazer AK 1902,LASK,Merkur Arena,Attendance: 5.194,https://www.transfermarkt.co.uk/grazer-ak-1902_lask/index/spielbericht/4375350
,,,"Sun, 16/02/25",,,,,TSV Hartberg,SK Austria Klagenfurt,Profertil Arena Hartberg,Attendance: 1.930,https://www.transfermarkt.co.uk/tsv-hartberg_sk-austria-klagenfurt/index/spielbericht/4375351
,,,"Sun, 16/02/25",,,,,Austria Vienna,Rapid Vienna,Generali Arena,Attendance: 15.300,https://www.transfermarkt.co.uk/austria-vienna_rapid-vienna/index/spielbericht/4375348
,,,"Sat, 22/02/25",,,,,WSG Tirol,Wolfsberger AC,Tivoli Stadion Tirol,Attendance: 1.670,https://www.transfermarkt.co.uk/wsg-tirol_wolfsberger-ac/index/spielbericht/4375357
,,,"Sat, 22/02/25",,,,,SK Austria Klagenfurt,Grazer AK 1902,Wörtherseestadion,Attendance: 4.109,https://www.transfermarkt.co.uk/sk-austria-klagenfurt_grazer-ak-1902/index/spielbericht/4375355
,,,"Sun, 23/02/25",,,,,SK Sturm Graz,FC Blau-Weiss Linz,Merkur Arena,Attendance: 13.024,https://www.transfermarkt.co.uk/sk-sturm-graz_fc-blau-weiss-linz/index/spielbericht/4375354
,,,"Sun, 23/02/25",,,,,SCR Altach,TSV Hartberg,Schnabelholz,Attendance: 4.132,https://www.transfermarkt.co.uk/scr-altach_tsv-hartberg/index/spielbericht/4375356
,,,"Sat, 01/03/25",,,,,Grazer AK 1902,Austria Vienna,Merkur Arena,Attendance: 5.700,https://www.transfermarkt.co.uk/grazer-ak-1902_austria-vienna/index/spielbericht/4375362
,,,"Sun, 23/02/25",,,,,LASK,Rapid Vienna,Raiffeisen Arena,Attendance: 14.980,https://www.transfermarkt.co.uk/lask_rapid-vienna/index/spielbericht/4375352
,,,"Sat, 22/02/25",,,,,Austria Vienna,Red Bull Salzburg,Generali Arena,Attendance: 13.648,https://www.transfermarkt.co.uk/austria-vienna_red-bull-salzburg/index/spielbericht/4375353
,,,"Sat, 01/03/25",,,,,Rapid Vienna,SCR Altach,Allianz-Stadion,Attendance: 16.982,https://www.transfermarkt.co.uk/rapid-vienna_scr-altach/index/spielbericht/4375360
,,,"Sun, 02/03/25",,,,,Red Bull Salzburg,SK Sturm Graz,Red Bull Arena Salzburg,Attendance: 11.363,https://www.transfermarkt.co.uk/red-bull-salzburg_sk-sturm-graz/index/spielbericht/4375358
,,,"Sun, 09/03/25",,,,,LASK,WSG Tirol,Raiffeisen Arena,Attendance: 10.900,https://www.transfermarkt.co.uk/lask_wsg-tirol/index/spielbericht/4375364
,,,"Sun, 09/03/25",,,,,Wolfsberger AC,FC Blau-Weiss Linz,Lavanttal-Arena,Attendance: 3.334,https://www.transfermarkt.co.uk/wolfsberger-ac_fc-blau-weiss-linz/index/spielbericht/4375365
,,,"Sun, 02/03/25",,,,,FC Blau-Weiss Linz,WSG Tirol,Hofmann Personal Stadion,Attendance: 5.100,https://www.transfermarkt.co.uk/fc-blau-weiss-linz_wsg-tirol/index/spielbericht/4375361
,,,"Sun, 09/03/25",,,,,Austria Vienna,SK Austria Klagenfurt,Generali Arena,Attendance: 14.379,https://www.transfermarkt.co.uk/austria-vienna_sk-austria-klagenfurt/index/spielbericht/4375366
,,,"Sun, 09/03/25",,,,,Grazer AK 1902,SK Sturm Graz,Merkur Arena,Attendance: 11.300,https://www.transfermarkt.co.uk/grazer-ak-1902_sk-sturm-graz/index/spielbericht/4375368
,,,"Sun, 09/03/25",,,,,SCR Altach,Red Bull Salzburg,Schnabelholz,Attendance: 4.865,https://www.transfermarkt.co.uk/scr-altach_red-bull-salzburg/index/spielbericht/4375367
,,,"Sun, 16/03/25",,,,,SK Sturm Graz,LASK,Merkur Arena,Attendance: 15.017,https://www.transfermarkt.co.uk/sk-sturm-graz_lask/index/spielbericht/4375371
,,,"Sun, 09/03/25",,,,,TSV Hartberg,Rapid Vienna,Profertil Arena Hartberg,Attendance: 4.480,https://www.transfermarkt.co.uk/tsv-hartberg_rapid-vienna/index/spielbericht/4375369
,,,"Sun, 16/03/25",,,,,Red Bull Salzburg,Wolfsberger AC,Red Bull Arena Salzburg,Attendance: 7.513,https://www.transfermarkt.co.uk/red-bull-salzburg_wolfsberger-ac/index/spielbericht/4375370
,,,"Sun, 16/03/25",,,,,SK Austria Klagenfurt,SCR Altach,Wörtherseestadion,Attendance: 2.429,https://www.transfermarkt.co.uk/sk-austria-klagenfurt_scr-altach/index/spielbericht/4375372
,,,"Sun, 16/03/25",,,,,Rapid Vienna,Grazer AK 1902,Allianz-Stadion,Attendance: 21.681,https://www.transfermarkt.co.uk/rapid-vienna_grazer-ak-1902/index/spielbericht/4375373
,,,"Sat, 07/12/24",,,,,Red Bull Salzburg,Rapid Vienna,Red Bull Arena Salzburg,Attendance: 10.356,https://www.transfermarkt.co.uk/red-bull-salzburg_rapid-vienna/index/spielbericht/4375334
,,,"Sun, 16/03/25",,,,,WSG Tirol,Austria Vienna,Tivoli Stadion Tirol,Attendance: 2.650,https://www.transfermarkt.co.uk/wsg-tirol_austria-vienna/index/spielbericht/4375375
,,,"Fri, 28/03/25",,,,,SCR Altach,LASK,Schnabelholz,Attendance: 4.257,https://www.transfermarkt.co.uk/scr-altach_lask/index/spielbericht/4578313
,,,"Sun, 16/03/25",,,,,FC Blau-Weiss Linz,TSV Hartberg,Hofmann Personal Stadion,Attendance: 5.000,https://www.transfermarkt.co.uk/fc-blau-weiss-linz_tsv-hartberg/index/spielbericht/4375374
,,,"Sun, 30/03/25",,,,,FC Blau-Weiss Linz,Austria Vienna,Hofmann Personal Stadion,Attendance: 5.595,https://www.transfermarkt.co.uk/fc-blau-weiss-linz_austria-vienna/index/spielbericht/4578317
,,,"Sat, 29/03/25",,,,,TSV Hartberg,SK Austria Klagenfurt,Profertil Arena Hartberg,Attendance: 1.732,https://www.transfermarkt.co.uk/tsv-hartberg_sk-austria-klagenfurt/index/spielbericht/4578315
,,,"Sun, 30/03/25",,,,,Rapid Vienna,Red Bull Salzburg,Allianz-Stadion,Attendance: 11.680,https://www.transfermarkt.co.uk/rapid-vienna_red-bull-salzburg/index/spielbericht/4578318
,,,"Fri, 04/04/25",,,,,SK Sturm Graz,Rapid Vienna,Merkur Arena,Attendance: 15.746,https://www.transfermarkt.co.uk/sk-sturm-graz_rapid-vienna/index/spielbericht/4578319
,,,"Sat, 29/03/25",,,,,Grazer AK 1902,WSG Tirol,Merkur Arena,Attendance: 4.203,https://www.transfermarkt.co.uk/grazer-ak-1902_wsg-tirol/index/spielbericht/4578314
,,,"Sat, 05/04/25",,,,,SK Austria Klagenfurt,SCR Altach,Wörtherseestadion,Attendance: 1.500,https://www.transfermarkt.co.uk/sk-austria-klagenfurt_scr-altach/index/spielbericht/4578321
,,,"Sun, 30/03/25",,,,,Wolfsberger AC,SK Sturm Graz,Lavanttal-Arena,Attendance: 6.066,https://www.transfermarkt.co.uk/wolfsberger-ac_sk-sturm-graz/index/spielbericht/4578316
,,,"Sun, 06/04/25",,,,,Red Bull Salzburg,FC Blau-Weiss Linz,Red Bull Arena Salzburg,Attendance: 9.012,https://www.transfermarkt.co.uk/red-bull-salzburg_fc-blau-weiss-linz/index/spielbericht/4578323
,,,"Sun, 06/04/25",,,,,Austria Vienna,Wolfsberger AC,Generali Arena,Attendance: 11.573,https://www.transfermarkt.co.uk/austria-vienna_wolfsberger-ac/index/spielbericht/4578324
,,,"Sat, 05/04/25",,,,,WSG Tirol,TSV Hartberg,Tivoli Stadion Tirol,Attendance: 850,https://www.transfermarkt.co.uk/wsg-tirol_tsv-hartberg/index/spielbericht/4578322
,,,"Fri, 11/04/25",,,,,FC Blau-Weiss Linz,Wolfsberger AC,Hofmann Personal Stadion,Attendance: 4.900,https://www.transfermarkt.co.uk/fc-blau-weiss-linz_wolfsberger-ac/index/spielbericht/4578325
,,,"Sat, 01/03/25",,,,,TSV Hartberg,Wolfsberger AC,Profertil Arena Hartberg,Attendance: 2.890,https://www.transfermarkt.co.uk/tsv-hartberg_wolfsberger-ac/index/spielbericht/4375363
,,,"Sat, 12/04/25",,,,,TSV Hartberg,LASK,Profertil Arena Hartberg,Attendance: 3.356,https://www.transfermarkt.co.uk/tsv-hartberg_lask/index/spielbericht/4578327
,,,"Sat, 12/04/25",,,,,Grazer AK 1902,SCR Altach,Merkur Arena,Attendance: 5.213,https://www.transfermarkt.co.uk/grazer-ak-1902_scr-altach/index/spielbericht/4578326
,,,"Sun, 13/04/25",,,,,Red Bull Salzburg,SK Sturm Graz,Red Bull Arena Salzburg,Attendance: 16.698,https://www.transfermarkt.co.uk/red-bull-salzburg_sk-sturm-graz/index/spielbericht/4578329
,,,"Sat, 08/02/25",,,,,Sporting Gijón,SD Eibar,El Molinón - Enrique Castro 'Quini',Attendance: 21.558,https://www.transfermarkt.co.uk/sporting-gijon_sd-eibar/index/spielbericht/4426654
,,,"Sun, 13/04/25",,,,,Rapid Vienna,Austria Vienna,Allianz-Stadion,Attendance: 22.669,https://www.transfermarkt.co.uk/rapid-vienna_austria-vienna/index/spielbericht/4578330
,,,"Fri, 18/04/25",,,,,LASK,WSG Tirol,Raiffeisen Arena,Attendance: 9.100,https://www.transfermarkt.co.uk/lask_wsg-tirol/index/spielbericht/4578331
,,,"Sat, 19/04/25",,,,,SK Austria Klagenfurt,Grazer AK 1902,Wörtherseestadion,Attendance: 3.280,https://www.transfermarkt.co.uk/sk-austria-klagenfurt_grazer-ak-1902/index/spielbericht/4578333
,,,"Sat, 19/04/25",,,,,SCR Altach,TSV Hartberg,Schnabelholz,Attendance: 4.625,https://www.transfermarkt.co.uk/scr-altach_tsv-hartberg/index/spielbericht/4578332
,,,"Sun, 20/04/25",,,,,Austria Vienna,Red Bull Salzburg,Generali Arena,Attendance: 13.245,https://www.transfermarkt.co.uk/austria-vienna_red-bull-salzburg/index/spielbericht/4578336
,,,"Tue, 22/04/25",,,,,Grazer AK 1902,TSV Hartberg,Merkur Arena,Attendance: 5.174,https://www.transfermarkt.co.uk/grazer-ak-1902_tsv-hartberg/index/spielbericht/4578338
,,,"Sat, 05/04/25",,,,,LASK,Grazer AK 1902,Raiffeisen Arena,Attendance: 8.800,https://www.transfermarkt.co.uk/lask_grazer-ak-1902/index/spielbericht/4578320
,,,"Tue, 22/04/25",,,,,WSG Tirol,SCR Altach,Tivoli Stadion Tirol,Attendance: 1.450,https://www.transfermarkt.co.uk/wsg-tirol_scr-altach/index/spielbericht/4578337
,,,"Sun, 20/04/25",,,,,Wolfsberger AC,Rapid Vienna,Lavanttal-Arena,Attendance: 5.418,https://www.transfermarkt.co.uk/wolfsberger-ac_rapid-vienna/index/spielbericht/4578334
,,,"Tue, 22/04/25",,,,,SK Austria Klagenfurt,LASK,Wörtherseestadion,Attendance: 2.389,https://www.transfermarkt.co.uk/sk-austria-klagenfurt_lask/index/spielbericht/4578339
,,,"Wed, 23/04/25",,,,,Red Bull Salzburg,Wolfsberger AC,Red Bull Arena Salzburg,Attendance: 6.889,https://www.transfermarkt.co.uk/red-bull-salzburg_wolfsberger-ac/index/spielbericht/4578340
,,,"Sun, 02/03/25",,,,,SK Austria Klagenfurt,LASK,Wörtherseestadion,Attendance: 3.235,https://www.transfermarkt.co.uk/sk-austria-klagenfurt_lask/index/spielbericht/4375359
,,,"Fri, 25/04/25",,,,,TSV Hartberg,Grazer AK 1902,Profertil Arena Hartberg,Attendance: 3.376,https://www.transfermarkt.co.uk/tsv-hartberg_grazer-ak-1902/index/spielbericht/4578343
,,,"Sat, 26/04/25",,,,,LASK,SK Austria Klagenfurt,Raiffeisen Arena,Attendance: 9.600,https://www.transfermarkt.co.uk/lask_sk-austria-klagenfurt/index/spielbericht/4578344
,,,"Wed, 23/04/25",,,,,Austria Vienna,SK Sturm Graz,Generali Arena,Attendance: 14.457,https://www.transfermarkt.co.uk/austria-vienna_sk-sturm-graz/index/spielbericht/4578342
,,,"Sun, 27/04/25",,,,,Wolfsberger AC,Red Bull Salzburg,Lavanttal-Arena,Attendance: 5.148,https://www.transfermarkt.co.uk/wolfsberger-ac_red-bull-salzburg/index/spielbericht/4578346
,,,"Wed, 23/04/25",,,,,FC Blau-Weiss Linz,Rapid Vienna,Hofmann Personal Stadion,Attendance: 5.595,https://www.transfermarkt.co.uk/fc-blau-weiss-linz_rapid-vienna/index/spielbericht/4578341
,,,"Sun, 27/04/25",,,,,SK Sturm Graz,Austria Vienna,Merkur Arena,Attendance: 15.427,https://www.transfermarkt.co.uk/sk-sturm-graz_austria-vienna/index/spielbericht/4578348
,,,"Sat, 26/04/25",,,,,SCR Altach,WSG Tirol,Schnabelholz,Attendance: 4.167,https://www.transfermarkt.co.uk/scr-altach_wsg-tirol/index/spielbericht/4578345
,,,"Sun, 27/04/25",,,,,Rapid Vienna,FC Blau-Weiss Linz,Allianz-Stadion,Attendance: 19.339,https://www.transfermarkt.co.uk/rapid-vienna_fc-blau-weiss-linz/index/spielbericht/4578347
,,,"Fri, 02/05/25",,,,,Grazer AK 1902,SK Austria Klagenfurt,Merkur Arena,Attendance: 6.346,https://www.transfermarkt.co.uk/grazer-ak-1902_sk-austria-klagenfurt/index/spielbericht/4578357
,,,"Sun, 04/05/25",,,,,FC Blau-Weiss Linz,SK Sturm Graz,Hofmann Personal Stadion,Attendance: 5.995,https://www.transfermarkt.co.uk/fc-blau-weiss-linz_sk-sturm-graz/index/spielbericht/4578360
,,,"Sun, 04/05/25",,,,,TSV Hartberg,SCR Altach,Profertil Arena Hartberg,Attendance: 2.963,https://www.transfermarkt.co.uk/tsv-hartberg_scr-altach/index/spielbericht/4578358
,,,"Sun, 04/05/25",,,,,Rapid Vienna,Wolfsberger AC,Allianz-Stadion,Attendance: 17.990,https://www.transfermarkt.co.uk/rapid-vienna_wolfsberger-ac/index/spielbericht/4578361
,,,"Sun, 04/05/25",,,,,Red Bull Salzburg,Austria Vienna,Red Bull Arena Salzburg,Attendance: 11.851,https://www.transfermarkt.co.uk/red-bull-salzburg_austria-vienna/index/spielbericht/4578362
,,,"Sat, 03/05/25",,,,,WSG Tirol,LASK,Tivoli Stadion Tirol,Attendance: 2.000,https://www.transfermarkt.co.uk/wsg-tirol_lask/index/spielbericht/4578359
,,,"Fri, 09/05/25",,,,,SK Sturm Graz,Red Bull Salzburg,Merkur Arena,Attendance: 15.934,https://www.transfermarkt.co.uk/sk-sturm-graz_red-bull-salzburg/index/spielbericht/4578363
,,,"Sat, 10/05/25",,,,,SCR Altach,Grazer AK 1902,Schnabelholz,Attendance: 8.500,https://www.transfermarkt.co.uk/scr-altach_grazer-ak-1902/index/spielbericht/4578364
,,,"Sat, 10/05/25",,,,,LASK,TSV Hartberg,Raiffeisen Arena,Attendance: 10.300,https://www.transfermarkt.co.uk/lask_tsv-hartberg/index/spielbericht/4578365
,,,"Sun, 11/05/25",,,,,Wolfsberger AC,FC Blau-Weiss Linz,Lavanttal-Arena,Attendance: 4.755,https://www.transfermarkt.co.uk/wolfsberger-ac_fc-blau-weiss-linz/index/spielbericht/4578367
,,,"Sun, 20/04/25",,,,,SK Sturm Graz,FC Blau-Weiss Linz,Merkur Arena,Attendance: 15.125,https://www.transfermarkt.co.uk/sk-sturm-graz_fc-blau-weiss-linz/index/spielbericht/4578335
,,,"Sat, 10/05/25",,,,,SK Austria Klagenfurt,WSG Tirol,Wörtherseestadion,Attendance: 5.956,https://www.transfermarkt.co.uk/sk-austria-klagenfurt_wsg-tirol/index/spielbericht/4578366
,,,"Sun, 11/05/25",,,,,Austria Vienna,Rapid Vienna,Generali Arena,Attendance: 14.622,https://www.transfermarkt.co.uk/austria-vienna_rapid-vienna/index/spielbericht/4578368
,,,"Sat, 17/05/25",,,,,SCR Altach,SK Austria Klagenfurt,Schnabelholz,Attendance: 7.926,https://www.transfermarkt.co.uk/scr-altach_sk-austria-klagenfurt/index/spielbericht/4578369
,,,"Sat, 12/04/25",,,,,WSG Tirol,SK Austria Klagenfurt,Tivoli Stadion Tirol,Attendance: 850,https://www.transfermarkt.co.uk/wsg-tirol_sk-austria-klagenfurt/index/spielbericht/4578328
,,,"Sat, 17/05/25",,,,,Grazer AK 1902,LASK,Merkur Arena,Attendance: 8.154,https://www.transfermarkt.co.uk/grazer-ak-1902_lask/index/spielbericht/4578370
,,,"Sun, 18/05/25",,,,,Rapid Vienna,SK Sturm Graz,Allianz-Stadion,Attendance: 26.000,https://www.transfermarkt.co.uk/rapid-vienna_sk-sturm-graz/index/spielbericht/4578373
,,,"Sun, 18/05/25",,,,,Wolfsberger AC,Austria Vienna,Lavanttal-Arena,Attendance: 7.775,https://www.transfermarkt.co.uk/wolfsberger-ac_austria-vienna/index/spielbericht/4578372
,,,"Sun, 18/05/25",,,,,FC Blau-Weiss Linz,Red Bull Salzburg,Hofmann Personal Stadion,Attendance: 5.595,https://www.transfermarkt.co.uk/fc-blau-weiss-linz_red-bull-salzburg/index/spielbericht/4578374
,,,"Sat, 17/05/25",,,,,TSV Hartberg,WSG Tirol,Profertil Arena Hartberg,Attendance: 2.332,https://www.transfermarkt.co.uk/tsv-hartberg_wsg-tirol/index/spielbericht/4578371
,,,"Fri, 23/05/25",,,,,SK Austria Klagenfurt,TSV Hartberg,Wörtherseestadion,Attendance: 4.367,https://www.transfermarkt.co.uk/sk-austria-klagenfurt_tsv-hartberg/index/spielbericht/4578378
,,,"Fri, 23/05/25",,,,,LASK,SCR Altach,Raiffeisen Arena,Attendance: 8.900,https://www.transfermarkt.co.uk/lask_scr-altach/index/spielbericht/4578377
,,,"Fri, 23/05/25",,,,,WSG Tirol,Grazer AK 1902,Tivoli Stadion Tirol,Attendance: 2.150,https://www.transfermarkt.co.uk/wsg-tirol_grazer-ak-1902/index/spielbericht/4578379
,,,"Sat, 24/05/25",,,,,Austria Vienna,FC Blau-Weiss Linz,Generali Arena,Attendance: 14.780,https://www.transfermarkt.co.uk/austria-vienna_fc-blau-weiss-linz/index/spielbericht/4578381
,,,"Sat, 24/05/25",,,,,Red Bull Salzburg,Rapid Vienna,Red Bull Arena Salzburg,Attendance: 13.052,https://www.transfermarkt.co.uk/red-bull-salzburg_rapid-vienna/index/spielbericht/4578380
,,,"Sat, 24/05/25",,,,,SK Sturm Graz,Wolfsberger AC,Merkur Arena,Attendance: 15.919,https://www.transfermarkt.co.uk/sk-sturm-graz_wolfsberger-ac/index/spielbericht/4578382
,,,"Sat, 29/03/25",,,,,Grêmio Foot-Ball Porto Alegrense,Clube Atlético Mineiro,Arena do Grêmio,Attendance: 20.111,https://www.transfermarkt.co.uk/gremio-foot-ball-porto-alegrense_clube-atletico-mineiro/index/spielbericht/4582066
,,,"Sat, 29/03/25",,,,,São Paulo Futebol Clube,Sport Club do Recife,MorumBIS,Attendance: 37.856,https://www.transfermarkt.co.uk/sao-paulo-futebol-clube_sport-club-do-recife/index/spielbericht/4582063
,,,"Sun, 30/03/25",,,,,CR Flamengo,Sport Club Internacional,Estádio Jornalista Mário Filho,Attendance: 48.452,https://www.transfermarkt.co.uk/cr-flamengo_sport-club-internacional/index/spielbericht/4582060
,,,"Sun, 30/03/25",,,,,Clube de Regatas Vasco da Gama,Santos FC,Estádio São Januário,Attendance: 19.550,https://www.transfermarkt.co.uk/clube-de-regatas-vasco-da-gama_santos-fc/index/spielbericht/4582061
,,,"Sun, 30/03/25",,,,,Sociedade Esportiva Palmeiras,Botafogo de Futebol e Regatas,Allianz Parque,Attendance: 30.347,https://www.transfermarkt.co.uk/sociedade-esportiva-palmeiras_botafogo-de-futebol-e-regatas/index/spielbericht/4582062
,,,"Sat, 29/03/25",,,,,Esporte Clube Juventude,Esporte Clube Vitória,Estádio Alfredo Jaconi,Attendance: 6.547,https://www.transfermarkt.co.uk/esporte-clube-juventude_esporte-clube-vitoria/index/spielbericht/4582069
,,,"Sat, 29/03/25",,,,,Cruzeiro Esporte Clube,Mirassol Futebol Clube (SP),Estádio Governador Magalhães Pinto,Attendance: 40.837,https://www.transfermarkt.co.uk/cruzeiro-esporte-clube_mirassol-futebol-clube-sp-/index/spielbericht/4582065
,,,"Tue, 01/04/25",,,,,Red Bull Bragantino,Ceará Sporting Club,Estádio Nabi Abi Chedid,Attendance: 2.516,https://www.transfermarkt.co.uk/red-bull-bragantino_ceara-sporting-club/index/spielbericht/4582064
,,,"Sat, 29/03/25",,,,,Fortaleza Esporte Clube,Fluminense Football Club,Estádio Governador Plácido Castelo,Attendance: 19.484,https://www.transfermarkt.co.uk/fortaleza-esporte-clube_fluminense-football-club/index/spielbericht/4582068
,,,"Sat, 05/04/25",,,,,Ceará Sporting Club,Grêmio Foot-Ball Porto Alegrense,Estádio Governador Plácido Castelo,Attendance: 26.777,https://www.transfermarkt.co.uk/ceara-sporting-club_gremio-foot-ball-porto-alegrense/index/spielbericht/4582138
,,,"Sat, 05/04/25",,,,,Sport Club Corinthians Paulista,Clube de Regatas Vasco da Gama,Neo Química Arena,Attendance: 43.250,https://www.transfermarkt.co.uk/sport-club-corinthians-paulista_clube-de-regatas-vasco-da-gama/index/spielbericht/4582132
,,,"Sun, 06/04/25",,,,,Botafogo de Futebol e Regatas,Esporte Clube Juventude,Estádio Olímpico Nilton Santos,Attendance: 10.030,https://www.transfermarkt.co.uk/botafogo-de-futebol-e-regatas_esporte-clube-juventude/index/spielbericht/4582131
,,,"Sun, 06/04/25",,,,,Fluminense Football Club,Red Bull Bragantino,Estádio Jornalista Mário Filho,Attendance: 19.729,https://www.transfermarkt.co.uk/fluminense-football-club_red-bull-bragantino/index/spielbericht/4582130
,,,"Sun, 06/04/25",,,,,Mirassol Futebol Clube (SP),Fortaleza Esporte Clube,Estádio Municipal José María de Campos Maia,Attendance: 4.354,https://www.transfermarkt.co.uk/mirassol-futebol-clube-sp-_fortaleza-esporte-clube/index/spielbericht/4582134
,,,"Sun, 06/04/25",,,,,Clube Atlético Mineiro,São Paulo Futebol Clube,Estádio Governador Magalhães Pinto,Attendance: 28.415,https://www.transfermarkt.co.uk/clube-atletico-mineiro_sao-paulo-futebol-clube/index/spielbericht/4582135
,,,"Sun, 06/04/25",,,,,Esporte Clube Vitória,CR Flamengo,Estádio Manoel Barradas,Attendance: 29.493,https://www.transfermarkt.co.uk/esporte-clube-vitoria_cr-flamengo/index/spielbericht/4582137
,,,"Sun, 06/04/25",,,,,Sport Club do Recife,Sociedade Esportiva Palmeiras,Estádio Adelmar da Costa Carvalho,Attendance: 26.324,https://www.transfermarkt.co.uk/sport-club-do-recife_sociedade-esportiva-palmeiras/index/spielbericht/4582139
,,,"Sun, 06/04/25",,,,,Sport Club Internacional,Cruzeiro Esporte Clube,Estádio Beira-Rio,Attendance: 31.321,https://www.transfermarkt.co.uk/sport-club-internacional_cruzeiro-esporte-clube/index/spielbericht/4582136
,,,"Mon, 07/04/25",,,,,Santos FC,Esporte Clube Bahia,Estádio Urbano Caldeira,Attendance: 8.796,https://www.transfermarkt.co.uk/santos-fc_esporte-clube-bahia/index/spielbericht/4582133
,,,"Sat, 15/03/25",,,,,UD Almería,Real Zaragoza,UD Almería Stadium,Attendance: 10.867,https://www.transfermarkt.co.uk/ud-almeria_real-zaragoza/index/spielbericht/4426603
,,,"Sat, 12/04/25",,,,,Esporte Clube Juventude,Ceará Sporting Club,Estádio Alfredo Jaconi,Attendance: 6.821,https://www.transfermarkt.co.uk/esporte-clube-juventude_ceara-sporting-club/index/spielbericht/4582039
,,,"Sat, 12/04/25",,,,,Red Bull Bragantino,Botafogo de Futebol e Regatas,Estádio Nabi Abi Chedid,Attendance: 5.233,https://www.transfermarkt.co.uk/red-bull-bragantino_botafogo-de-futebol-e-regatas/index/spielbericht/4582034
,,,"Sat, 12/04/25",,,,,Sociedade Esportiva Palmeiras,Sport Club Corinthians Paulista,Arena Barueri,Attendance: 19.297,https://www.transfermarkt.co.uk/sociedade-esportiva-palmeiras_sport-club-corinthians-paulista/index/spielbericht/4582032
,,,"Sun, 13/04/25",,,,,Clube de Regatas Vasco da Gama,Sport Club do Recife,Estádio São Januário,Attendance: 15.969,https://www.transfermarkt.co.uk/clube-de-regatas-vasco-da-gama_sport-club-do-recife/index/spielbericht/4582031
,,,"Sun, 13/04/25",,,,,São Paulo Futebol Clube,Cruzeiro Esporte Clube,MorumBIS,Attendance: 37.566,https://www.transfermarkt.co.uk/sao-paulo-futebol-clube_cruzeiro-esporte-clube/index/spielbericht/4582033
,,,"Sun, 13/04/25",,,,,Esporte Clube Bahia,Mirassol Futebol Clube (SP),Arena Fonte Nova,Attendance: 39.873,https://www.transfermarkt.co.uk/esporte-clube-bahia_mirassol-futebol-clube-sp-/index/spielbericht/4582037
,,,"Sun, 13/04/25",,,,,Fluminense Football Club,Santos FC,Estádio Jornalista Mário Filho,Attendance: 46.172,https://www.transfermarkt.co.uk/fluminense-football-club_santos-fc/index/spielbericht/4582030
,,,"Mon, 14/04/25",,,,,Clube Atlético Mineiro,Esporte Clube Vitória,Estádio Governador Magalhães Pinto,Attendance: 23.234,https://www.transfermarkt.co.uk/clube-atletico-mineiro_esporte-clube-vitoria/index/spielbericht/4582035
,,,"Wed, 16/04/25",,,,,Botafogo de Futebol e Regatas,São Paulo Futebol Clube,Estádio Olímpico Nilton Santos,Attendance: 12.014,https://www.transfermarkt.co.uk/botafogo-de-futebol-e-regatas_sao-paulo-futebol-clube/index/spielbericht/4582081
,,,"Wed, 16/04/25",,,,,Mirassol Futebol Clube (SP),Grêmio Foot-Ball Porto Alegrense,Estádio Municipal José María de Campos Maia,Attendance: 4.147,https://www.transfermarkt.co.uk/mirassol-futebol-clube-sp-_gremio-foot-ball-porto-alegrense/index/spielbericht/4582084
,,,"Wed, 16/04/25",,,,,Sport Club do Recife,Red Bull Bragantino,Estádio Adelmar da Costa Carvalho,Attendance: 12.621,https://www.transfermarkt.co.uk/sport-club-do-recife_red-bull-bragantino/index/spielbericht/4582089
,,,"Sun, 13/04/25",,,,,Grêmio Foot-Ball Porto Alegrense,CR Flamengo,Arena do Grêmio,Attendance: 23.367,https://www.transfermarkt.co.uk/gremio-foot-ball-porto-alegrense_cr-flamengo/index/spielbericht/4582036
,,,"Wed, 16/04/25",,,,,Sport Club Corinthians Paulista,Fluminense Football Club,Neo Química Arena,Attendance: 34.624,https://www.transfermarkt.co.uk/sport-club-corinthians-paulista_fluminense-football-club/index/spielbericht/4582082
,,,"Wed, 16/04/25",,,,,Ceará Sporting Club,Clube de Regatas Vasco da Gama,Estádio Governador Plácido Castelo,Attendance: 22.693,https://www.transfermarkt.co.uk/ceara-sporting-club_clube-de-regatas-vasco-da-gama/index/spielbericht/4582088
,,,"Wed, 16/04/25",,,,,Sport Club Internacional,Sociedade Esportiva Palmeiras,Estádio Beira-Rio,Attendance: 30.665,https://www.transfermarkt.co.uk/sport-club-internacional_sociedade-esportiva-palmeiras/index/spielbericht/4582086
,,,"Thu, 17/04/25",,,,,Santos FC,Clube Atlético Mineiro,Estádio Urbano Caldeira,Attendance: 10.360,https://www.transfermarkt.co.uk/santos-fc_clube-atletico-mineiro/index/spielbericht/4582083
,,,"Thu, 17/04/25",,,,,CR Flamengo,Esporte Clube Juventude,Estádio Jornalista Mário Filho,Attendance: 31.445,https://www.transfermarkt.co.uk/cr-flamengo_esporte-clube-juventude/index/spielbericht/4582080
,,,"Mon, 31/03/25",,,,,Esporte Clube Bahia,Sport Club Corinthians Paulista,Arena Fonte Nova,Attendance: 41.898,https://www.transfermarkt.co.uk/esporte-clube-bahia_sport-club-corinthians-paulista/index/spielbericht/4582067
,,,"Thu, 17/04/25",,,,,Esporte Clube Vitória,Fortaleza Esporte Clube,Estádio Manoel Barradas,Attendance: 15.295,https://www.transfermarkt.co.uk/esporte-clube-vitoria_fortaleza-esporte-clube/index/spielbericht/4582087
,,,"Fri, 18/04/25",,,,,Cruzeiro Esporte Clube,Esporte Clube Bahia,Estádio Governador Magalhães Pinto,Attendance: 26.557,https://www.transfermarkt.co.uk/cruzeiro-esporte-clube_esporte-clube-bahia/index/spielbericht/4582085
,,,"Sat, 19/04/25",,,,,Clube de Regatas Vasco da Gama,CR Flamengo,Estádio Jornalista Mário Filho,Attendance: 39.027,https://www.transfermarkt.co.uk/clube-de-regatas-vasco-da-gama_cr-flamengo/index/spielbericht/4582141
,,,"Sun, 20/04/25",,,,,Esporte Clube Juventude,Mirassol Futebol Clube (SP),Estádio Alfredo Jaconi,Attendance: 5.219,https://www.transfermarkt.co.uk/esporte-clube-juventude_mirassol-futebol-clube-sp-/index/spielbericht/4582149
,,,"Sun, 20/04/25",,,,,Grêmio Foot-Ball Porto Alegrense,Sport Club Internacional,Arena do Grêmio,Attendance: 27.286,https://www.transfermarkt.co.uk/gremio-foot-ball-porto-alegrense_sport-club-internacional/index/spielbericht/4582146
,,,"Sat, 19/04/25",,,,,Sport Club Corinthians Paulista,Sport Club do Recife,Neo Química Arena,Attendance: 44.996,https://www.transfermarkt.co.uk/sport-club-corinthians-paulista_sport-club-do-recife/index/spielbericht/4582142
,,,"Sun, 20/04/25",,,,,Fluminense Football Club,Esporte Clube Vitória,Estádio Jornalista Mário Filho,Attendance: 29.065,https://www.transfermarkt.co.uk/fluminense-football-club_esporte-clube-vitoria/index/spielbericht/4582140
,,,"Sun, 20/04/25",,,,,Clube Atlético Mineiro,Botafogo de Futebol e Regatas,Estádio Governador Magalhães Pinto,Attendance: 24.528,https://www.transfermarkt.co.uk/clube-atletico-mineiro_botafogo-de-futebol-e-regatas/index/spielbericht/4582145
,,,"Mon, 21/04/25",,,,,Red Bull Bragantino,Cruzeiro Esporte Clube,Estádio Nabi Abi Chedid,Attendance: 6.916,https://www.transfermarkt.co.uk/red-bull-bragantino_cruzeiro-esporte-clube/index/spielbericht/4582144
,,,"Sun, 20/04/25",,,,,Fortaleza Esporte Clube,Sociedade Esportiva Palmeiras,Estádio Governador Plácido Castelo,Attendance: 23.877,https://www.transfermarkt.co.uk/fortaleza-esporte-clube_sociedade-esportiva-palmeiras/index/spielbericht/4582148
,,,"Sun, 27/04/25",,,,,Botafogo de Futebol e Regatas,Fluminense Football Club,Estádio Olímpico Nilton Santos,Attendance: 12.943,https://www.transfermarkt.co.uk/botafogo-de-futebol-e-regatas_fluminense-football-club/index/spielbericht/4582161
,,,"Sun, 27/04/25",,,,,Sport Club do Recife,Fortaleza Esporte Clube,Estádio Adelmar da Costa Carvalho,Attendance: 13.515,https://www.transfermarkt.co.uk/sport-club-do-recife_fortaleza-esporte-clube/index/spielbericht/4582169
,,,"Sat, 26/04/25",,,,,Sport Club Internacional,Esporte Clube Juventude,Estádio Beira-Rio,Attendance: 35.427,https://www.transfermarkt.co.uk/sport-club-internacional_esporte-clube-juventude/index/spielbericht/4582166
,,,"Sun, 27/04/25",,,,,CR Flamengo,Sport Club Corinthians Paulista,Estádio Jornalista Mário Filho,Attendance: 67.501,https://www.transfermarkt.co.uk/cr-flamengo_sport-club-corinthians-paulista/index/spielbericht/4582160
,,,"Sat, 26/04/25",,,,,Ceará Sporting Club,São Paulo Futebol Clube,Estádio Governador Plácido Castelo,Attendance: 46.929,https://www.transfermarkt.co.uk/ceara-sporting-club_sao-paulo-futebol-clube/index/spielbericht/4582168
,,,"Sat, 26/04/25",,,,,Mirassol Futebol Clube (SP),Clube Atlético Mineiro,Estádio Municipal José María de Campos Maia,Attendance: 4.966,https://www.transfermarkt.co.uk/mirassol-futebol-clube-sp-_clube-atletico-mineiro/index/spielbericht/4582164
,,,"Sun, 27/04/25",,,,,Cruzeiro Esporte Clube,Clube de Regatas Vasco da Gama,Estádio Municipal Parque do Sabiá,Attendance: 15.398,https://www.transfermarkt.co.uk/cruzeiro-esporte-clube_clube-de-regatas-vasco-da-gama/index/spielbericht/4582165
,,,"Sun, 27/04/25",,,,,Esporte Clube Vitória,Grêmio Foot-Ball Porto Alegrense,Estádio Manoel Barradas,Attendance: 18.374,https://www.transfermarkt.co.uk/esporte-clube-vitoria_gremio-foot-ball-porto-alegrense/index/spielbericht/4582167
,,,"Sat, 03/05/25",,,,,São Paulo Futebol Clube,Fortaleza Esporte Clube,MorumBIS,Attendance: 39.502,https://www.transfermarkt.co.uk/sao-paulo-futebol-clube_fortaleza-esporte-clube/index/spielbericht/4582093
,,,"Mon, 14/04/25",,,,,Fortaleza Esporte Clube,Sport Club Internacional,Estádio Governador Plácido Castelo,Attendance: 16.587,https://www.transfermarkt.co.uk/fortaleza-esporte-clube_sport-club-internacional/index/spielbericht/4582038
,,,"Tue, 22/04/25",,,,,Esporte Clube Bahia,Ceará Sporting Club,Arena Fonte Nova,Attendance: 28.047,https://www.transfermarkt.co.uk/esporte-clube-bahia_ceara-sporting-club/index/spielbericht/4582147
,,,"Sat, 03/05/25",,,,,Ceará Sporting Club,Esporte Clube Vitória,Estádio Presidente Vargas,Attendance: 14.918,https://www.transfermarkt.co.uk/ceara-sporting-club_esporte-clube-vitoria/index/spielbericht/4582098
,,,"Sat, 03/05/25",,,,,Sport Club Corinthians Paulista,Sport Club Internacional,Neo Química Arena,Attendance: 44.931,https://www.transfermarkt.co.uk/sport-club-corinthians-paulista_sport-club-internacional/index/spielbericht/4582092
,,,"Mon, 28/04/25",,,,,Santos FC,Red Bull Bragantino,Estádio Urbano Caldeira,Attendance: 7.679,https://www.transfermarkt.co.uk/santos-fc_red-bull-bragantino/index/spielbericht/4582163
,,,"Sat, 03/05/25",,,,,Fluminense Football Club,Sport Club do Recife,Estádio Jornalista Mário Filho,Attendance: 18.754,https://www.transfermarkt.co.uk/fluminense-football-club_sport-club-do-recife/index/spielbericht/4582090
,,,"Sun, 04/05/25",,,,,Clube de Regatas Vasco da Gama,Sociedade Esportiva Palmeiras,Estádio Nacional de Brasília Mané Garrincha,Attendance: 30.318,https://www.transfermarkt.co.uk/clube-de-regatas-vasco-da-gama_sociedade-esportiva-palmeiras/index/spielbericht/4582091
,,,"Sun, 04/05/25",,,,,Cruzeiro Esporte Clube,CR Flamengo,Estádio Governador Magalhães Pinto,Attendance: 52.792,https://www.transfermarkt.co.uk/cruzeiro-esporte-clube_cr-flamengo/index/spielbericht/4582095
,,,"Sun, 04/05/25",,,,,Grêmio Foot-Ball Porto Alegrense,Santos FC,Arena do Grêmio,Attendance: 27.085,https://www.transfermarkt.co.uk/gremio-foot-ball-porto-alegrense_santos-fc/index/spielbericht/4582096
,,,"Tue, 06/05/25",,,,,Esporte Clube Juventude,Clube Atlético Mineiro,Estádio Alfredo Jaconi,Attendance: 7.486,https://www.transfermarkt.co.uk/esporte-clube-juventude_clube-atletico-mineiro/index/spielbericht/4582099
,,,"Sat, 10/05/25",,,,,Fortaleza Esporte Clube,Esporte Clube Juventude,Estádio Presidente Vargas,Attendance: 13.176,https://www.transfermarkt.co.uk/fortaleza-esporte-clube_esporte-clube-juventude/index/spielbericht/4582058
,,,"Mon, 05/05/25",,,,,Red Bull Bragantino,Mirassol Futebol Clube (SP),Estádio Municipal Cicero De Souza Marques,Attendance: 6.892,https://www.transfermarkt.co.uk/red-bull-bragantino_mirassol-futebol-clube-sp-/index/spielbericht/4582094
,,,"Sat, 10/05/25",,,,,Esporte Clube Vitória,Clube de Regatas Vasco da Gama,Estádio Manoel Barradas,Attendance: 15.759,https://www.transfermarkt.co.uk/esporte-clube-vitoria_clube-de-regatas-vasco-da-gama/index/spielbericht/4582057
,,,"Sun, 11/05/25",,,,,CR Flamengo,Esporte Clube Bahia,Estádio Jornalista Mário Filho,Attendance: 62.204,https://www.transfermarkt.co.uk/cr-flamengo_esporte-clube-bahia/index/spielbericht/4582050
,,,"Sun, 11/05/25",,,,,Sociedade Esportiva Palmeiras,São Paulo Futebol Clube,Arena Barueri,Attendance: 29.709,https://www.transfermarkt.co.uk/sociedade-esportiva-palmeiras_sao-paulo-futebol-clube/index/spielbericht/4582052
,,,"Sun, 11/05/25",,,,,Clube Atlético Mineiro,Fluminense Football Club,Arena MRV,Attendance: 25.018,https://www.transfermarkt.co.uk/clube-atletico-mineiro_fluminense-football-club/index/spielbericht/4582055
,,,"Sat, 10/05/25",,,,,Grêmio Foot-Ball Porto Alegrense,Red Bull Bragantino,Arena do Grêmio,Attendance: 15.156,https://www.transfermarkt.co.uk/gremio-foot-ball-porto-alegrense_red-bull-bragantino/index/spielbericht/4582056
,,,"Sun, 04/05/25",,,,,Esporte Clube Bahia,Botafogo de Futebol e Regatas,Arena Fonte Nova,Attendance: 37.206,https://www.transfermarkt.co.uk/esporte-clube-bahia_botafogo-de-futebol-e-regatas/index/spielbericht/4582097
,,,"Mon, 12/05/25",,,,,Botafogo de Futebol e Regatas,Sport Club Internacional,Estádio Olímpico Nilton Santos,Attendance: 7.800,https://www.transfermarkt.co.uk/botafogo-de-futebol-e-regatas_sport-club-internacional/index/spielbericht/4582051
,,,"Tue, 13/05/25",,,,,Santos FC,Ceará Sporting Club,Allianz Parque,Attendance: 35.240,https://www.transfermarkt.co.uk/santos-fc_ceara-sporting-club/index/spielbericht/4582053
,,,"Sun, 11/05/25",,,,,Sport Club do Recife,Cruzeiro Esporte Clube,Estádio Adelmar da Costa Carvalho,Attendance: 16.006,https://www.transfermarkt.co.uk/sport-club-do-recife_cruzeiro-esporte-clube/index/spielbericht/4582059
,,,"Sat, 10/05/25",,,,,Mirassol Futebol Clube (SP),Sport Club Corinthians Paulista,Estádio Municipal José María de Campos Maia,Attendance: 11.584,https://www.transfermarkt.co.uk/mirassol-futebol-clube-sp-_sport-club-corinthians-paulista/index/spielbericht/4582054
,,,"Sat, 17/05/25",,,,,Ceará Sporting Club,Sport Club do Recife,Estádio Governador Plácido Castelo,Attendance: 32.152,https://www.transfermarkt.co.uk/ceara-sporting-club_sport-club-do-recife/index/spielbericht/4582078
,,,"Sun, 18/05/25",,,,,São Paulo Futebol Clube,Grêmio Foot-Ball Porto Alegrense,MorumBIS,Attendance: 34.579,https://www.transfermarkt.co.uk/sao-paulo-futebol-clube_gremio-foot-ball-porto-alegrense/index/spielbericht/4582073
,,,"Sat, 17/05/25",,,,,Clube de Regatas Vasco da Gama,Fortaleza Esporte Clube,Estádio São Januário,Attendance: 12.804,https://www.transfermarkt.co.uk/clube-de-regatas-vasco-da-gama_fortaleza-esporte-clube/index/spielbericht/4582071
,,,"Fri, 18/04/25",,,,,Sporting Gijón,CD Mirandés,El Molinón - Enrique Castro 'Quini',Attendance: 22.642,https://www.transfermarkt.co.uk/sporting-gijon_cd-mirandes/index/spielbericht/4426722
,,,"Sun, 18/05/25",,,,,Sport Club Corinthians Paulista,Santos FC,Neo Química Arena,Attendance: 46.932,https://www.transfermarkt.co.uk/sport-club-corinthians-paulista_santos-fc/index/spielbericht/4582072
,,,"Sun, 18/05/25",,,,,Esporte Clube Bahia,Esporte Clube Vitória,Arena Fonte Nova,Attendance: 47.796,https://www.transfermarkt.co.uk/esporte-clube-bahia_esporte-clube-vitoria/index/spielbericht/4582077
,,,"Sun, 18/05/25",,,,,CR Flamengo,Botafogo de Futebol e Regatas,Estádio Jornalista Mário Filho,Attendance: 54.238,https://www.transfermarkt.co.uk/cr-flamengo_botafogo-de-futebol-e-regatas/index/spielbericht/4582070
,,,"Mon, 19/05/25",,,,,Cruzeiro Esporte Clube,Clube Atlético Mineiro,Estádio Governador Magalhães Pinto,Attendance: 61.106,https://www.transfermarkt.co.uk/cruzeiro-esporte-clube_clube-atletico-mineiro/index/spielbericht/4582075
,,,"Sat, 24/05/25",,,,,Fluminense Football Club,Clube de Regatas Vasco da Gama,Estádio Jornalista Mário Filho,Attendance: 42.422,https://www.transfermarkt.co.uk/fluminense-football-club_clube-de-regatas-vasco-da-gama/index/spielbericht/4582180
,,,"Sun, 18/05/25",,,,,Red Bull Bragantino,Sociedade Esportiva Palmeiras,Estádio Municipal Cicero De Souza Marques,Attendance: 6.601,https://www.transfermarkt.co.uk/red-bull-bragantino_sociedade-esportiva-palmeiras/index/spielbericht/4582074
,,,"Sat, 24/05/25",,,,,São Paulo Futebol Clube,Mirassol Futebol Clube (SP),MorumBIS,Attendance: 30.925,https://www.transfermarkt.co.uk/sao-paulo-futebol-clube_mirassol-futebol-clube-sp-/index/spielbericht/4582183
,,,"Sun, 27/04/25",,,,,Sociedade Esportiva Palmeiras,Esporte Clube Bahia,Allianz Parque,Attendance: 29.033,https://www.transfermarkt.co.uk/sociedade-esportiva-palmeiras_esporte-clube-bahia/index/spielbericht/4582162
,,,"Sun, 25/05/25",,,,,Grêmio Foot-Ball Porto Alegrense,Esporte Clube Bahia,Arena do Grêmio,Attendance: 14.050,https://www.transfermarkt.co.uk/gremio-foot-ball-porto-alegrense_esporte-clube-bahia/index/spielbericht/4582186
,,,"Sun, 25/05/25",,,,,Fortaleza Esporte Clube,Cruzeiro Esporte Clube,Estádio Governador Plácido Castelo,Attendance: 12.483,https://www.transfermarkt.co.uk/fortaleza-esporte-clube_cruzeiro-esporte-clube/index/spielbericht/4582188
,,,"Sun, 25/05/25",,,,,Esporte Clube Vitória,Santos FC,Estádio Manoel Barradas,Attendance: 27.515,https://www.transfermarkt.co.uk/esporte-clube-vitoria_santos-fc/index/spielbericht/4582187
,,,"Mon, 26/05/25",,,,,Red Bull Bragantino,Esporte Clube Juventude,Estádio Municipal Cicero De Souza Marques,Attendance: 4.523,https://www.transfermarkt.co.uk/red-bull-bragantino_esporte-clube-juventude/index/spielbericht/4582184
,,,"Sat, 31/05/25",,,,,Esporte Clube Bahia,São Paulo Futebol Clube,Arena Fonte Nova,Attendance: 41.041,https://www.transfermarkt.co.uk/esporte-clube-bahia_sao-paulo-futebol-clube/index/spielbericht/4582157
,,,"Mon, 19/05/25",,,,,Sport Club Internacional,Mirassol Futebol Clube (SP),Estádio Beira-Rio,Attendance: 12.150,https://www.transfermarkt.co.uk/sport-club-internacional_mirassol-futebol-clube-sp-/index/spielbericht/4582076
,,,"Sun, 25/05/25",,,,,Sociedade Esportiva Palmeiras,CR Flamengo,Allianz Parque,Attendance: 41.075,https://www.transfermarkt.co.uk/sociedade-esportiva-palmeiras_cr-flamengo/index/spielbericht/4582182
,,,"Sun, 25/05/25",,,,,Sport Club do Recife,Sport Club Internacional,Estádio Adelmar da Costa Carvalho,Attendance: 21.921,https://www.transfermarkt.co.uk/sport-club-do-recife_sport-club-internacional/index/spielbericht/4582189
,,,"Sun, 01/06/25",,,,,Mirassol Futebol Clube (SP),Sport Club do Recife,Estádio Municipal José María de Campos Maia,Attendance: 4.102,https://www.transfermarkt.co.uk/mirassol-futebol-clube-sp-_sport-club-do-recife/index/spielbericht/4582154
,,,"Sun, 01/06/25",,,,,Clube de Regatas Vasco da Gama,Red Bull Bragantino,Estádio São Januário,Attendance: 14.945,https://www.transfermarkt.co.uk/clube-de-regatas-vasco-da-gama_red-bull-bragantino/index/spielbericht/4582151
,,,"Sun, 25/05/25",,,,,Clube Atlético Mineiro,Sport Club Corinthians Paulista,Arena MRV,Attendance: 38.154,https://www.transfermarkt.co.uk/clube-atletico-mineiro_sport-club-corinthians-paulista/index/spielbericht/4582185
,,,"Sun, 01/06/25",,,,,Esporte Clube Juventude,Grêmio Foot-Ball Porto Alegrense,Estádio Alfredo Jaconi,Attendance: 9.098,https://www.transfermarkt.co.uk/esporte-clube-juventude_gremio-foot-ball-porto-alegrense/index/spielbericht/4582159
,,,"Sun, 01/06/25",,,,,Sport Club Corinthians Paulista,Esporte Clube Vitória,Neo Química Arena,Attendance: 44.943,https://www.transfermarkt.co.uk/sport-club-corinthians-paulista_esporte-clube-vitoria/index/spielbericht/4582152
,,,"Sun, 01/06/25",,,,,Santos FC,Botafogo de Futebol e Regatas,Estádio Urbano Caldeira,Attendance: 13.787,https://www.transfermarkt.co.uk/santos-fc_botafogo-de-futebol-e-regatas/index/spielbericht/4582153
,,,"Sun, 01/06/25",,,,,CR Flamengo,Fortaleza Esporte Clube,Estádio Jornalista Mário Filho,Attendance: 64.900,https://www.transfermarkt.co.uk/cr-flamengo_fortaleza-esporte-clube/index/spielbericht/4582150
,,,"Sun, 01/06/25",,,,,Cruzeiro Esporte Clube,Sociedade Esportiva Palmeiras,Estádio Governador Magalhães Pinto,Attendance: 57.747,https://www.transfermarkt.co.uk/cruzeiro-esporte-clube_sociedade-esportiva-palmeiras/index/spielbericht/4582155
,,,"Sun, 18/05/25",,,,,Esporte Clube Juventude,Fluminense Football Club,Estádio Alfredo Jaconi,Attendance: 8.120,https://www.transfermarkt.co.uk/esporte-clube-juventude_fluminense-football-club/index/spielbericht/4582079
,,,"Fri, 13/06/25",,,,,Grêmio Foot-Ball Porto Alegrense,Sport Club Corinthians Paulista,Arena do Grêmio,Attendance: 20.465,https://www.transfermarkt.co.uk/gremio-foot-ball-porto-alegrense_sport-club-corinthians-paulista/index/spielbericht/4582116
,,,"Thu, 12/06/25",,,,,Red Bull Bragantino,Esporte Clube Bahia,Estádio Municipal Cicero De Souza Marques,Attendance: 2.957,https://www.transfermarkt.co.uk/red-bull-bragantino_esporte-clube-bahia/index/spielbericht/4582114
,,,"Thu, 12/06/25",,,,,Esporte Clube Vitória,Cruzeiro Esporte Clube,Estádio Manoel Barradas,Attendance: 6.264,https://www.transfermarkt.co.uk/esporte-clube-vitoria_cruzeiro-esporte-clube/index/spielbericht/4582117
,,,"Fri, 13/06/25",,,,,Clube Atlético Mineiro,Sport Club Internacional,Arena MRV,Attendance: 24.781,https://www.transfermarkt.co.uk/clube-atletico-mineiro_sport-club-internacional/index/spielbericht/4582115
,,,"Wed, 17/09/25",,,,,Botafogo de Futebol e Regatas,Mirassol Futebol Clube (SP),Estádio Olímpico Nilton Santos,Attendance: 6.724,https://www.transfermarkt.co.uk/botafogo-de-futebol-e-regatas_mirassol-futebol-clube-sp-/index/spielbericht/4582111
,,,"Fri, 13/06/25",,,,,São Paulo Futebol Clube,Clube de Regatas Vasco da Gama,MorumBIS,Attendance: 20.332,https://www.transfermarkt.co.uk/sao-paulo-futebol-clube_clube-de-regatas-vasco-da-gama/index/spielbericht/4582113
,,,"Sat, 11/10/25",,,,,Sociedade Esportiva Palmeiras,Esporte Clube Juventude,Allianz Parque,Attendance: 40.407,https://www.transfermarkt.co.uk/sociedade-esportiva-palmeiras_esporte-clube-juventude/index/spielbericht/4582112
,,,"Thu, 12/06/25",,,,,Fortaleza Esporte Clube,Santos FC,Estádio Governador Plácido Castelo,Attendance: 20.381,https://www.transfermarkt.co.uk/fortaleza-esporte-clube_santos-fc/index/spielbericht/4582118
,,,"Sat, 12/07/25",,,,,CR Flamengo,São Paulo Futebol Clube,Estádio Jornalista Mário Filho,Attendance: 67.359,https://www.transfermarkt.co.uk/cr-flamengo_sao-paulo-futebol-clube/index/spielbericht/4582200
,,,"Sat, 12/07/25",,,,,Clube de Regatas Vasco da Gama,Botafogo de Futebol e Regatas,Estádio Nacional de Brasília Mané Garrincha,Attendance: 31.468,https://www.transfermarkt.co.uk/clube-de-regatas-vasco-da-gama_botafogo-de-futebol-e-regatas/index/spielbericht/4582201
,,,"Sat, 12/07/25",,,,,Sport Club Internacional,Esporte Clube Vitória,Estádio Beira-Rio,Attendance: 21.041,https://www.transfermarkt.co.uk/sport-club-internacional_esporte-clube-vitoria/index/spielbericht/4582206
,,,"Sun, 13/07/25",,,,,Sport Club Corinthians Paulista,Red Bull Bragantino,Neo Química Arena,Attendance: 34.211,https://www.transfermarkt.co.uk/sport-club-corinthians-paulista_red-bull-bragantino/index/spielbericht/4582202
,,,"Sat, 15/11/25",,,,,Sport Club do Recife,CR Flamengo,Arena de Pernambuco,Attendance: 19.706,https://www.transfermarkt.co.uk/sport-club-do-recife_cr-flamengo/index/spielbericht/4582119
,,,"Mon, 14/07/25",,,,,Cruzeiro Esporte Clube,Grêmio Foot-Ball Porto Alegrense,Estádio Governador Magalhães Pinto,Attendance: 31.668,https://www.transfermarkt.co.uk/cruzeiro-esporte-clube_gremio-foot-ball-porto-alegrense/index/spielbericht/4582205
,,,"Sun, 16/11/25",,,,,Santos FC,Sociedade Esportiva Palmeiras,Estádio Urbano Caldeira,Attendance: 14.651,https://www.transfermarkt.co.uk/santos-fc_sociedade-esportiva-palmeiras/index/spielbericht/4582203
,,,"Tue, 15/07/25",,,,,Esporte Clube Juventude,Sport Club do Recife,Estádio Alfredo Jaconi,Attendance: 6.143,https://www.transfermarkt.co.uk/esporte-clube-juventude_sport-club-do-recife/index/spielbericht/4582209
,,,"Wed, 16/07/25",,,,,Sociedade Esportiva Palmeiras,Mirassol Futebol Clube (SP),Allianz Parque,Attendance: 38.896,https://www.transfermarkt.co.uk/sociedade-esportiva-palmeiras_mirassol-futebol-clube-sp-/index/spielbericht/4582172
,,,"Sun, 13/07/25",,,,,Esporte Clube Bahia,Clube Atlético Mineiro,Arena Fonte Nova,Attendance: 30.249,https://www.transfermarkt.co.uk/esporte-clube-bahia_clube-atletico-mineiro/index/spielbericht/4582207
,,,"Thu, 17/07/25",,,,,Botafogo de Futebol e Regatas,Esporte Clube Vitória,Estádio Olímpico Nilton Santos,Attendance: 19.733,https://www.transfermarkt.co.uk/botafogo-de-futebol-e-regatas_esporte-clube-vitoria/index/spielbericht/4582171
,,,"Wed, 30/07/25",,,,,Grêmio Foot-Ball Porto Alegrense,Fortaleza Esporte Clube,Arena do Grêmio,Attendance: 18.695,https://www.transfermarkt.co.uk/gremio-foot-ball-porto-alegrense_fortaleza-esporte-clube/index/spielbericht/4582176
,,,"Thu, 17/07/25",,,,,Red Bull Bragantino,São Paulo Futebol Clube,Estádio Municipal Cicero De Souza Marques,Attendance: 6.119,https://www.transfermarkt.co.uk/red-bull-bragantino_sao-paulo-futebol-clube/index/spielbericht/4582174
,,,"Thu, 09/10/25",,,,,Mirassol Futebol Clube (SP),Fluminense Football Club,Estádio Municipal José María de Campos Maia,Attendance: 5.088,https://www.transfermarkt.co.uk/mirassol-futebol-clube-sp-_fluminense-football-club/index/spielbericht/4582204
,,,"Thu, 17/07/25",,,,,Santos FC,CR Flamengo,Estádio Urbano Caldeira,Attendance: 13.541,https://www.transfermarkt.co.uk/santos-fc_cr-flamengo/index/spielbericht/4582173
,,,"Thu, 17/07/25",,,,,Fluminense Football Club,Cruzeiro Esporte Clube,Estádio Jornalista Mário Filho,Attendance: 45.681,https://www.transfermarkt.co.uk/fluminense-football-club_cruzeiro-esporte-clube/index/spielbericht/4582170
,,,"Wed, 20/08/25",,,,,Esporte Clube Juventude,Clube de Regatas Vasco da Gama,Estádio Alfredo Jaconi,Attendance: 8.210,https://www.transfermarkt.co.uk/esporte-clube-juventude_clube-de-regatas-vasco-da-gama/index/spielbericht/4582179
,,,"Wed, 16/07/25",,,,,Ceará Sporting Club,Sport Club Corinthians Paulista,Estádio Governador Plácido Castelo,Attendance: 35.410,https://www.transfermarkt.co.uk/ceara-sporting-club_sport-club-corinthians-paulista/index/spielbericht/4582178
,,,"Wed, 29/10/25",,,,,Fluminense Football Club,Ceará Sporting Club,Estádio Jornalista Mário Filho,Attendance: 12.780,https://www.transfermarkt.co.uk/fluminense-football-club_ceara-sporting-club/index/spielbericht/4582110
,,,"Wed, 08/10/25",,,,,Clube Atlético Mineiro,Sport Club do Recife,Arena MRV,Attendance: 25.093,https://www.transfermarkt.co.uk/clube-atletico-mineiro_sport-club-do-recife/index/spielbericht/4582175
,,,"Mon, 12/05/25",,,,,Granada CF,SD Eibar,Nuevo Los Cármenes,Attendance: 14.923,https://www.transfermarkt.co.uk/granada-cf_sd-eibar/index/spielbericht/4426753
,,,"Sat, 19/07/25",,,,,Fortaleza Esporte Clube,Esporte Clube Bahia,Estádio Governador Plácido Castelo,Attendance: 15.954,https://www.transfermarkt.co.uk/fortaleza-esporte-clube_esporte-clube-bahia/index/spielbericht/4582108
,,,"Mon, 02/06/25",,,,,Sport Club Internacional,Fluminense Football Club,Estádio Beira-Rio,Attendance: 13.502,https://www.transfermarkt.co.uk/sport-club-internacional_fluminense-football-club/index/spielbericht/4582156
,,,"Sat, 19/07/25",,,,,Clube de Regatas Vasco da Gama,Grêmio Foot-Ball Porto Alegrense,Estádio São Januário,Attendance: 15.556,https://www.transfermarkt.co.uk/clube-de-regatas-vasco-da-gama_gremio-foot-ball-porto-alegrense/index/spielbericht/4582101
,,,"Sun, 20/07/25",,,,,Cruzeiro Esporte Clube,Esporte Clube Juventude,Estádio Governador Magalhães Pinto,Attendance: 52.850,https://www.transfermarkt.co.uk/cruzeiro-esporte-clube_esporte-clube-juventude/index/spielbericht/4582105
,,,"Sun, 20/07/25",,,,,Sport Club Internacional,Ceará Sporting Club,Estádio Beira-Rio,Attendance: 31.976,https://www.transfermarkt.co.uk/sport-club-internacional_ceara-sporting-club/index/spielbericht/4582106
,,,"Wed, 22/10/25",,,,,Esporte Clube Bahia,Sport Club Internacional,Arena Fonte Nova,Attendance: 27.349,https://www.transfermarkt.co.uk/esporte-clube-bahia_sport-club-internacional/index/spielbericht/4582177
,,,"Sun, 20/07/25",,,,,Esporte Clube Vitória,Red Bull Bragantino,Estádio Manoel Barradas,Attendance: 16.187,https://www.transfermarkt.co.uk/esporte-clube-vitoria_red-bull-bragantino/index/spielbericht/4582107
,,,"Sun, 20/07/25",,,,,São Paulo Futebol Clube,Sport Club Corinthians Paulista,MorumBIS,Attendance: 47.964,https://www.transfermarkt.co.uk/sao-paulo-futebol-clube_sport-club-corinthians-paulista/index/spielbericht/4582103
,,,"Sun, 20/07/25",,,,,Sociedade Esportiva Palmeiras,Clube Atlético Mineiro,Allianz Parque,Attendance: 34.970,https://www.transfermarkt.co.uk/sociedade-esportiva-palmeiras_clube-atletico-mineiro/index/spielbericht/4582102
,,,"Sun, 20/07/25",,,,,CR Flamengo,Fluminense Football Club,Estádio Jornalista Mário Filho,Attendance: 58.416,https://www.transfermarkt.co.uk/cr-flamengo_fluminense-football-club/index/spielbericht/4582100
,,,"Sun, 20/07/25",,,,,Sport Club do Recife,Botafogo de Futebol e Regatas,Estádio Adelmar da Costa Carvalho,Attendance: 11.609,https://www.transfermarkt.co.uk/sport-club-do-recife_botafogo-de-futebol-e-regatas/index/spielbericht/4582109
,,,"Thu, 24/07/25",,,,,Santos FC,Sport Club Internacional,Estádio Urbano Caldeira,Attendance: 11.686,https://www.transfermarkt.co.uk/santos-fc_sport-club-internacional/index/spielbericht/4582223
,,,"Wed, 23/07/25",,,,,Fluminense Football Club,Sociedade Esportiva Palmeiras,Estádio Jornalista Mário Filho,Attendance: 21.082,https://www.transfermarkt.co.uk/fluminense-football-club_sociedade-esportiva-palmeiras/index/spielbericht/4582220
,,,"Thu, 24/07/25",,,,,Esporte Clube Juventude,São Paulo Futebol Clube,Estádio Alfredo Jaconi,Attendance: 6.095,https://www.transfermarkt.co.uk/esporte-clube-juventude_sao-paulo-futebol-clube/index/spielbericht/4582229
,,,"Thu, 24/07/25",,,,,Red Bull Bragantino,CR Flamengo,Estádio Municipal Cicero De Souza Marques,Attendance: 7.537,https://www.transfermarkt.co.uk/red-bull-bragantino_cr-flamengo/index/spielbericht/4582224
,,,"Mon, 14/07/25",,,,,Fortaleza Esporte Clube,Ceará Sporting Club,Estádio Governador Plácido Castelo,Attendance: 32.157,https://www.transfermarkt.co.uk/fortaleza-esporte-clube_ceara-sporting-club/index/spielbericht/4582208
,,,"Sat, 26/07/25",,,,,Mirassol Futebol Clube (SP),Esporte Clube Vitória,Estádio Municipal José María de Campos Maia,Attendance: 3.769,https://www.transfermarkt.co.uk/mirassol-futebol-clube-sp-_esporte-clube-vitoria/index/spielbericht/4582214
,,,"Thu, 24/07/25",,,,,Esporte Clube Vitória,Sport Club do Recife,Estádio Manoel Barradas,Attendance: 11.567,https://www.transfermarkt.co.uk/esporte-clube-vitoria_sport-club-do-recife/index/spielbericht/4582227
,,,"Wed, 12/11/25",,,,,Clube Atlético Mineiro,Fortaleza Esporte Clube,Arena MRV,Attendance: 39.246,https://www.transfermarkt.co.uk/clube-atletico-mineiro_fortaleza-esporte-clube/index/spielbericht/4582225
,,,"Sat, 26/07/25",,,,,Fortaleza Esporte Clube,Red Bull Bragantino,Estádio Governador Plácido Castelo,Attendance: 27.024,https://www.transfermarkt.co.uk/fortaleza-esporte-clube_red-bull-bragantino/index/spielbericht/4582218
,,,"Wed, 24/09/25",,,,,Grêmio Foot-Ball Porto Alegrense,Botafogo de Futebol e Regatas,Arena do Grêmio,Attendance: 18.551,https://www.transfermarkt.co.uk/gremio-foot-ball-porto-alegrense_botafogo-de-futebol-e-regatas/index/spielbericht/4582226
,,,"Sun, 27/07/25",,,,,Sociedade Esportiva Palmeiras,Grêmio Foot-Ball Porto Alegrense,Allianz Parque,Attendance: 37.132,https://www.transfermarkt.co.uk/sociedade-esportiva-palmeiras_gremio-foot-ball-porto-alegrense/index/spielbericht/4582212
,,,"Sat, 26/07/25",,,,,Botafogo de Futebol e Regatas,Sport Club Corinthians Paulista,Estádio Olímpico Nilton Santos,Attendance: 31.402,https://www.transfermarkt.co.uk/botafogo-de-futebol-e-regatas_sport-club-corinthians-paulista/index/spielbericht/4582211
,,,"Sat, 26/07/25",,,,,Sport Club do Recife,Santos FC,Estádio Adelmar da Costa Carvalho,Attendance: 26.018,https://www.transfermarkt.co.uk/sport-club-do-recife_santos-fc/index/spielbericht/4582219
,,,"Sat, 19/07/25",,,,,Mirassol Futebol Clube (SP),Santos FC,Estádio Municipal José María de Campos Maia,Attendance: 11.632,https://www.transfermarkt.co.uk/mirassol-futebol-clube-sp-_santos-fc/index/spielbericht/4582104
,,,"Sat, 31/05/25",,,,,Málaga CF,Burgos CF,La Rosaleda,Attendance: 19.337,https://www.transfermarkt.co.uk/malaga-cf_burgos-cf/index/spielbericht/4426784
,,,"Sun, 27/07/25",,,,,São Paulo Futebol Clube,Fluminense Football Club,MorumBIS,Attendance: 42.628,https://www.transfermarkt.co.uk/sao-paulo-futebol-clube_fluminense-football-club/index/spielbericht/4582213
,,,"Sun, 27/07/25",,,,,Esporte Clube Bahia,Esporte Clube Juventude,Arena Fonte Nova,Attendance: 32.822,https://www.transfermarkt.co.uk/esporte-clube-bahia_esporte-clube-juventude/index/spielbericht/4582217
,,,"Sat, 02/08/25",,,,,Sport Club do Recife,Esporte Clube Bahia,Estádio Adelmar da Costa Carvalho,Attendance: 16.080,https://www.transfermarkt.co.uk/sport-club-do-recife_esporte-clube-bahia/index/spielbericht/4582305
,,,"Sun, 03/08/25",,,,,Fluminense Football Club,Grêmio Foot-Ball Porto Alegrense,Estádio Jornalista Mário Filho,Attendance: 15.344,https://www.transfermarkt.co.uk/fluminense-football-club_gremio-foot-ball-porto-alegrense/index/spielbericht/4582261
,,,"Sun, 03/08/25",,,,,Botafogo de Futebol e Regatas,Cruzeiro Esporte Clube,Estádio Olímpico Nilton Santos,Attendance: 35.125,https://www.transfermarkt.co.uk/botafogo-de-futebol-e-regatas_cruzeiro-esporte-clube/index/spielbericht/4582264
,,,"Sat, 02/08/25",,,,,Mirassol Futebol Clube (SP),Clube de Regatas Vasco da Gama,Estádio Municipal José María de Campos Maia,Attendance: 5.010,https://www.transfermarkt.co.uk/mirassol-futebol-clube-sp-_clube-de-regatas-vasco-da-gama/index/spielbericht/4582275
,,,"Mon, 28/07/25",,,,,CR Flamengo,Clube Atlético Mineiro,Estádio Jornalista Mário Filho,Attendance: 54.550,https://www.transfermarkt.co.uk/cr-flamengo_clube-atletico-mineiro/index/spielbericht/4582210
,,,"Sun, 03/08/25",,,,,Sport Club Corinthians Paulista,Fortaleza Esporte Clube,Neo Química Arena,Attendance: 34.805,https://www.transfermarkt.co.uk/sport-club-corinthians-paulista_fortaleza-esporte-clube/index/spielbericht/4582267
,,,"Wed, 24/09/25",,,,,Clube de Regatas Vasco da Gama,Esporte Clube Bahia,Estádio São Januário,Attendance: 16.188,https://www.transfermarkt.co.uk/clube-de-regatas-vasco-da-gama_esporte-clube-bahia/index/spielbericht/4582221
,,,"Sun, 03/08/25",,,,,Ceará Sporting Club,CR Flamengo,Estádio Governador Plácido Castelo,Attendance: 57.887,https://www.transfermarkt.co.uk/ceara-sporting-club_cr-flamengo/index/spielbericht/4582299
,,,"Sun, 27/07/25",,,,,Sport Club Internacional,Clube de Regatas Vasco da Gama,Estádio Beira-Rio,Attendance: 13.188,https://www.transfermarkt.co.uk/sport-club-internacional_clube-de-regatas-vasco-da-gama/index/spielbericht/4582216
,,,"Tue, 05/08/25",,,,,Santos FC,Esporte Clube Juventude,MorumBIS,Attendance: 37.485,https://www.transfermarkt.co.uk/santos-fc_esporte-clube-juventude/index/spielbericht/4582270
,,,"Sat, 09/08/25",,,,,São Paulo Futebol Clube,Esporte Clube Vitória,MorumBIS,Attendance: 39.283,https://www.transfermarkt.co.uk/sao-paulo-futebol-clube_esporte-clube-vitoria/index/spielbericht/4582123
,,,"Sun, 10/08/25",,,,,Fortaleza Esporte Clube,Botafogo de Futebol e Regatas,Estádio Governador Plácido Castelo,Attendance: 31.645,https://www.transfermarkt.co.uk/fortaleza-esporte-clube_botafogo-de-futebol-e-regatas/index/spielbericht/4582128
,,,"Sat, 09/08/25",,,,,Red Bull Bragantino,Sport Club Internacional,Estádio Municipal Cicero De Souza Marques,Attendance: 3.197,https://www.transfermarkt.co.uk/red-bull-bragantino_sport-club-internacional/index/spielbericht/4582124
,,,"Sat, 09/08/25",,,,,CR Flamengo,Mirassol Futebol Clube (SP),Estádio Jornalista Mário Filho,Attendance: 64.018,https://www.transfermarkt.co.uk/cr-flamengo_mirassol-futebol-clube-sp-/index/spielbericht/4582120
,,,"Wed, 23/07/25",,,,,Ceará Sporting Club,Mirassol Futebol Clube (SP),Estádio Governador Plácido Castelo,Attendance: 18.676,https://www.transfermarkt.co.uk/ceara-sporting-club_mirassol-futebol-clube-sp-/index/spielbericht/4582228
,,,"Mon, 04/08/25",,,,,Sport Club Internacional,São Paulo Futebol Clube,Estádio Beira-Rio,Attendance: 11.414,https://www.transfermarkt.co.uk/sport-club-internacional_sao-paulo-futebol-clube/index/spielbericht/4582285
,,,"Sun, 03/08/25",,,,,Esporte Clube Vitória,Sociedade Esportiva Palmeiras,Estádio Manoel Barradas,Attendance: 17.951,https://www.transfermarkt.co.uk/esporte-clube-vitoria_sociedade-esportiva-palmeiras/index/spielbericht/4582291
,,,"Sun, 03/08/25",,,,,Clube Atlético Mineiro,Red Bull Bragantino,Arena MRV,Attendance: 20.092,https://www.transfermarkt.co.uk/clube-atletico-mineiro_red-bull-bragantino/index/spielbericht/4582281
,,,"Sun, 10/08/25",,,,,Sociedade Esportiva Palmeiras,Ceará Sporting Club,Allianz Parque,Attendance: 23.079,https://www.transfermarkt.co.uk/sociedade-esportiva-palmeiras_ceara-sporting-club/index/spielbericht/4582122
,,,"Sun, 10/08/25",,,,,Clube de Regatas Vasco da Gama,Clube Atlético Mineiro,Estádio São Januário,Attendance: 16.157,https://www.transfermarkt.co.uk/clube-de-regatas-vasco-da-gama_clube-atletico-mineiro/index/spielbericht/4582121
,,,"Sun, 10/08/25",,,,,Cruzeiro Esporte Clube,Santos FC,Estádio Governador Magalhães Pinto,Attendance: 59.345,https://www.transfermarkt.co.uk/cruzeiro-esporte-clube_santos-fc/index/spielbericht/4582125
,,,"Sat, 16/08/25",,,,,Ceará Sporting Club,Red Bull Bragantino,Estádio Governador Plácido Castelo,Attendance: 27.459,https://www.transfermarkt.co.uk/ceara-sporting-club_red-bull-bragantino/index/spielbericht/4582325
,,,"Sat, 16/08/25",,,,,Esporte Clube Vitória,Esporte Clube Juventude,Estádio Manoel Barradas,Attendance: 27.356,https://www.transfermarkt.co.uk/esporte-clube-vitoria_esporte-clube-juventude/index/spielbericht/4582320
,,,"Mon, 11/08/25",,,,,Grêmio Foot-Ball Porto Alegrense,Sport Club do Recife,Arena do Grêmio,Attendance: 35.087,https://www.transfermarkt.co.uk/gremio-foot-ball-porto-alegrense_sport-club-do-recife/index/spielbericht/4582126
,,,"Sat, 16/08/25",,,,,Fluminense Football Club,Fortaleza Esporte Clube,Estádio Jornalista Mário Filho,Attendance: 31.215,https://www.transfermarkt.co.uk/fluminense-football-club_fortaleza-esporte-clube/index/spielbericht/4582271
,,,"Sun, 17/08/25",,,,,Clube Atlético Mineiro,Grêmio Foot-Ball Porto Alegrense,Arena MRV,Attendance: 34.774,https://www.transfermarkt.co.uk/clube-atletico-mineiro_gremio-foot-ball-porto-alegrense/index/spielbericht/4582306
,,,"Tue, 12/08/25",,,,,Esporte Clube Juventude,Sport Club Corinthians Paulista,Estádio Alfredo Jaconi,Attendance: 8.679,https://www.transfermarkt.co.uk/esporte-clube-juventude_sport-club-corinthians-paulista/index/spielbericht/4582129
,,,"Sun, 17/08/25",,,,,Santos FC,Clube de Regatas Vasco da Gama,MorumBIS,Attendance: 54.428,https://www.transfermarkt.co.uk/santos-fc_clube-de-regatas-vasco-da-gama/index/spielbericht/4582290
,,,"Wed, 23/07/25",,,,,Sport Club Corinthians Paulista,Cruzeiro Esporte Clube,Neo Química Arena,Attendance: 31.541,https://www.transfermarkt.co.uk/sport-club-corinthians-paulista_cruzeiro-esporte-clube/index/spielbericht/4582222
,,,"Sun, 17/08/25",,,,,Sport Club Internacional,CR Flamengo,Estádio Beira-Rio,Attendance: 22.241,https://www.transfermarkt.co.uk/sport-club-internacional_cr-flamengo/index/spielbericht/4582312
,,,"Mon, 18/08/25",,,,,Botafogo de Futebol e Regatas,Sociedade Esportiva Palmeiras,Estádio Olímpico Nilton Santos,Attendance: 18.183,https://www.transfermarkt.co.uk/botafogo-de-futebol-e-regatas_sociedade-esportiva-palmeiras/index/spielbericht/4582277
,,,"Sun, 24/08/25",,,,,Grêmio Foot-Ball Porto Alegrense,Ceará Sporting Club,Arena do Grêmio,Attendance: 25.138,https://www.transfermarkt.co.uk/gremio-foot-ball-porto-alegrense_ceara-sporting-club/index/spielbericht/4582046
,,,"Tue, 19/08/25",,,,,Mirassol Futebol Clube (SP),Cruzeiro Esporte Clube,Estádio Municipal José María de Campos Maia,Attendance: 6.015,https://www.transfermarkt.co.uk/mirassol-futebol-clube-sp-_cruzeiro-esporte-clube/index/spielbericht/4582297
,,,"Mon, 25/08/25",,,,,São Paulo Futebol Clube,Clube Atlético Mineiro,MorumBIS,Attendance: 26.364,https://www.transfermarkt.co.uk/sao-paulo-futebol-clube_clube-atletico-mineiro/index/spielbericht/4582043
,,,"Sat, 23/08/25",,,,,Cruzeiro Esporte Clube,Sport Club Internacional,Estádio Governador Magalhães Pinto,Attendance: 44.402,https://www.transfermarkt.co.uk/cruzeiro-esporte-clube_sport-club-internacional/index/spielbericht/4582045
,,,"Sun, 24/08/25",,,,,Esporte Clube Juventude,Botafogo de Futebol e Regatas,Estádio Alfredo Jaconi,Attendance: 7.528,https://www.transfermarkt.co.uk/esporte-clube-juventude_botafogo-de-futebol-e-regatas/index/spielbericht/4582049
,,,"Sun, 24/08/25",,,,,Fortaleza Esporte Clube,Mirassol Futebol Clube (SP),Estádio Governador Plácido Castelo,Attendance: 17.879,https://www.transfermarkt.co.uk/fortaleza-esporte-clube_mirassol-futebol-clube-sp-/index/spielbericht/4582048
,,,"Tue, 26/08/25",,,,,CR Flamengo,Esporte Clube Vitória,Estádio Jornalista Mário Filho,Attendance: 60.642,https://www.transfermarkt.co.uk/cr-flamengo_esporte-clube-vitoria/index/spielbericht/4582040
,,,"Sat, 23/08/25",,,,,Red Bull Bragantino,Fluminense Football Club,Estádio Municipal Cicero De Souza Marques,Attendance: 3.932,https://www.transfermarkt.co.uk/red-bull-bragantino_fluminense-football-club/index/spielbericht/4582044
,,,"Sun, 31/08/25",,,,,Santos FC,Fluminense Football Club,Estádio Urbano Caldeira,Attendance: 12.515,https://www.transfermarkt.co.uk/santos-fc_fluminense-football-club/index/spielbericht/4582288
,,,"Mon, 25/08/25",,,,,Sociedade Esportiva Palmeiras,Sport Club do Recife,Allianz Parque,Attendance: 36.588,https://www.transfermarkt.co.uk/sociedade-esportiva-palmeiras_sport-club-do-recife/index/spielbericht/4582042
,,,"Sun, 31/08/25",,,,,Cruzeiro Esporte Clube,São Paulo Futebol Clube,Estádio Governador Magalhães Pinto,Attendance: 36.882,https://www.transfermarkt.co.uk/cruzeiro-esporte-clube_sao-paulo-futebol-clube/index/spielbericht/4582302
,,,"Sun, 31/08/25",,,,,CR Flamengo,Grêmio Foot-Ball Porto Alegrense,Estádio Jornalista Mário Filho,Attendance: 69.447,https://www.transfermarkt.co.uk/cr-flamengo_gremio-foot-ball-porto-alegrense/index/spielbericht/4582265
,,,"Sat, 30/08/25",,,,,Ceará Sporting Club,Esporte Clube Juventude,Estádio Governador Plácido Castelo,Attendance: 34.675,https://www.transfermarkt.co.uk/ceara-sporting-club_esporte-clube-juventude/index/spielbericht/4582321
,,,"Sun, 31/08/25",,,,,Sport Club Corinthians Paulista,Sociedade Esportiva Palmeiras,Neo Química Arena,Attendance: 45.273,https://www.transfermarkt.co.uk/sport-club-corinthians-paulista_sociedade-esportiva-palmeiras/index/spielbericht/4582276
,,,"Sun, 31/08/25",,,,,Mirassol Futebol Clube (SP),Esporte Clube Bahia,Estádio Municipal José María de Campos Maia,Attendance: 4.759,https://www.transfermarkt.co.uk/mirassol-futebol-clube-sp-_esporte-clube-bahia/index/spielbericht/4582295
,,,"Sun, 17/08/25",,,,,Sport Club Corinthians Paulista,Esporte Clube Bahia,Neo Química Arena,Attendance: 39.403,https://www.transfermarkt.co.uk/sport-club-corinthians-paulista_esporte-clube-bahia/index/spielbericht/4582282
,,,"Mon, 01/09/25",,,,,Sport Club Internacional,Fortaleza Esporte Clube,Estádio Beira-Rio,Attendance: 9.099,https://www.transfermarkt.co.uk/sport-club-internacional_fortaleza-esporte-clube/index/spielbericht/4582310
,,,"Sun, 24/08/25",,,,,Esporte Clube Bahia,Santos FC,Arena Fonte Nova,Attendance: 45.813,https://www.transfermarkt.co.uk/esporte-clube-bahia_santos-fc/index/spielbericht/4582047
,,,"Sat, 30/08/25",,,,,Botafogo de Futebol e Regatas,Red Bull Bragantino,Estádio Olímpico Nilton Santos,Attendance: 13.165,https://www.transfermarkt.co.uk/botafogo-de-futebol-e-regatas_red-bull-bragantino/index/spielbericht/4582269
,,,"Mon, 01/09/25",,,,,Sport Club do Recife,Clube de Regatas Vasco da Gama,Estádio Adelmar da Costa Carvalho,Attendance: 15.434,https://www.transfermarkt.co.uk/sport-club-do-recife_clube-de-regatas-vasco-da-gama/index/spielbericht/4582328
,,,"Sun, 31/08/25",,,,,Esporte Clube Vitória,Clube Atlético Mineiro,Estádio Manoel Barradas,Attendance: 28.898,https://www.transfermarkt.co.uk/esporte-clube-vitoria_clube-atletico-mineiro/index/spielbericht/4582316
,,,"Sat, 13/09/25",,,,,Grêmio Foot-Ball Porto Alegrense,Mirassol Futebol Clube (SP),Arena do Grêmio,Attendance: 45.724,https://www.transfermarkt.co.uk/gremio-foot-ball-porto-alegrense_mirassol-futebol-clube-sp-/index/spielbericht/4582196
,,,"Sat, 13/09/25",,,,,Sociedade Esportiva Palmeiras,Sport Club Internacional,Allianz Parque,Attendance: 39.640,https://www.transfermarkt.co.uk/sociedade-esportiva-palmeiras_sport-club-internacional/index/spielbericht/4582192
,,,"Sun, 14/09/25",,,,,Fluminense Football Club,Sport Club Corinthians Paulista,Estádio Jornalista Mário Filho,Attendance: 21.091,https://www.transfermarkt.co.uk/fluminense-football-club_sport-club-corinthians-paulista/index/spielbericht/4582190
,,,"Sat, 16/08/25",,,,,Sport Club do Recife,São Paulo Futebol Clube,Estádio Adelmar da Costa Carvalho,Attendance: 26.104,https://www.transfermarkt.co.uk/sport-club-do-recife_sao-paulo-futebol-clube/index/spielbericht/4582332
,,,"Sun, 14/09/25",,,,,Esporte Clube Juventude,CR Flamengo,Estádio Alfredo Jaconi,Attendance: 15.204,https://www.transfermarkt.co.uk/esporte-clube-juventude_cr-flamengo/index/spielbericht/4582199
,,,"Sat, 13/09/25",,,,,Fortaleza Esporte Clube,Esporte Clube Vitória,Estádio Governador Plácido Castelo,Attendance: 29.137,https://www.transfermarkt.co.uk/fortaleza-esporte-clube_esporte-clube-vitoria/index/spielbericht/4582198
,,,"Tue, 16/09/25",,,,,Esporte Clube Bahia,Cruzeiro Esporte Clube,Arena Fonte Nova,Attendance: 32.160,https://www.transfermarkt.co.uk/esporte-clube-bahia_cruzeiro-esporte-clube/index/spielbericht/4582197
,,,"Mon, 15/09/25",,,,,Clube de Regatas Vasco da Gama,Ceará Sporting Club,Estádio São Januário,Attendance: 17.497,https://www.transfermarkt.co.uk/clube-de-regatas-vasco-da-gama_ceara-sporting-club/index/spielbericht/4582191
,,,"Sun, 14/09/25",,,,,Clube Atlético Mineiro,Santos FC,Arena MRV,Attendance: 38.262,https://www.transfermarkt.co.uk/clube-atletico-mineiro_santos-fc/index/spielbericht/4582195
,,,"Sat, 20/09/25",,,,,Esporte Clube Vitória,Fluminense Football Club,Estádio Manoel Barradas,Attendance: 27.183,https://www.transfermarkt.co.uk/esporte-clube-vitoria_fluminense-football-club/index/spielbericht/4582347
,,,"Sat, 20/09/25",,,,,Botafogo de Futebol e Regatas,Clube Atlético Mineiro,Estádio Olímpico Nilton Santos,Attendance: 11.816,https://www.transfermarkt.co.uk/botafogo-de-futebol-e-regatas_clube-atletico-mineiro/index/spielbericht/4582286
,,,"Sun, 21/09/25",,,,,Sociedade Esportiva Palmeiras,Fortaleza Esporte Clube,Allianz Parque,Attendance: 35.324,https://www.transfermarkt.co.uk/sociedade-esportiva-palmeiras_fortaleza-esporte-clube/index/spielbericht/4582294
,,,"Sun, 10/08/25",,,,,Esporte Clube Bahia,Fluminense Football Club,Arena Fonte Nova,Attendance: 35.668,https://www.transfermarkt.co.uk/esporte-clube-bahia_fluminense-football-club/index/spielbericht/4582127
,,,"Sat, 20/09/25",,,,,Ceará Sporting Club,Esporte Clube Bahia,Estádio Governador Plácido Castelo,Attendance: 24.873,https://www.transfermarkt.co.uk/ceara-sporting-club_esporte-clube-bahia/index/spielbericht/4582348
,,,"Sun, 21/09/25",,,,,CR Flamengo,Clube de Regatas Vasco da Gama,Estádio Jornalista Mário Filho,Attendance: 62.156,https://www.transfermarkt.co.uk/cr-flamengo_clube-de-regatas-vasco-da-gama/index/spielbericht/4582274
,,,"Sun, 21/09/25",,,,,Sport Club do Recife,Sport Club Corinthians Paulista,Estádio Adelmar da Costa Carvalho,Attendance: 25.504,https://www.transfermarkt.co.uk/sport-club-do-recife_sport-club-corinthians-paulista/index/spielbericht/4582349
,,,"Mon, 22/09/25",,,,,Santos FC,São Paulo Futebol Clube,Estádio Urbano Caldeira,Attendance: 12.107,https://www.transfermarkt.co.uk/santos-fc_sao-paulo-futebol-clube/index/spielbericht/4582307
,,,"Sun, 21/09/25",,,,,Sport Club Internacional,Grêmio Foot-Ball Porto Alegrense,Estádio Beira-Rio,Attendance: 28.176,https://www.transfermarkt.co.uk/sport-club-internacional_gremio-foot-ball-porto-alegrense/index/spielbericht/4582329
,,,"Sun, 21/09/25",,,,,Mirassol Futebol Clube (SP),Esporte Clube Juventude,Estádio Municipal José María de Campos Maia,Attendance: 4.171,https://www.transfermarkt.co.uk/mirassol-futebol-clube-sp-_esporte-clube-juventude/index/spielbericht/4582314
,,,"Mon, 22/09/25",,,,,Cruzeiro Esporte Clube,Red Bull Bragantino,Estádio Governador Magalhães Pinto,Attendance: 35.726,https://www.transfermarkt.co.uk/cruzeiro-esporte-clube_red-bull-bragantino/index/spielbericht/4582323
,,,"Sat, 27/09/25",,,,,Fortaleza Esporte Clube,Sport Club do Recife,Estádio Governador Plácido Castelo,Attendance: 28.123,https://www.transfermarkt.co.uk/fortaleza-esporte-clube_sport-club-do-recife/index/spielbericht/4582248
,,,"Sat, 27/09/25",,,,,Clube de Regatas Vasco da Gama,Cruzeiro Esporte Clube,Estádio São Januário,Attendance: 20.342,https://www.transfermarkt.co.uk/clube-de-regatas-vasco-da-gama_cruzeiro-esporte-clube/index/spielbericht/4582241
,,,"Sun, 28/09/25",,,,,Clube Atlético Mineiro,Mirassol Futebol Clube (SP),Arena MRV,Attendance: 22.864,https://www.transfermarkt.co.uk/clube-atletico-mineiro_mirassol-futebol-clube-sp-/index/spielbericht/4582245
,,,"Sun, 24/08/25",,,,,Clube de Regatas Vasco da Gama,Sport Club Corinthians Paulista,Estádio São Januário,Attendance: 20.329,https://www.transfermarkt.co.uk/clube-de-regatas-vasco-da-gama_sport-club-corinthians-paulista/index/spielbericht/4582041
,,,"Sat, 27/09/25",,,,,Esporte Clube Juventude,Sport Club Internacional,Estádio Alfredo Jaconi,Attendance: 8.178,https://www.transfermarkt.co.uk/esporte-clube-juventude_sport-club-internacional/index/spielbericht/4582249
,,,"Sat, 21/09/24",,,,,LASK,Grazer AK 1902,Raiffeisen Arena,Attendance: 13.000,https://www.transfermarkt.co.uk/lask_grazer-ak-1902/index/spielbericht/4375280
,,,"Sun, 28/09/25",,,,,Red Bull Bragantino,Santos FC,Estádio Municipal Cicero De Souza Marques,Attendance: 5.824,https://www.transfermarkt.co.uk/red-bull-bragantino_santos-fc/index/spielbericht/4582244
,,,"Sun, 28/09/25",,,,,Esporte Clube Bahia,Sociedade Esportiva Palmeiras,Arena Fonte Nova,Attendance: 45.615,https://www.transfermarkt.co.uk/esporte-clube-bahia_sociedade-esportiva-palmeiras/index/spielbericht/4582247
,,,"Wed, 01/10/25",,,,,Sociedade Esportiva Palmeiras,Clube de Regatas Vasco da Gama,Allianz Parque,Attendance: 34.355,https://www.transfermarkt.co.uk/sociedade-esportiva-palmeiras_clube-de-regatas-vasco-da-gama/index/spielbericht/4582252
,,,"Tue, 30/09/25",,,,,São Paulo Futebol Clube,Ceará Sporting Club,MorumBIS,Attendance: 12.342,https://www.transfermarkt.co.uk/sao-paulo-futebol-clube_ceara-sporting-club/index/spielbericht/4582243
,,,"Sun, 28/09/25",,,,,Grêmio Foot-Ball Porto Alegrense,Esporte Clube Vitória,Arena do Grêmio,Attendance: 41.025,https://www.transfermarkt.co.uk/gremio-foot-ball-porto-alegrense_esporte-clube-vitoria/index/spielbericht/4582246
,,,"Sun, 28/09/25",,,,,Fluminense Football Club,Botafogo de Futebol e Regatas,Estádio Jornalista Mário Filho,Attendance: 18.252,https://www.transfermarkt.co.uk/fluminense-football-club_botafogo-de-futebol-e-regatas/index/spielbericht/4582240
,,,"Mon, 29/09/25",,,,,Sport Club Corinthians Paulista,CR Flamengo,Neo Química Arena,Attendance: 40.629,https://www.transfermarkt.co.uk/sport-club-corinthians-paulista_cr-flamengo/index/spielbericht/4582242
,,,"Wed, 01/10/25",,,,,Clube Atlético Mineiro,Esporte Clube Juventude,Arena MRV,Attendance: 26.567,https://www.transfermarkt.co.uk/clube-atletico-mineiro_esporte-clube-juventude/index/spielbericht/4582255
,,,"Wed, 01/10/25",,,,,Sport Club do Recife,Fluminense Football Club,Estádio Adelmar da Costa Carvalho,Attendance: 14.172,https://www.transfermarkt.co.uk/sport-club-do-recife_fluminense-football-club/index/spielbericht/4582259
,,,"Thu, 02/10/25",,,,,Santos FC,Grêmio Foot-Ball Porto Alegrense,Estádio Urbano Caldeira,Attendance: 9.306,https://www.transfermarkt.co.uk/santos-fc_gremio-foot-ball-porto-alegrense/index/spielbericht/4582253
,,,"Sun, 05/10/25",,,,,Sport Club Corinthians Paulista,Mirassol Futebol Clube (SP),Neo Química Arena,Attendance: 38.654,https://www.transfermarkt.co.uk/sport-club-corinthians-paulista_mirassol-futebol-clube-sp-/index/spielbericht/4582296
,,,"Sat, 04/10/25",,,,,Fluminense Football Club,Clube Atlético Mineiro,Estádio Jornalista Mário Filho,Attendance: 20.198,https://www.transfermarkt.co.uk/fluminense-football-club_clube-atletico-mineiro/index/spielbericht/4582280
,,,"Sat, 04/10/25",,,,,Sport Club Internacional,Botafogo de Futebol e Regatas,Estádio Beira-Rio,Attendance: 20.805,https://www.transfermarkt.co.uk/sport-club-internacional_botafogo-de-futebol-e-regatas/index/spielbericht/4582331
,,,"Sun, 05/10/25",,,,,Clube de Regatas Vasco da Gama,Esporte Clube Vitória,Estádio São Januário,Attendance: 19.850,https://www.transfermarkt.co.uk/clube-de-regatas-vasco-da-gama_esporte-clube-vitoria/index/spielbericht/4582289
,,,"Thu, 02/10/25",,,,,Fortaleza Esporte Clube,São Paulo Futebol Clube,Estádio Governador Plácido Castelo,Attendance: 35.544,https://www.transfermarkt.co.uk/fortaleza-esporte-clube_sao-paulo-futebol-clube/index/spielbericht/4582258
,,,"Thu, 02/10/25",,,,,Botafogo de Futebol e Regatas,Esporte Clube Bahia,Estádio Olímpico Nilton Santos,Attendance: 8.059,https://www.transfermarkt.co.uk/botafogo-de-futebol-e-regatas_esporte-clube-bahia/index/spielbericht/4582251
,,,"Fri, 03/10/25",,,,,CR Flamengo,Cruzeiro Esporte Clube,Estádio Jornalista Mário Filho,Attendance: 72.565,https://www.transfermarkt.co.uk/cr-flamengo_cruzeiro-esporte-clube/index/spielbericht/4582250
,,,"Sun, 05/10/25",,,,,São Paulo Futebol Clube,Sociedade Esportiva Palmeiras,MorumBIS,Attendance: 33.928,https://www.transfermarkt.co.uk/sao-paulo-futebol-clube_sociedade-esportiva-palmeiras/index/spielbericht/4582304
,,,"Sat, 04/10/25",,,,,Red Bull Bragantino,Grêmio Foot-Ball Porto Alegrense,Estádio Municipal Cicero De Souza Marques,Attendance: 3.781,https://www.transfermarkt.co.uk/red-bull-bragantino_gremio-foot-ball-porto-alegrense/index/spielbericht/4582313
,,,"Sun, 05/10/25",,,,,Esporte Clube Bahia,CR Flamengo,Arena Fonte Nova,Attendance: 48.634,https://www.transfermarkt.co.uk/esporte-clube-bahia_cr-flamengo/index/spielbericht/4582335
,,,"Mon, 06/10/25",,,,,Cruzeiro Esporte Clube,Sport Club do Recife,Estádio Governador Magalhães Pinto,Attendance: 50.969,https://www.transfermarkt.co.uk/cruzeiro-esporte-clube_sport-club-do-recife/index/spielbericht/4582324
,,,"Sun, 05/10/25",,,,,Esporte Clube Juventude,Fortaleza Esporte Clube,Estádio Alfredo Jaconi,Attendance: 6.581,https://www.transfermarkt.co.uk/esporte-clube-juventude_fortaleza-esporte-clube/index/spielbericht/4582341
,,,"Mon, 06/10/25",,,,,Ceará Sporting Club,Santos FC,Estádio Governador Plácido Castelo,Attendance: 25.636,https://www.transfermarkt.co.uk/ceara-sporting-club_santos-fc/index/spielbericht/4582338
,,,"Wed, 15/10/25",,,,,Botafogo de Futebol e Regatas,CR Flamengo,Estádio Olímpico Nilton Santos,Attendance: 22.635,https://www.transfermarkt.co.uk/botafogo-de-futebol-e-regatas_cr-flamengo/index/spielbericht/4582262
,,,"Thu, 16/10/25",,,,,Clube Atlético Mineiro,Cruzeiro Esporte Clube,Arena MRV,Attendance: 40.388,https://www.transfermarkt.co.uk/clube-atletico-mineiro_cruzeiro-esporte-clube/index/spielbericht/4582284
,,,"Wed, 15/10/25",,,,,Sociedade Esportiva Palmeiras,Red Bull Bragantino,Allianz Parque,Attendance: 29.169,https://www.transfermarkt.co.uk/sociedade-esportiva-palmeiras_red-bull-bragantino/index/spielbericht/4582266
,,,"Thu, 16/10/25",,,,,Mirassol Futebol Clube (SP),Sport Club Internacional,Estádio Municipal José María de Campos Maia,Attendance: 5.072,https://www.transfermarkt.co.uk/mirassol-futebol-clube-sp-_sport-club-internacional/index/spielbericht/4582278
,,,"Thu, 16/10/25",,,,,Grêmio Foot-Ball Porto Alegrense,São Paulo Futebol Clube,Arena do Grêmio,Attendance: 21.526,https://www.transfermarkt.co.uk/gremio-foot-ball-porto-alegrense_sao-paulo-futebol-clube/index/spielbericht/4582292
,,,"Fri, 17/10/25",,,,,Esporte Clube Vitória,Esporte Clube Bahia,Estádio Manoel Barradas,Attendance: 28.027,https://www.transfermarkt.co.uk/esporte-clube-vitoria_esporte-clube-bahia/index/spielbericht/4582301
,,,"Sun, 27/10/24",,,,,Wolfsberger AC,Red Bull Salzburg,Lavanttal-Arena,Attendance: 4.125,https://www.transfermarkt.co.uk/wolfsberger-ac_red-bull-salzburg/index/spielbericht/4375305
,,,"Thu, 16/10/25",,,,,Santos FC,Sport Club Corinthians Paulista,Estádio Urbano Caldeira,Attendance: 13.123,https://www.transfermarkt.co.uk/santos-fc_sport-club-corinthians-paulista/index/spielbericht/4582272
,,,"Fri, 17/10/25",,,,,Fluminense Football Club,Esporte Clube Juventude,Estádio Jornalista Mário Filho,Attendance: 15.639,https://www.transfermarkt.co.uk/fluminense-football-club_esporte-clube-juventude/index/spielbericht/4582260
,,,"Sun, 14/09/25",,,,,São Paulo Futebol Clube,Botafogo de Futebol e Regatas,MorumBIS,Attendance: 38.713,https://www.transfermarkt.co.uk/sao-paulo-futebol-clube_botafogo-de-futebol-e-regatas/index/spielbericht/4582193
,,,"Sat, 18/10/25",,,,,Sport Club Corinthians Paulista,Clube Atlético Mineiro,Neo Química Arena,Attendance: 39.228,https://www.transfermarkt.co.uk/sport-club-corinthians-paulista_clube-atletico-mineiro/index/spielbericht/4582273
,,,"Sun, 19/10/25",,,,,CR Flamengo,Sociedade Esportiva Palmeiras,Estádio Jornalista Mário Filho,Attendance: 71.651,https://www.transfermarkt.co.uk/cr-flamengo_sociedade-esportiva-palmeiras/index/spielbericht/4582263
,,,"Thu, 16/10/25",,,,,Sport Club do Recife,Ceará Sporting Club,Estádio Adelmar da Costa Carvalho,Attendance: 14.494,https://www.transfermarkt.co.uk/sport-club-do-recife_ceara-sporting-club/index/spielbericht/4582315
,,,"Sun, 19/10/25",,,,,Sport Club Internacional,Sport Club do Recife,Estádio Beira-Rio,Attendance: 20.781,https://www.transfermarkt.co.uk/sport-club-internacional_sport-club-do-recife/index/spielbericht/4582303
,,,"Sun, 19/10/25",,,,,Mirassol Futebol Clube (SP),São Paulo Futebol Clube,Estádio Municipal José María de Campos Maia,Attendance: 8.981,https://www.transfermarkt.co.uk/mirassol-futebol-clube-sp-_sao-paulo-futebol-clube/index/spielbericht/4582283
,,,"Sun, 19/10/25",,,,,Cruzeiro Esporte Clube,Fortaleza Esporte Clube,Estádio Governador Magalhães Pinto,Attendance: 40.410,https://www.transfermarkt.co.uk/cruzeiro-esporte-clube_fortaleza-esporte-clube/index/spielbericht/4582293
,,,"Mon, 20/10/25",,,,,Esporte Clube Bahia,Grêmio Foot-Ball Porto Alegrense,Arena Fonte Nova,Attendance: 29.376,https://www.transfermarkt.co.uk/esporte-clube-bahia_gremio-foot-ball-porto-alegrense/index/spielbericht/4582311
,,,"Sun, 19/10/25",,,,,Ceará Sporting Club,Botafogo de Futebol e Regatas,Estádio Governador Plácido Castelo,Attendance: 30.021,https://www.transfermarkt.co.uk/ceara-sporting-club_botafogo-de-futebol-e-regatas/index/spielbericht/4582318
,,,"Mon, 20/10/25",,,,,Esporte Clube Juventude,Red Bull Bragantino,Estádio Alfredo Jaconi,Attendance: 5.037,https://www.transfermarkt.co.uk/esporte-clube-juventude_red-bull-bragantino/index/spielbericht/4582326
,,,"Sun, 20/10/24",,,,,WSG Tirol,LASK,Tivoli Stadion Tirol,Attendance: 2.140,https://www.transfermarkt.co.uk/wsg-tirol_lask/index/spielbericht/4375303
,,,"Wed, 01/10/25",,,,,Mirassol Futebol Clube (SP),Red Bull Bragantino,Estádio Municipal José María de Campos Maia,Attendance: 4.321,https://www.transfermarkt.co.uk/mirassol-futebol-clube-sp-_red-bull-bragantino/index/spielbericht/4582254
,,,"Sat, 25/10/25",,,,,Fluminense Football Club,Sport Club Internacional,Estádio Jornalista Mário Filho,Attendance: 21.298,https://www.transfermarkt.co.uk/fluminense-football-club_sport-club-internacional/index/spielbericht/4582287
,,,"Tue, 21/10/25",,,,,Santos FC,Esporte Clube Vitória,Estádio Urbano Caldeira,Attendance: 11.775,https://www.transfermarkt.co.uk/santos-fc_esporte-clube-vitoria/index/spielbericht/4582279
,,,"Wed, 01/10/25",,,,,Sport Club Internacional,Sport Club Corinthians Paulista,Estádio Beira-Rio,Attendance: 12.825,https://www.transfermarkt.co.uk/sport-club-internacional_sport-club-corinthians-paulista/index/spielbericht/4582256
,,,"Sat, 25/10/25",,,,,Clube Atlético Mineiro,Ceará Sporting Club,Arena MRV,Attendance: 33.694,https://www.transfermarkt.co.uk/clube-atletico-mineiro_ceara-sporting-club/index/spielbericht/4582333
,,,"Sat, 25/10/25",,,,,Sport Club do Recife,Mirassol Futebol Clube (SP),Estádio Adelmar da Costa Carvalho,Attendance: 10.656,https://www.transfermarkt.co.uk/sport-club-do-recife_mirassol-futebol-clube-sp-/index/spielbericht/4582345
,,,"Sat, 25/10/25",,,,,Esporte Clube Vitória,Sport Club Corinthians Paulista,Estádio Manoel Barradas,Attendance: 28.070,https://www.transfermarkt.co.uk/esporte-clube-vitoria_sport-club-corinthians-paulista/index/spielbericht/4582340
,,,"Sun, 26/10/25",,,,,Botafogo de Futebol e Regatas,Santos FC,Estádio Olímpico Nilton Santos,Attendance: 20.533,https://www.transfermarkt.co.uk/botafogo-de-futebol-e-regatas_santos-fc/index/spielbericht/4582298
,,,"Mon, 20/10/25",,,,,Clube de Regatas Vasco da Gama,Fluminense Football Club,Estádio Jornalista Mário Filho,Attendance: 53.746,https://www.transfermarkt.co.uk/clube-de-regatas-vasco-da-gama_fluminense-football-club/index/spielbericht/4582268
,,,"Sat, 25/10/25",,,,,Fortaleza Esporte Clube,CR Flamengo,Estádio Governador Plácido Castelo,Attendance: 36.815,https://www.transfermarkt.co.uk/fortaleza-esporte-clube_cr-flamengo/index/spielbericht/4582319
,,,"Sun, 26/10/25",,,,,São Paulo Futebol Clube,Esporte Clube Bahia,MorumBIS,Attendance: 15.226,https://www.transfermarkt.co.uk/sao-paulo-futebol-clube_esporte-clube-bahia/index/spielbericht/4582343
,,,"Sun, 26/10/25",,,,,Red Bull Bragantino,Clube de Regatas Vasco da Gama,Estádio Municipal Cicero De Souza Marques,Attendance: 6.247,https://www.transfermarkt.co.uk/red-bull-bragantino_clube-de-regatas-vasco-da-gama/index/spielbericht/4582327
,,,"Sun, 26/10/25",,,,,Grêmio Foot-Ball Porto Alegrense,Esporte Clube Juventude,Arena do Grêmio,Attendance: 32.444,https://www.transfermarkt.co.uk/gremio-foot-ball-porto-alegrense_esporte-clube-juventude/index/spielbericht/4582337
,,,"Sat, 01/11/25",,,,,Cruzeiro Esporte Clube,Esporte Clube Vitória,Estádio Governador Magalhães Pinto,Attendance: 59.587,https://www.transfermarkt.co.uk/cruzeiro-esporte-clube_esporte-clube-vitoria/index/spielbericht/4582235
,,,"Sun, 02/11/25",,,,,Sport Club Corinthians Paulista,Grêmio Foot-Ball Porto Alegrense,Neo Química Arena,Attendance: 42.081,https://www.transfermarkt.co.uk/sport-club-corinthians-paulista_gremio-foot-ball-porto-alegrense/index/spielbericht/4582232
,,,"Sat, 01/11/25",,,,,Mirassol Futebol Clube (SP),Botafogo de Futebol e Regatas,Estádio Municipal José María de Campos Maia,Attendance: 5.145,https://www.transfermarkt.co.uk/mirassol-futebol-clube-sp-_botafogo-de-futebol-e-regatas/index/spielbericht/4582234
,,,"Sat, 01/11/25",,,,,Santos FC,Fortaleza Esporte Clube,Estádio Urbano Caldeira,Attendance: 13.356,https://www.transfermarkt.co.uk/santos-fc_fortaleza-esporte-clube/index/spielbericht/4582233
,,,"Sun, 02/11/25",,,,,CR Flamengo,Sport Club do Recife,Estádio Jornalista Mário Filho,Attendance: 67.598,https://www.transfermarkt.co.uk/cr-flamengo_sport-club-do-recife/index/spielbericht/4582230
,,,"Sun, 02/11/25",,,,,Ceará Sporting Club,Fluminense Football Club,Estádio Governador Plácido Castelo,Attendance: 28.700,https://www.transfermarkt.co.uk/ceara-sporting-club_fluminense-football-club/index/spielbericht/4582238
,,,"Sun, 02/11/25",,,,,Esporte Clube Bahia,Red Bull Bragantino,Arena Fonte Nova,Attendance: 43.129,https://www.transfermarkt.co.uk/esporte-clube-bahia_red-bull-bragantino/index/spielbericht/4582237
,,,"Sun, 02/11/25",,,,,Sport Club Internacional,Clube Atlético Mineiro,Estádio Beira-Rio,Attendance: 32.644,https://www.transfermarkt.co.uk/sport-club-internacional_clube-atletico-mineiro/index/spielbericht/4582236
,,,"Sun, 02/11/25",,,,,Clube de Regatas Vasco da Gama,São Paulo Futebol Clube,Estádio São Januário,Attendance: 20.359,https://www.transfermarkt.co.uk/clube-de-regatas-vasco-da-gama_sao-paulo-futebol-clube/index/spielbericht/4582231
,,,"Wed, 05/11/25",,,,,Red Bull Bragantino,Sport Club Corinthians Paulista,Estádio Municipal Cicero De Souza Marques,Attendance: 8.250,https://www.transfermarkt.co.uk/red-bull-bragantino_sport-club-corinthians-paulista/index/spielbericht/4582334
,,,"Wed, 05/11/25",,,,,Sport Club do Recife,Esporte Clube Juventude,Estádio Adelmar da Costa Carvalho,Attendance: 4.919,https://www.transfermarkt.co.uk/sport-club-do-recife_esporte-clube-juventude/index/spielbericht/4582346
,,,"Wed, 05/11/25",,,,,Botafogo de Futebol e Regatas,Clube de Regatas Vasco da Gama,Estádio Olímpico Nilton Santos,Attendance: 13.231,https://www.transfermarkt.co.uk/botafogo-de-futebol-e-regatas_clube-de-regatas-vasco-da-gama/index/spielbericht/4582317
,,,"Wed, 05/11/25",,,,,Clube Atlético Mineiro,Esporte Clube Bahia,Arena MRV,Attendance: 25.506,https://www.transfermarkt.co.uk/clube-atletico-mineiro_esporte-clube-bahia/index/spielbericht/4582336
,,,"Thu, 16/10/25",,,,,Fortaleza Esporte Clube,Clube de Regatas Vasco da Gama,Estádio Governador Plácido Castelo,Attendance: 27.658,https://www.transfermarkt.co.uk/fortaleza-esporte-clube_clube-de-regatas-vasco-da-gama/index/spielbericht/4582308
,,,"Thu, 06/11/25",,,,,São Paulo Futebol Clube,CR Flamengo,Estádio Urbano Caldeira,Attendance: 11.228,https://www.transfermarkt.co.uk/sao-paulo-futebol-clube_cr-flamengo/index/spielbericht/4582330
,,,"Thu, 06/11/25",,,,,Ceará Sporting Club,Fortaleza Esporte Clube,Estádio Governador Plácido Castelo,Attendance: 51.120,https://www.transfermarkt.co.uk/ceara-sporting-club_fortaleza-esporte-clube/index/spielbericht/4582344
,,,"Thu, 06/11/25",,,,,Fluminense Football Club,Mirassol Futebol Clube (SP),Estádio Jornalista Mário Filho,Attendance: 15.952,https://www.transfermarkt.co.uk/fluminense-football-club_mirassol-futebol-clube-sp-/index/spielbericht/4582300
,,,"Wed, 05/11/25",,,,,Grêmio Foot-Ball Porto Alegrense,Cruzeiro Esporte Clube,Arena do Grêmio,Attendance: 20.050,https://www.transfermarkt.co.uk/gremio-foot-ball-porto-alegrense_cruzeiro-esporte-clube/index/spielbericht/4582339
,,,"Sat, 08/11/25",,,,,Clube de Regatas Vasco da Gama,Esporte Clube Juventude,Estádio São Januário,Attendance: 20.000,https://www.transfermarkt.co.uk/clube-de-regatas-vasco-da-gama_esporte-clube-juventude/index/spielbericht/4726114
,,,"Fri, 07/11/25",,,,,Sociedade Esportiva Palmeiras,Santos FC,Allianz Parque,Attendance: 41.167,https://www.transfermarkt.co.uk/sociedade-esportiva-palmeiras_santos-fc/index/spielbericht/4582322
,,,"Sat, 08/11/25",,,,,Sport Club do Recife,Clube Atlético Mineiro,Estádio Adelmar da Costa Carvalho,Attendance: 5.095,https://www.transfermarkt.co.uk/sport-club-do-recife_clube-atletico-mineiro/index/spielbericht/4726122
,,,"Sat, 08/11/25",,,,,Sport Club Internacional,Esporte Clube Bahia,Estádio Beira-Rio,Attendance: 18.524,https://www.transfermarkt.co.uk/sport-club-internacional_esporte-clube-bahia/index/spielbericht/4726119
,,,"Sun, 09/11/25",,,,,São Paulo Futebol Clube,Red Bull Bragantino,Estádio Urbano Caldeira,Attendance: 10.086,https://www.transfermarkt.co.uk/sao-paulo-futebol-clube_red-bull-bragantino/index/spielbericht/4726116
,,,"Wed, 05/11/25",,,,,Esporte Clube Vitória,Sport Club Internacional,Estádio Manoel Barradas,Attendance: 21.725,https://www.transfermarkt.co.uk/esporte-clube-vitoria_sport-club-internacional/index/spielbericht/4582342
,,,"Sun, 09/11/25",,,,,Sport Club Corinthians Paulista,Ceará Sporting Club,Neo Química Arena,Attendance: 39.926,https://www.transfermarkt.co.uk/sport-club-corinthians-paulista_ceara-sporting-club/index/spielbericht/4726115
,,,"Sun, 09/11/25",,,,,Esporte Clube Vitória,Botafogo de Futebol e Regatas,Estádio Manoel Barradas,Attendance: 28.264,https://www.transfermarkt.co.uk/esporte-clube-vitoria_botafogo-de-futebol-e-regatas/index/spielbericht/4726120
,,,"Thu, 20/11/25",,,,,Fluminense Football Club,CR Flamengo,Estádio Jornalista Mário Filho,Attendance: 69.591,https://www.transfermarkt.co.uk/fluminense-football-club_cr-flamengo/index/spielbericht/4726123
,,,"Thu, 20/11/25",,,,,Esporte Clube Juventude,Cruzeiro Esporte Clube,Estádio Alfredo Jaconi,Attendance: 12.186,https://www.transfermarkt.co.uk/esporte-clube-juventude_cruzeiro-esporte-clube/index/spielbericht/4726132
,,,"Sun, 09/11/25",,,,,Mirassol Futebol Clube (SP),Sociedade Esportiva Palmeiras,Estádio Municipal José María de Campos Maia,Attendance: 11.457,https://www.transfermarkt.co.uk/mirassol-futebol-clube-sp-_sociedade-esportiva-palmeiras/index/spielbericht/4726117
,,,"Sun, 09/11/25",,,,,Fortaleza Esporte Clube,Grêmio Foot-Ball Porto Alegrense,Estádio Governador Plácido Castelo,Attendance: 16.025,https://www.transfermarkt.co.uk/fortaleza-esporte-clube_gremio-foot-ball-porto-alegrense/index/spielbericht/4726121
,,,"Sun, 09/11/25",,,,,CR Flamengo,Santos FC,Estádio Jornalista Mário Filho,Attendance: 69.612,https://www.transfermarkt.co.uk/cr-flamengo_santos-fc/index/spielbericht/4726113
,,,"Sun, 02/11/25",,,,,Esporte Clube Juventude,Sociedade Esportiva Palmeiras,Estádio Alfredo Jaconi,Attendance: 6.142,https://www.transfermarkt.co.uk/esporte-clube-juventude_sociedade-esportiva-palmeiras/index/spielbericht/4582239
,,,"Wed, 03/12/25",,,,,Red Bull Bragantino,Esporte Clube Vitória,Estádio Municipal Cicero De Souza Marques,Attendance: 2.755,https://www.transfermarkt.co.uk/red-bull-bragantino_esporte-clube-vitoria/index/spielbericht/4726127
,,,"Thu, 20/11/25",,,,,Sport Club Corinthians Paulista,São Paulo Futebol Clube,Neo Química Arena,Attendance: 46.154,https://www.transfermarkt.co.uk/sport-club-corinthians-paulista_sao-paulo-futebol-clube/index/spielbericht/4726125
,,,"Fri, 21/11/25",,,,,Ceará Sporting Club,Sport Club Internacional,Estádio Governador Plácido Castelo,Attendance: 46.036,https://www.transfermarkt.co.uk/ceara-sporting-club_sport-club-internacional/index/spielbericht/4726131
,,,"Sun, 23/11/25",,,,,CR Flamengo,Red Bull Bragantino,Estádio Jornalista Mário Filho,Attendance: 68.408,https://www.transfermarkt.co.uk/cr-flamengo_red-bull-bragantino/index/spielbericht/4726133
,,,"Tue, 18/11/25",,,,,Botafogo de Futebol e Regatas,Sport Club do Recife,Estádio Olímpico Nilton Santos,Attendance: 12.120,https://www.transfermarkt.co.uk/botafogo-de-futebol-e-regatas_sport-club-do-recife/index/spielbericht/4726124
,,,"Thu, 20/11/25",,,,,Santos FC,Mirassol Futebol Clube (SP),Estádio Urbano Caldeira,Attendance: 14.317,https://www.transfermarkt.co.uk/santos-fc_mirassol-futebol-clube-sp-/index/spielbericht/4726126
,,,"Sun, 23/11/25",,,,,São Paulo Futebol Clube,Esporte Clube Juventude,Estádio Urbano Caldeira,Attendance: 6.468,https://www.transfermarkt.co.uk/sao-paulo-futebol-clube_esporte-clube-juventude/index/spielbericht/4726136
,,,"Sun, 23/11/25",,,,,Esporte Clube Bahia,Clube de Regatas Vasco da Gama,Arena Fonte Nova,Attendance: 43.074,https://www.transfermarkt.co.uk/esporte-clube-bahia_clube-de-regatas-vasco-da-gama/index/spielbericht/4726140
,,,"Sat, 22/11/25",,,,,Botafogo de Futebol e Regatas,Grêmio Foot-Ball Porto Alegrense,Estádio Olímpico Nilton Santos,Attendance: 16.755,https://www.transfermarkt.co.uk/botafogo-de-futebol-e-regatas_gremio-foot-ball-porto-alegrense/index/spielbericht/4726134
,,,"Tue, 25/11/25",,,,,Sport Club Internacional,Santos FC,Estádio Beira-Rio,Attendance: 37.429,https://www.transfermarkt.co.uk/sport-club-internacional_santos-fc/index/spielbericht/4726139
,,,"Sun, 23/11/25",,,,,Cruzeiro Esporte Clube,Sport Club Corinthians Paulista,Estádio Governador Magalhães Pinto,Attendance: 30.673,https://www.transfermarkt.co.uk/cruzeiro-esporte-clube_sport-club-corinthians-paulista/index/spielbericht/4726138
,,,"Sun, 23/11/25",,,,,Sport Club do Recife,Esporte Clube Vitória,Estádio Adelmar da Costa Carvalho,Attendance: 3.813,https://www.transfermarkt.co.uk/sport-club-do-recife_esporte-clube-vitoria/index/spielbericht/4726142
,,,"Thu, 20/11/25",,,,,Grêmio Foot-Ball Porto Alegrense,Clube de Regatas Vasco da Gama,Arena do Grêmio,Attendance: 33.807,https://www.transfermarkt.co.uk/gremio-foot-ball-porto-alegrense_clube-de-regatas-vasco-da-gama/index/spielbericht/4726129
,,,"Wed, 26/11/25",,,,,Grêmio Foot-Ball Porto Alegrense,Sociedade Esportiva Palmeiras,Arena do Grêmio,Attendance: 26.149,https://www.transfermarkt.co.uk/gremio-foot-ball-porto-alegrense_sociedade-esportiva-palmeiras/index/spielbericht/4726149
,,,"Wed, 26/11/25",,,,,Red Bull Bragantino,Fortaleza Esporte Clube,Estádio Municipal Cicero De Souza Marques,Attendance: 3.330,https://www.transfermarkt.co.uk/red-bull-bragantino_fortaleza-esporte-clube/index/spielbericht/4726147
,,,"Mon, 24/11/25",,,,,Mirassol Futebol Clube (SP),Ceará Sporting Club,Estádio Municipal José María de Campos Maia,Attendance: 4.720,https://www.transfermarkt.co.uk/mirassol-futebol-clube-sp-_ceara-sporting-club/index/spielbericht/4726137
,,,"Fri, 28/11/25",,,,,Esporte Clube Juventude,Esporte Clube Bahia,Estádio Alfredo Jaconi,Attendance: 4.536,https://www.transfermarkt.co.uk/esporte-clube-juventude_esporte-clube-bahia/index/spielbericht/4726152
,,,"Sun, 30/11/25",,,,,Fortaleza Esporte Clube,Clube Atlético Mineiro,Estádio Governador Plácido Castelo,Attendance: 51.793,https://www.transfermarkt.co.uk/fortaleza-esporte-clube_clube-atletico-mineiro/index/spielbericht/4726141
,,,"Wed, 26/11/25",,,,,Clube Atlético Mineiro,CR Flamengo,Arena MRV,Attendance: 18.321,https://www.transfermarkt.co.uk/clube-atletico-mineiro_cr-flamengo/index/spielbericht/4726148
,,,"Thu, 27/11/25",,,,,Fluminense Football Club,São Paulo Futebol Clube,Estádio Jornalista Mário Filho,Attendance: 30.427,https://www.transfermarkt.co.uk/fluminense-football-club_sao-paulo-futebol-clube/index/spielbericht/4726143
,,,"Sun, 30/11/25",,,,,Sport Club Corinthians Paulista,Botafogo de Futebol e Regatas,Neo Química Arena,Attendance: 37.959,https://www.transfermarkt.co.uk/sport-club-corinthians-paulista_botafogo-de-futebol-e-regatas/index/spielbericht/4726145
,,,"Sun, 30/11/25",,,,,Ceará Sporting Club,Cruzeiro Esporte Clube,Estádio Governador Plácido Castelo,Attendance: 29.114,https://www.transfermarkt.co.uk/ceara-sporting-club_cruzeiro-esporte-clube/index/spielbericht/4726151
,,,"Sun, 23/11/25",,,,,Sociedade Esportiva Palmeiras,Fluminense Football Club,Allianz Parque,Attendance: 40.245,https://www.transfermarkt.co.uk/sociedade-esportiva-palmeiras_fluminense-football-club/index/spielbericht/4726135
,,,"Wed, 03/12/25",,,,,Grêmio Foot-Ball Porto Alegrense,Fluminense Football Club,Arena do Grêmio,Attendance: 23.689,https://www.transfermarkt.co.uk/gremio-foot-ball-porto-alegrense_fluminense-football-club/index/spielbericht/4726159
,,,"Sun, 16/11/25",,,,,Red Bull Bragantino,Clube Atlético Mineiro,Estádio Municipal Cicero De Souza Marques,Attendance: 4.472,https://www.transfermarkt.co.uk/red-bull-bragantino_clube-atletico-mineiro/index/spielbericht/4726157
,,,"Sat, 29/11/25",,,,,Esporte Clube Vitória,Mirassol Futebol Clube (SP),Estádio Manoel Barradas,Attendance: 30.793,https://www.transfermarkt.co.uk/esporte-clube-vitoria_mirassol-futebol-clube-sp-/index/spielbericht/4726150
,,,"Sun, 09/11/25",,,,,Cruzeiro Esporte Clube,Fluminense Football Club,Estádio Governador Magalhães Pinto,Attendance: 53.283,https://www.transfermarkt.co.uk/cruzeiro-esporte-clube_fluminense-football-club/index/spielbericht/4726118
,,,"Wed, 03/12/25",,,,,Esporte Clube Juventude,Santos FC,Estádio Alfredo Jaconi,Attendance: 15.343,https://www.transfermarkt.co.uk/esporte-clube-juventude_santos-fc/index/spielbericht/4726162
,,,"Wed, 19/11/25",,,,,Sociedade Esportiva Palmeiras,Esporte Clube Vitória,Allianz Parque,Attendance: 39.080,https://www.transfermarkt.co.uk/sociedade-esportiva-palmeiras_esporte-clube-vitoria/index/spielbericht/4726155
,,,"Sat, 29/11/25",,,,,Santos FC,Sport Club do Recife,Estádio Urbano Caldeira,Attendance: 14.156,https://www.transfermarkt.co.uk/santos-fc_sport-club-do-recife/index/spielbericht/4726146
,,,"Fri, 28/11/25",,,,,Clube de Regatas Vasco da Gama,Sport Club Internacional,Estádio São Januário,Attendance: 19.330,https://www.transfermarkt.co.uk/clube-de-regatas-vasco-da-gama_sport-club-internacional/index/spielbericht/4726144
,,,"Wed, 03/12/25",,,,,Fortaleza Esporte Clube,Sport Club Corinthians Paulista,Estádio Governador Plácido Castelo,Attendance: 56.014,https://www.transfermarkt.co.uk/fortaleza-esporte-clube_sport-club-corinthians-paulista/index/spielbericht/4726161
,,,"Thu, 04/12/25",,,,,Cruzeiro Esporte Clube,Botafogo de Futebol e Regatas,Estádio Governador Magalhães Pinto,Attendance: 34.649,https://www.transfermarkt.co.uk/cruzeiro-esporte-clube_botafogo-de-futebol-e-regatas/index/spielbericht/4726158
,,,"Wed, 03/12/25",,,,,São Paulo Futebol Clube,Sport Club Internacional,Estádio Urbano Caldeira,Attendance: 7.309,https://www.transfermarkt.co.uk/sao-paulo-futebol-clube_sport-club-internacional/index/spielbericht/4726156
,,,"Thu, 04/12/25",,,,,CR Flamengo,Ceará Sporting Club,Estádio Jornalista Mário Filho,Attendance: 73.244,https://www.transfermarkt.co.uk/cr-flamengo_ceara-sporting-club/index/spielbericht/4726153
,,,"Sat, 06/12/25",,,,,Mirassol Futebol Clube (SP),CR Flamengo,Estádio Municipal José María de Campos Maia,Attendance: 10.278,https://www.transfermarkt.co.uk/mirassol-futebol-clube-sp-_cr-flamengo/index/spielbericht/4726167
,,,"Wed, 03/12/25",,,,,Esporte Clube Bahia,Sport Club do Recife,Arena Fonte Nova,Attendance: 39.847,https://www.transfermarkt.co.uk/esporte-clube-bahia_sport-club-do-recife/index/spielbericht/4726160
,,,"Thu, 20/11/25",,,,,Esporte Clube Bahia,Fortaleza Esporte Clube,Arena Fonte Nova,Attendance: 39.941,https://www.transfermarkt.co.uk/esporte-clube-bahia_fortaleza-esporte-clube/index/spielbericht/4726130
,,,"Sun, 07/12/25",,,,,Fluminense Football Club,Esporte Clube Bahia,Estádio Jornalista Mário Filho,Attendance: 52.268,https://www.transfermarkt.co.uk/fluminense-football-club_esporte-clube-bahia/index/spielbericht/4726163
,,,"Sun, 07/12/25",,,,,Sport Club Corinthians Paulista,Esporte Clube Juventude,Neo Química Arena,Attendance: 31.003,https://www.transfermarkt.co.uk/sport-club-corinthians-paulista_esporte-clube-juventude/index/spielbericht/4726165
,,,"Tue, 02/12/25",,,,,Clube de Regatas Vasco da Gama,Mirassol Futebol Clube (SP),Estádio São Januário,Attendance: 19.496,https://www.transfermarkt.co.uk/clube-de-regatas-vasco-da-gama_mirassol-futebol-clube-sp-/index/spielbericht/4726154
,,,"Sun, 07/12/25",,,,,Clube Atlético Mineiro,Clube de Regatas Vasco da Gama,Arena MRV,Attendance: 20.622,https://www.transfermarkt.co.uk/clube-atletico-mineiro_clube-de-regatas-vasco-da-gama/index/spielbericht/4726168
,,,"Sun, 07/12/25",,,,,Sport Club Internacional,Red Bull Bragantino,Estádio Beira-Rio,Attendance: 21.710,https://www.transfermarkt.co.uk/sport-club-internacional_red-bull-bragantino/index/spielbericht/4726169
,,,"Sun, 07/12/25",,,,,Esporte Clube Vitória,São Paulo Futebol Clube,Estádio Manoel Barradas,Attendance: 29.538,https://www.transfermarkt.co.uk/esporte-clube-vitoria_sao-paulo-futebol-clube/index/spielbericht/4726170
,,,"Sun, 07/12/25",,,,,Ceará Sporting Club,Sociedade Esportiva Palmeiras,Estádio Governador Plácido Castelo,Attendance: 58.013,https://www.transfermarkt.co.uk/ceara-sporting-club_sociedade-esportiva-palmeiras/index/spielbericht/4726171
,,,"Sun, 07/12/25",,,,,Botafogo de Futebol e Regatas,Fortaleza Esporte Clube,Estádio Olímpico Nilton Santos,Attendance: 26.032,https://www.transfermarkt.co.uk/botafogo-de-futebol-e-regatas_fortaleza-esporte-clube/index/spielbericht/4726164
,,,"Sun, 07/12/25",,,,,Santos FC,Cruzeiro Esporte Clube,Estádio Urbano Caldeira,Attendance: 15.068,https://www.transfermarkt.co.uk/santos-fc_cruzeiro-esporte-clube/index/spielbericht/4726166
,,,"Fri, 16/08/24",,,,,RFC Seraing,Jong Genk,Stade du Paray,Attendance: 649,https://www.transfermarkt.co.uk/rfc-seraing_jong-genk/index/spielbericht/4359116
,,,"Sun, 07/12/25",,,,,Sport Club do Recife,Grêmio Foot-Ball Porto Alegrense,Estádio Adelmar da Costa Carvalho,Attendance: 3.339,https://www.transfermarkt.co.uk/sport-club-do-recife_gremio-foot-ball-porto-alegrense/index/spielbericht/4726172
,,,"Sat, 17/08/24",,,,,Club NXT,KSC Lokeren-Temse,The NEST,Attendance: 880,https://www.transfermarkt.co.uk/club-nxt_ksc-lokeren-temse/index/spielbericht/4359118
,,,"Sat, 17/08/24",,,,,RWD Molenbeek,Patro Eisden Maasmechelen,Edmond Machtensstadion,Attendance: 2.085,https://www.transfermarkt.co.uk/rwd-molenbeek_patro-eisden-maasmechelen/index/spielbericht/4359119
,,,"Sat, 17/08/24",,,,,SK Beveren,Lommel SK,Freethielstadion,Attendance: 2.149,https://www.transfermarkt.co.uk/sk-beveren_lommel-sk/index/spielbericht/4359120
,,,"Fri, 23/08/24",,,,,KAS Eupen,SK Beveren,Kehrweg-Stadion,Attendance: 1.706,https://www.transfermarkt.co.uk/kas-eupen_sk-beveren/index/spielbericht/4359124
,,,"Sat, 24/08/24",,,,,RAAL La Louvière,Club NXT,Stade du Tivoli,Attendance: 1.888,https://www.transfermarkt.co.uk/raal-la-louviere_club-nxt/index/spielbericht/4359128
,,,"Sat, 24/08/24",,,,,Patro Eisden Maasmechelen,RSCA Futures,Patrostadion,Attendance: 651,https://www.transfermarkt.co.uk/patro-eisden-maasmechelen_rsca-futures/index/spielbericht/4359126
,,,"Fri, 23/08/24",,,,,KSC Lokeren-Temse,Francs Borains,Daknamstadion,Attendance: 2.338,https://www.transfermarkt.co.uk/ksc-lokeren-temse_francs-borains/index/spielbericht/4359125
,,,"Sun, 25/08/24",,,,,KMSK Deinze (-2024),Zulte Waregem,Burgemeester Van de Wiele Stadion,Attendance: 2.925,https://www.transfermarkt.co.uk/kmsk-deinze-2024-_zulte-waregem/index/spielbericht/4359130
,,,"Sun, 25/08/24",,,,,Jong Genk,RFC Lüttich,Leunenstadion,Attendance: 819,https://www.transfermarkt.co.uk/jong-genk_rfc-luttich/index/spielbericht/4359131
,,,"Fri, 30/08/24",,,,,RWD Molenbeek,KAS Eupen,Edmond Machtensstadion,Attendance: 2.304,https://www.transfermarkt.co.uk/rwd-molenbeek_kas-eupen/index/spielbericht/4359132
,,,"Sun, 18/08/24",,,,,RFC Lüttich,KAS Eupen,Stade de Rocourt,Attendance: 2.741,https://www.transfermarkt.co.uk/rfc-luttich_kas-eupen/index/spielbericht/4359122
,,,"Fri, 30/08/24",,,,,Zulte Waregem,KSC Lokeren-Temse,Elindus Arena,Attendance: 5.222,https://www.transfermarkt.co.uk/zulte-waregem_ksc-lokeren-temse/index/spielbericht/4359133
,,,"Sat, 31/08/24",,,,,RSCA Futures,RAAL La Louvière,Koning Boudewijn Stadion,Attendance: 559,https://www.transfermarkt.co.uk/rsca-futures_raal-la-louviere/index/spielbericht/4359134
,,,"Sun, 01/09/24",,,,,Jong Genk,Francs Borains,Leunenstadion,Attendance: 394,https://www.transfermarkt.co.uk/jong-genk_francs-borains/index/spielbericht/4359137
,,,"Fri, 13/09/24",,,,,KSC Lokeren-Temse,Patro Eisden Maasmechelen,Daknamstadion,Attendance: 2.197,https://www.transfermarkt.co.uk/ksc-lokeren-temse_patro-eisden-maasmechelen/index/spielbericht/4359141
,,,"Fri, 13/09/24",,,,,Club NXT,RFC Seraing,The NEST,Attendance: 333,https://www.transfermarkt.co.uk/club-nxt_rfc-seraing/index/spielbericht/4359140
,,,"Sat, 14/09/24",,,,,Francs Borains,Lommel SK,Stade Robert Urbain,Attendance: 427,https://www.transfermarkt.co.uk/francs-borains_lommel-sk/index/spielbericht/4359142
,,,"Sat, 31/08/24",,,,,Patro Eisden Maasmechelen,Club NXT,Patrostadion,Attendance: 726,https://www.transfermarkt.co.uk/patro-eisden-maasmechelen_club-nxt/index/spielbericht/4359135
,,,"Sun, 25/08/24",,,,,Lommel SK,RWD Molenbeek,Soeverein stadion,Attendance: 1.917,https://www.transfermarkt.co.uk/lommel-sk_rwd-molenbeek/index/spielbericht/4359129
,,,"Sat, 14/09/24",,,,,RFC Lüttich,RSCA Futures,Stade de Rocourt,Attendance: 2.015,https://www.transfermarkt.co.uk/rfc-luttich_rsca-futures/index/spielbericht/4359143
,,,"Sat, 14/09/24",,,,,RWD Molenbeek,K Lierse SK,Edmond Machtensstadion,Attendance: 2.987,https://www.transfermarkt.co.uk/rwd-molenbeek_k-lierse-sk/index/spielbericht/4359144
,,,"Sun, 15/09/24",,,,,KAS Eupen,Zulte Waregem,Kehrweg-Stadion,Attendance: 1.829,https://www.transfermarkt.co.uk/kas-eupen_zulte-waregem/index/spielbericht/4359145
,,,"Sun, 15/09/24",,,,,SK Beveren,Jong Genk,Freethielstadion,Attendance: 2.337,https://www.transfermarkt.co.uk/sk-beveren_jong-genk/index/spielbericht/4359146
,,,"Sun, 15/09/24",,,,,KMSK Deinze (-2024),RAAL La Louvière,Burgemeester Van de Wiele Stadion,Attendance: 1.001,https://www.transfermarkt.co.uk/kmsk-deinze-2024-_raal-la-louviere/index/spielbericht/4359147
,,,"Sun, 20/04/25",,,,,São Paulo Futebol Clube,Santos FC,MorumBIS,Attendance: 52.436,https://www.transfermarkt.co.uk/sao-paulo-futebol-clube_santos-fc/index/spielbericht/4582143
,,,"Sat, 21/09/24",,,,,K Lierse SK,KAS Eupen,Herman Vanderpoortenstadion,Attendance: 2.100,https://www.transfermarkt.co.uk/k-lierse-sk_kas-eupen/index/spielbericht/4369999
,,,"Fri, 20/09/24",,,,,SK Beveren,RFC Seraing,Freethielstadion,Attendance: 2.253,https://www.transfermarkt.co.uk/sk-beveren_rfc-seraing/index/spielbericht/4369997
,,,"Fri, 20/09/24",,,,,Lommel SK,RSCA Futures,Soeverein stadion,Attendance: 1.163,https://www.transfermarkt.co.uk/lommel-sk_rsca-futures/index/spielbericht/4370000
,,,"Sat, 21/09/24",,,,,Jong Genk,RWD Molenbeek,Leunenstadion,Attendance: 506,https://www.transfermarkt.co.uk/jong-genk_rwd-molenbeek/index/spielbericht/4370002
,,,"Sat, 21/09/24",,,,,Patro Eisden Maasmechelen,Francs Borains,Patrostadion,Attendance: 719,https://www.transfermarkt.co.uk/patro-eisden-maasmechelen_francs-borains/index/spielbericht/4370004
,,,"Sun, 22/09/24",,,,,Zulte Waregem,RFC Lüttich,Elindus Arena,Attendance: 4.574,https://www.transfermarkt.co.uk/zulte-waregem_rfc-luttich/index/spielbericht/4369998
,,,"Sat, 31/08/24",,,,,RFC Lüttich,SK Beveren,Stade de Rocourt,Attendance: 2.117,https://www.transfermarkt.co.uk/rfc-luttich_sk-beveren/index/spielbericht/4359136
,,,"Sun, 01/09/24",,,,,K Lierse SK,KMSK Deinze (-2024),Herman Vanderpoortenstadion,Attendance: 2.650,https://www.transfermarkt.co.uk/k-lierse-sk_kmsk-deinze-2024-/index/spielbericht/4359138
,,,"Sun, 22/09/24",,,,,KMSK Deinze (-2024),Club NXT,Burgemeester Van de Wiele Stadion,Attendance: 856,https://www.transfermarkt.co.uk/kmsk-deinze-2024-_club-nxt/index/spielbericht/4370001
,,,"Fri, 27/09/24",,,,,Francs Borains,RWD Molenbeek,Stade Robert Urbain,Attendance: 1.336,https://www.transfermarkt.co.uk/francs-borains_rwd-molenbeek/index/spielbericht/4369860
,,,"Fri, 27/09/24",,,,,KAS Eupen,Jong Genk,Kehrweg-Stadion,Attendance: 1.242,https://www.transfermarkt.co.uk/kas-eupen_jong-genk/index/spielbericht/4369856
,,,"Sun, 22/09/24",,,,,RAAL La Louvière,KSC Lokeren-Temse,Stade du Tivoli,Attendance: 2.751,https://www.transfermarkt.co.uk/raal-la-louviere_ksc-lokeren-temse/index/spielbericht/4370003
,,,"Sun, 01/09/24",,,,,RFC Seraing,Lommel SK,Stade du Paray,Attendance: 554,https://www.transfermarkt.co.uk/rfc-seraing_lommel-sk/index/spielbericht/4359139
,,,"Sat, 28/09/24",,,,,Lommel SK,K Lierse SK,Soeverein stadion,Attendance: 2.060,https://www.transfermarkt.co.uk/lommel-sk_k-lierse-sk/index/spielbericht/4369855
,,,"Sat, 28/09/24",,,,,KSC Lokeren-Temse,KMSK Deinze (-2024),Daknamstadion,Attendance: 2.461,https://www.transfermarkt.co.uk/ksc-lokeren-temse_kmsk-deinze-2024-/index/spielbericht/4369858
,,,"Sat, 28/09/24",,,,,Club NXT,SK Beveren,The NEST,Attendance: 590,https://www.transfermarkt.co.uk/club-nxt_sk-beveren/index/spielbericht/4369853
,,,"Thu, 05/06/25",,,,,Botafogo de Futebol e Regatas,Ceará Sporting Club,Estádio Olímpico Nilton Santos,Attendance: 22.800,https://www.transfermarkt.co.uk/botafogo-de-futebol-e-regatas_ceara-sporting-club/index/spielbericht/4582181
,,,"Sun, 29/09/24",,,,,RSCA Futures,Zulte Waregem,Stade Leburton,Attendance: 416,https://www.transfermarkt.co.uk/rsca-futures_zulte-waregem/index/spielbericht/4369854
,,,"Sat, 05/10/24",,,,,SK Beveren,KSC Lokeren-Temse,Freethielstadion,Attendance: 4.800,https://www.transfermarkt.co.uk/sk-beveren_ksc-lokeren-temse/index/spielbericht/4370053
,,,"Sun, 29/09/24",,,,,RFC Seraing,RFC Lüttich,Stade du Paray,Attendance: 2.232,https://www.transfermarkt.co.uk/rfc-seraing_rfc-luttich/index/spielbericht/4369859
,,,"Sun, 29/09/24",,,,,RAAL La Louvière,Patro Eisden Maasmechelen,Stade du Tivoli,Attendance: 2.240,https://www.transfermarkt.co.uk/raal-la-louviere_patro-eisden-maasmechelen/index/spielbericht/4369857
,,,"Sun, 06/10/24",,,,,Jong Genk,RSCA Futures,Leunenstadion,Attendance: 384,https://www.transfermarkt.co.uk/jong-genk_rsca-futures/index/spielbericht/4370057
,,,"Sat, 05/10/24",,,,,RWD Molenbeek,RAAL La Louvière,Edmond Machtensstadion,Attendance: 3.783,https://www.transfermarkt.co.uk/rwd-molenbeek_raal-la-louviere/index/spielbericht/4370055
,,,"Fri, 04/10/24",,,,,Patro Eisden Maasmechelen,KMSK Deinze (-2024),Patrostadion,Attendance: 1.022,https://www.transfermarkt.co.uk/patro-eisden-maasmechelen_kmsk-deinze-2024-/index/spielbericht/4370059
,,,"Sat, 05/10/24",,,,,RFC Seraing,KAS Eupen,Stade du Paray,Attendance: 542,https://www.transfermarkt.co.uk/rfc-seraing_kas-eupen/index/spielbericht/4370058
,,,"Sat, 19/10/24",,,,,Club NXT,K Lierse SK,The NEST,Attendance: 440,https://www.transfermarkt.co.uk/club-nxt_k-lierse-sk/index/spielbericht/4369909
,,,"Sat, 19/10/24",,,,,Lommel SK,KAS Eupen,Soeverein stadion,Attendance: 1.335,https://www.transfermarkt.co.uk/lommel-sk_kas-eupen/index/spielbericht/4369911
,,,"Fri, 18/10/24",,,,,RAAL La Louvière,SK Beveren,Stade du Tivoli,Attendance: 2.755,https://www.transfermarkt.co.uk/raal-la-louviere_sk-beveren/index/spielbericht/4369913
,,,"Sun, 01/06/25",,,,,Ceará Sporting Club,Clube Atlético Mineiro,Estádio Governador Plácido Castelo,Attendance: 50.070,https://www.transfermarkt.co.uk/ceara-sporting-club_clube-atletico-mineiro/index/spielbericht/4582158
,,,"Sun, 06/10/24",,,,,K Lierse SK,Francs Borains,Herman Vanderpoortenstadion,Attendance: 2.633,https://www.transfermarkt.co.uk/k-lierse-sk_francs-borains/index/spielbericht/4370056
,,,"Fri, 18/10/24",,,,,Francs Borains,RFC Lüttich,Stade Robert Urbain,Attendance: 1.423,https://www.transfermarkt.co.uk/francs-borains_rfc-luttich/index/spielbericht/4369916
,,,"Sun, 20/10/24",,,,,Patro Eisden Maasmechelen,Zulte Waregem,Patrostadion,Attendance: 1.193,https://www.transfermarkt.co.uk/patro-eisden-maasmechelen_zulte-waregem/index/spielbericht/4369915
,,,"Sun, 20/10/24",,,,,KSC Lokeren-Temse,RFC Seraing,Daknamstadion,Attendance: 2.324,https://www.transfermarkt.co.uk/ksc-lokeren-temse_rfc-seraing/index/spielbericht/4369914
,,,"Sat, 19/10/24",,,,,KMSK Deinze (-2024),Jong Genk,Burgemeester Van de Wiele Stadion,Attendance: 778,https://www.transfermarkt.co.uk/kmsk-deinze-2024-_jong-genk/index/spielbericht/4369912
,,,"Sat, 26/10/24",,,,,Zulte Waregem,Francs Borains,Elindus Arena,Attendance: 4.855,https://www.transfermarkt.co.uk/zulte-waregem_francs-borains/index/spielbericht/4369966
,,,"Fri, 25/10/24",,,,,Jong Genk,Lommel SK,Leunenstadion,Attendance: 713,https://www.transfermarkt.co.uk/jong-genk_lommel-sk/index/spielbericht/4369970
,,,"Sat, 26/10/24",,,,,SK Beveren,RSCA Futures,Freethielstadion,Attendance: 3.109,https://www.transfermarkt.co.uk/sk-beveren_rsca-futures/index/spielbericht/4369965
,,,"Sun, 27/10/24",,,,,K Lierse SK,RAAL La Louvière,AsterX Group-f Arena,Attendance: 2.820,https://www.transfermarkt.co.uk/k-lierse-sk_raal-la-louviere/index/spielbericht/4369968
,,,"Sun, 27/10/24",,,,,KAS Eupen,KSC Lokeren-Temse,Kehrweg-Stadion,Attendance: 1.785,https://www.transfermarkt.co.uk/kas-eupen_ksc-lokeren-temse/index/spielbericht/4369969
,,,"Sun, 27/10/24",,,,,RFC Lüttich,Club NXT,Stade de Rocourt,Attendance: 2.131,https://www.transfermarkt.co.uk/rfc-luttich_club-nxt/index/spielbericht/4369972
,,,"Sat, 02/11/24",,,,,RSCA Futures,KAS Eupen,Koning Boudewijn Stadion,Attendance: 361,https://www.transfermarkt.co.uk/rsca-futures_kas-eupen/index/spielbericht/4369871
,,,"Fri, 08/11/24",,,,,K Lierse SK,KSC Lokeren-Temse,AsterX Group-f Arena,Attendance: 2.605,https://www.transfermarkt.co.uk/k-lierse-sk_ksc-lokeren-temse/index/spielbericht/4369863
,,,"Fri, 01/11/24",,,,,RWD Molenbeek,Zulte Waregem,Edmond Machtensstadion,Attendance: 4.947,https://www.transfermarkt.co.uk/rwd-molenbeek_zulte-waregem/index/spielbericht/4369870
,,,"Sun, 03/11/24",,,,,Patro Eisden Maasmechelen,K Lierse SK,Patrostadion,Attendance: 1.285,https://www.transfermarkt.co.uk/patro-eisden-maasmechelen_k-lierse-sk/index/spielbericht/4369875
,,,"Sun, 03/11/24",,,,,Francs Borains,RFC Seraing,Stade Robert Urbain,Attendance: 956,https://www.transfermarkt.co.uk/francs-borains_rfc-seraing/index/spielbericht/4369876
,,,"Sun, 03/11/24",,,,,KSC Lokeren-Temse,Jong Genk,Daknamstadion,Attendance: 2.312,https://www.transfermarkt.co.uk/ksc-lokeren-temse_jong-genk/index/spielbericht/4369874
,,,"Sun, 03/11/24",,,,,KMSK Deinze (-2024),SK Beveren,Burgemeester Van de Wiele Stadion,Attendance: 931,https://www.transfermarkt.co.uk/kmsk-deinze-2024-_sk-beveren/index/spielbericht/4369872
,,,"Fri, 08/11/24",,,,,RFC Lüttich,RWD Molenbeek,Stade de Rocourt,Attendance: 2.660,https://www.transfermarkt.co.uk/rfc-luttich_rwd-molenbeek/index/spielbericht/4369868
,,,"Sat, 09/11/24",,,,,Lommel SK,KMSK Deinze (-2024),Soeverein stadion,Attendance: 1.225,https://www.transfermarkt.co.uk/lommel-sk_kmsk-deinze-2024-/index/spielbericht/4369864
,,,"Sun, 10/11/24",,,,,RFC Seraing,RSCA Futures,Stade du Paray,Attendance: 704,https://www.transfermarkt.co.uk/rfc-seraing_rsca-futures/index/spielbericht/4369867
,,,"Sun, 10/11/24",,,,,Zulte Waregem,RAAL La Louvière,Elindus Arena,Attendance: 5.668,https://www.transfermarkt.co.uk/zulte-waregem_raal-la-louviere/index/spielbericht/4369862
,,,"Sun, 10/11/24",,,,,KAS Eupen,Patro Eisden Maasmechelen,Kehrweg-Stadion,Attendance: 1.663,https://www.transfermarkt.co.uk/kas-eupen_patro-eisden-maasmechelen/index/spielbericht/4369865
,,,"Sat, 09/11/24",,,,,SK Beveren,Francs Borains,Freethielstadion,Attendance: 2.128,https://www.transfermarkt.co.uk/sk-beveren_francs-borains/index/spielbericht/4369861
,,,"Fri, 22/11/24",,,,,Club NXT,KAS Eupen,The NEST,Attendance: 291,https://www.transfermarkt.co.uk/club-nxt_kas-eupen/index/spielbericht/4369934
,,,"Fri, 22/11/24",,,,,K Lierse SK,Jong Genk,AsterX Group-f Arena,Attendance: 2.318,https://www.transfermarkt.co.uk/k-lierse-sk_jong-genk/index/spielbericht/4369936
,,,"Sat, 23/11/24",,,,,KMSK Deinze (-2024),Francs Borains,Burgemeester Van de Wiele Stadion,Attendance: 486,https://www.transfermarkt.co.uk/kmsk-deinze-2024-_francs-borains/index/spielbericht/4369937
,,,"Sat, 23/11/24",,,,,RWD Molenbeek,SK Beveren,Edmond Machtensstadion,Attendance: 2.818,https://www.transfermarkt.co.uk/rwd-molenbeek_sk-beveren/index/spielbericht/4369935
,,,"Sun, 24/11/24",,,,,Zulte Waregem,RFC Seraing,Elindus Arena,Attendance: 4.712,https://www.transfermarkt.co.uk/zulte-waregem_rfc-seraing/index/spielbericht/4369933
,,,"Fri, 29/11/24",,,,,Jong Genk,Zulte Waregem,Leunenstadion,Attendance: 670,https://www.transfermarkt.co.uk/jong-genk_zulte-waregem/index/spielbericht/4369889
,,,"Fri, 29/11/24",,,,,Lommel SK,KSC Lokeren-Temse,Soeverein stadion,Attendance: 1.292,https://www.transfermarkt.co.uk/lommel-sk_ksc-lokeren-temse/index/spielbericht/4369887
,,,"Sun, 24/11/24",,,,,Patro Eisden Maasmechelen,RFC Lüttich,Patrostadion,Attendance: 1.275,https://www.transfermarkt.co.uk/patro-eisden-maasmechelen_rfc-luttich/index/spielbericht/4369940
,,,"Sat, 30/11/24",,,,,RSCA Futures,K Lierse SK,Koning Boudewijn Stadion,Attendance: 586,https://www.transfermarkt.co.uk/rsca-futures_k-lierse-sk/index/spielbericht/4369886
,,,"Sun, 01/12/24",,,,,RFC Seraing,RWD Molenbeek,Stade du Paray,Attendance: 782,https://www.transfermarkt.co.uk/rfc-seraing_rwd-molenbeek/index/spielbericht/4369890
,,,"Sat, 30/11/24",,,,,RFC Lüttich,KMSK Deinze (-2024),Stade de Rocourt,Attendance: 1.723,https://www.transfermarkt.co.uk/rfc-luttich_kmsk-deinze-2024-/index/spielbericht/4369891
,,,"Sat, 30/11/24",,,,,SK Beveren,Patro Eisden Maasmechelen,Freethielstadion,Attendance: 2.291,https://www.transfermarkt.co.uk/sk-beveren_patro-eisden-maasmechelen/index/spielbericht/4369885
,,,"Sun, 01/12/24",,,,,KAS Eupen,RAAL La Louvière,Kehrweg-Stadion,Attendance: 1.446,https://www.transfermarkt.co.uk/kas-eupen_raal-la-louviere/index/spielbericht/4369888
,,,"Sun, 01/12/24",,,,,Francs Borains,Club NXT,Stade Robert Urbain,Attendance: 815,https://www.transfermarkt.co.uk/francs-borains_club-nxt/index/spielbericht/4369892
,,,"Fri, 06/12/24",,,,,K Lierse SK,RFC Lüttich,AsterX Group-f Arena,Attendance: 2.273,https://www.transfermarkt.co.uk/k-lierse-sk_rfc-luttich/index/spielbericht/4370015
,,,"Fri, 06/12/24",,,,,KMSK Deinze (-2024),RFC Seraing,Burgemeester Van de Wiele Stadion,Attendance: 898,https://www.transfermarkt.co.uk/kmsk-deinze-2024-_rfc-seraing/index/spielbericht/4370016
,,,"Sat, 07/12/24",,,,,RAAL La Louvière,Jong Genk,Stade du Tivoli,Attendance: 3.125,https://www.transfermarkt.co.uk/raal-la-louviere_jong-genk/index/spielbericht/4370017
,,,"Sat, 24/08/24",,,,,K Lierse SK,RFC Seraing,Herman Vanderpoortenstadion,Attendance: 2.271,https://www.transfermarkt.co.uk/k-lierse-sk_rfc-seraing/index/spielbericht/4359127
,,,"Sat, 07/12/24",,,,,Zulte Waregem,SK Beveren,Elindus Arena,Attendance: 4.908,https://www.transfermarkt.co.uk/zulte-waregem_sk-beveren/index/spielbericht/4370013
,,,"Sun, 08/12/24",,,,,KSC Lokeren-Temse,RWD Molenbeek,Daknamstadion,Attendance: 2.248,https://www.transfermarkt.co.uk/ksc-lokeren-temse_rwd-molenbeek/index/spielbericht/4370018
,,,"Sun, 08/12/24",,,,,Patro Eisden Maasmechelen,Lommel SK,Patrostadion,Attendance: 1.196,https://www.transfermarkt.co.uk/patro-eisden-maasmechelen_lommel-sk/index/spielbericht/4370019
,,,"Sun, 08/12/24",,,,,Francs Borains,KAS Eupen,Stade Robert Urbain,Attendance: 424,https://www.transfermarkt.co.uk/francs-borains_kas-eupen/index/spielbericht/4370020
,,,"Fri, 13/12/24",,,,,SK Beveren,K Lierse SK,Freethielstadion,Attendance: 2.684,https://www.transfermarkt.co.uk/sk-beveren_k-lierse-sk/index/spielbericht/4369901
,,,"Fri, 13/12/24",,,,,RFC Seraing,RAAL La Louvière,Stade du Paray,Attendance: 809,https://www.transfermarkt.co.uk/rfc-seraing_raal-la-louviere/index/spielbericht/4369907
,,,"Fri, 04/10/24",,,,,RFC Lüttich,Lommel SK,Stade de Rocourt,Attendance: 2.046,https://www.transfermarkt.co.uk/rfc-luttich_lommel-sk/index/spielbericht/4370060
,,,"Sat, 14/12/24",,,,,RSCA Futures,Francs Borains,Koning Boudewijn Stadion,Attendance: 269,https://www.transfermarkt.co.uk/rsca-futures_francs-borains/index/spielbericht/4369903
,,,"Sun, 20/10/24",,,,,RSCA Futures,RWD Molenbeek,Koning Boudewijn Stadion,Attendance: 1.333,https://www.transfermarkt.co.uk/rsca-futures_rwd-molenbeek/index/spielbericht/4369910
,,,"Sun, 26/10/25",,,,,Sociedade Esportiva Palmeiras,Cruzeiro Esporte Clube,Allianz Parque,Attendance: 40.209,https://www.transfermarkt.co.uk/sociedade-esportiva-palmeiras_cruzeiro-esporte-clube/index/spielbericht/4582309
,,,"Sun, 06/10/24",,,,,Zulte Waregem,Club NXT,Elindus Arena,Attendance: 4.850,https://www.transfermarkt.co.uk/zulte-waregem_club-nxt/index/spielbericht/4370054
,,,"Sun, 15/12/24",,,,,RWD Molenbeek,Club NXT,Edmond Machtensstadion,Attendance: 1.979,https://www.transfermarkt.co.uk/rwd-molenbeek_club-nxt/index/spielbericht/4369902
,,,"Fri, 20/12/24",,,,,Club NXT,Zulte Waregem,The NEST,Attendance: 1.706,https://www.transfermarkt.co.uk/club-nxt_zulte-waregem/index/spielbericht/4369941
,,,"Fri, 20/12/24",,,,,Francs Borains,Jong Genk,Stade Robert Urbain,Attendance: 1.071,https://www.transfermarkt.co.uk/francs-borains_jong-genk/index/spielbericht/4369948
,,,"Fri, 16/08/24",,,,,RSCA Futures,KMSK Deinze (-2024),Koning Boudewijn Stadion,Attendance: 359,https://www.transfermarkt.co.uk/rsca-futures_kmsk-deinze-2024-/index/spielbericht/4359117
,,,"Sun, 15/12/24",,,,,RFC Lüttich,KSC Lokeren-Temse,Stade de Rocourt,Attendance: 2.127,https://www.transfermarkt.co.uk/rfc-luttich_ksc-lokeren-temse/index/spielbericht/4369908
,,,"Fri, 25/10/24",,,,,RFC Seraing,Patro Eisden Maasmechelen,Stade du Paray,Attendance: 609,https://www.transfermarkt.co.uk/rfc-seraing_patro-eisden-maasmechelen/index/spielbericht/4369971
,,,"Sat, 09/11/24",,,,,Jong Genk,Club NXT,Leunenstadion,Attendance: 383,https://www.transfermarkt.co.uk/jong-genk_club-nxt/index/spielbericht/4369866
,,,"Thu, 02/10/25",,,,,Esporte Clube Vitória,Ceará Sporting Club,Estádio Manoel Barradas,Attendance: 16.001,https://www.transfermarkt.co.uk/esporte-clube-vitoria_ceara-sporting-club/index/spielbericht/4582257
,,,"Sun, 22/12/24",,,,,Patro Eisden Maasmechelen,RFC Seraing,Patrostadion,Attendance: 916,https://www.transfermarkt.co.uk/patro-eisden-maasmechelen_rfc-seraing/index/spielbericht/4369947
,,,"Sun, 22/12/24",,,,,KSC Lokeren-Temse,SK Beveren,Daknamstadion,Attendance: 6.300,https://www.transfermarkt.co.uk/ksc-lokeren-temse_sk-beveren/index/spielbericht/4369946
,,,"Sat, 21/12/24",,,,,RAAL La Louvière,RWD Molenbeek,Stade du Tivoli,Attendance: 4.756,https://www.transfermarkt.co.uk/raal-la-louviere_rwd-molenbeek/index/spielbericht/4369945
,,,"Sat, 11/01/25",,,,,RWD Molenbeek,RFC Lüttich,Edmond Machtensstadion,Attendance: 2.703,https://www.transfermarkt.co.uk/rwd-molenbeek_rfc-luttich/index/spielbericht/4370040
,,,"Sat, 11/01/25",,,,,Zulte Waregem,Patro Eisden Maasmechelen,Elindus Arena,Attendance: 5.424,https://www.transfermarkt.co.uk/zulte-waregem_patro-eisden-maasmechelen/index/spielbericht/4370038
,,,"Sat, 02/11/24",,,,,RAAL La Louvière,RFC Lüttich,Stade du Tivoli,Attendance: 2.257,https://www.transfermarkt.co.uk/raal-la-louviere_rfc-luttich/index/spielbericht/4369873
,,,"Tue, 28/01/25",,,,,KSC Lokeren-Temse,KAS Eupen,Daknamstadion,Attendance: 1.771,https://www.transfermarkt.co.uk/ksc-lokeren-temse_kas-eupen/index/spielbericht/4370043
,,,"Tue, 28/01/25",,,,,RFC Seraing,K Lierse SK,Stade du Paray,Attendance: 567,https://www.transfermarkt.co.uk/rfc-seraing_k-lierse-sk/index/spielbericht/4370044
,,,"Wed, 29/01/25",,,,,Lommel SK,Francs Borains,Soeverein stadion,Attendance: 807,https://www.transfermarkt.co.uk/lommel-sk_francs-borains/index/spielbericht/4370042
,,,"Fri, 17/01/25",,,,,Patro Eisden Maasmechelen,KSC Lokeren-Temse,Patrostadion,Attendance: 846,https://www.transfermarkt.co.uk/patro-eisden-maasmechelen_ksc-lokeren-temse/index/spielbericht/4370050
,,,"Tue, 28/01/25",,,,,RSCA Futures,Jong Genk,Dakota Arena,Attendance: 165,https://www.transfermarkt.co.uk/rsca-futures_jong-genk/index/spielbericht/4370041
,,,"Sun, 12/01/25",,,,,SK Beveren,RAAL La Louvière,Freethielstadion,Attendance: 2.559,https://www.transfermarkt.co.uk/sk-beveren_raal-la-louviere/index/spielbericht/4370037
,,,"Sun, 14/09/25",,,,,Red Bull Bragantino,Sport Club do Recife,Estádio Municipal Cicero De Souza Marques,Attendance: 3.564,https://www.transfermarkt.co.uk/red-bull-bragantino_sport-club-do-recife/index/spielbericht/4582194
,,,"Sun, 22/12/24",,,,,K Lierse SK,Lommel SK,AsterX Group-f Arena,Attendance: 2.568,https://www.transfermarkt.co.uk/k-lierse-sk_lommel-sk/index/spielbericht/4369942
,,,"Fri, 01/11/24",,,,,Club NXT,Lommel SK,The NEST,Attendance: 447,https://www.transfermarkt.co.uk/club-nxt_lommel-sk/index/spielbericht/4369869
,,,"Sat, 18/01/25",,,,,Francs Borains,SK Beveren,Stade Robert Urbain,Attendance: 1.200,https://www.transfermarkt.co.uk/francs-borains_sk-beveren/index/spielbericht/4370052
,,,"Sun, 24/11/24",,,,,RAAL La Louvière,Lommel SK,Stade du Tivoli,Attendance: 3.341,https://www.transfermarkt.co.uk/raal-la-louviere_lommel-sk/index/spielbericht/4369938
,,,"Fri, 24/01/25",,,,,RWD Molenbeek,Jong Genk,Edmond Machtensstadion,Attendance: 1.836,https://www.transfermarkt.co.uk/rwd-molenbeek_jong-genk/index/spielbericht/4369920
,,,"Sun, 18/08/24",,,,,Zulte Waregem,K Lierse SK,Elindus Arena,Attendance: 5.673,https://www.transfermarkt.co.uk/zulte-waregem_k-lierse-sk/index/spielbericht/4359123
,,,"Sat, 18/01/25",,,,,KAS Eupen,RWD Molenbeek,Kehrweg-Stadion,Attendance: 1.503,https://www.transfermarkt.co.uk/kas-eupen_rwd-molenbeek/index/spielbericht/4370047
,,,"Sun, 15/12/24",,,,,Jong Genk,Patro Eisden Maasmechelen,Leunenstadion,Attendance: 298,https://www.transfermarkt.co.uk/jong-genk_patro-eisden-maasmechelen/index/spielbericht/4369906
,,,"Sat, 25/01/25",,,,,RSCA Futures,Patro Eisden Maasmechelen,Dakota Arena,Attendance: 216,https://www.transfermarkt.co.uk/rsca-futures_patro-eisden-maasmechelen/index/spielbericht/4369921
,,,"Fri, 24/01/25",,,,,KSC Lokeren-Temse,K Lierse SK,Daknamstadion,Attendance: 2.830,https://www.transfermarkt.co.uk/ksc-lokeren-temse_k-lierse-sk/index/spielbericht/4369923
,,,"Sun, 26/01/25",,,,,Lommel SK,RFC Lüttich,Soeverein stadion,Attendance: 1.056,https://www.transfermarkt.co.uk/lommel-sk_rfc-luttich/index/spielbericht/4369922
,,,"Sat, 25/01/25",,,,,Zulte Waregem,KAS Eupen,Elindus Arena,Attendance: 5.391,https://www.transfermarkt.co.uk/zulte-waregem_kas-eupen/index/spielbericht/4369918
,,,"Sun, 19/01/25",,,,,RFC Lüttich,Zulte Waregem,Stade de Rocourt,Attendance: 2.273,https://www.transfermarkt.co.uk/rfc-luttich_zulte-waregem/index/spielbericht/4370051
,,,"Sat, 18/01/25",,,,,RAAL La Louvière,RSCA Futures,Stade du Tivoli,Attendance: 2.325,https://www.transfermarkt.co.uk/raal-la-louviere_rsca-futures/index/spielbericht/4370049
,,,"Sun, 27/07/25",,,,,Cruzeiro Esporte Clube,Ceará Sporting Club,Estádio Governador Magalhães Pinto,Attendance: 52.802,https://www.transfermarkt.co.uk/cruzeiro-esporte-clube_ceara-sporting-club/index/spielbericht/4582215
,,,"Fri, 06/12/24",,,,,Club NXT,RSCA Futures,The NEST,Attendance: 625,https://www.transfermarkt.co.uk/club-nxt_rsca-futures/index/spielbericht/4370014
,,,"Fri, 31/01/25",,,,,RFC Lüttich,RFC Seraing,Stade de Rocourt,Attendance: 3.203,https://www.transfermarkt.co.uk/rfc-luttich_rfc-seraing/index/spielbericht/4369963
,,,"Sat, 01/02/25",,,,,K Lierse SK,RWD Molenbeek,AsterX Group-f Arena,Attendance: 3.274,https://www.transfermarkt.co.uk/k-lierse-sk_rwd-molenbeek/index/spielbericht/4369957
,,,"Sun, 02/02/25",,,,,RAAL La Louvière,Zulte Waregem,Stade du Tivoli,Attendance: 3.053,https://www.transfermarkt.co.uk/raal-la-louviere_zulte-waregem/index/spielbericht/4369962
,,,"Sat, 01/02/25",,,,,KAS Eupen,Lommel SK,Kehrweg-Stadion,Attendance: 1.103,https://www.transfermarkt.co.uk/kas-eupen_lommel-sk/index/spielbericht/4369960
,,,"Sun, 02/02/25",,,,,Francs Borains,Patro Eisden Maasmechelen,Stade Robert Urbain,Attendance: 1.342,https://www.transfermarkt.co.uk/francs-borains_patro-eisden-maasmechelen/index/spielbericht/4369964
,,,"Sun, 18/08/24",,,,,Francs Borains,RAAL La Louvière,Stade Robert Urbain,Attendance: 1.535,https://www.transfermarkt.co.uk/francs-borains_raal-la-louviere/index/spielbericht/4359121
,,,"Sun, 26/01/25",,,,,Club NXT,RAAL La Louvière,The NEST,Attendance: 392,https://www.transfermarkt.co.uk/club-nxt_raal-la-louviere/index/spielbericht/4369919
,,,"Sun, 02/02/25",,,,,Jong Genk,SK Beveren,Leunenstadion,Attendance: 411,https://www.transfermarkt.co.uk/jong-genk_sk-beveren/index/spielbericht/4369961
,,,"Sat, 08/02/25",,,,,RFC Lüttich,Francs Borains,Stade de Rocourt,Attendance: 2.394,https://www.transfermarkt.co.uk/rfc-luttich_francs-borains/index/spielbericht/4369900
,,,"Sun, 19/01/25",,,,,Jong Genk,RFC Seraing,Leunenstadion,Attendance: 188,https://www.transfermarkt.co.uk/jong-genk_rfc-seraing/index/spielbericht/4370048
,,,"Sat, 08/02/25",,,,,Patro Eisden Maasmechelen,Jong Genk,Patrostadion,Attendance: 936,https://www.transfermarkt.co.uk/patro-eisden-maasmechelen_jong-genk/index/spielbericht/4369899
,,,"Sun, 09/02/25",,,,,RFC Seraing,SK Beveren,Stade du Paray,Attendance: 546,https://www.transfermarkt.co.uk/rfc-seraing_sk-beveren/index/spielbericht/4369898
,,,"Thu, 04/12/25",,,,,Clube Atlético Mineiro,Sociedade Esportiva Palmeiras,Arena MRV,Attendance: 13.878,https://www.transfermarkt.co.uk/clube-atletico-mineiro_sociedade-esportiva-palmeiras/index/spielbericht/4726128
,,,"Fri, 07/02/25",,,,,Lommel SK,Club NXT,Soeverein stadion,Attendance: 800,https://www.transfermarkt.co.uk/lommel-sk_club-nxt/index/spielbericht/4369895
,,,"Sat, 23/11/24",,,,,KSC Lokeren-Temse,RSCA Futures,Daknamstadion,Attendance: 2.225,https://www.transfermarkt.co.uk/ksc-lokeren-temse_rsca-futures/index/spielbericht/4369939
,,,"Sat, 01/02/25",,,,,RSCA Futures,Club NXT,Dakota Arena,Attendance: 433,https://www.transfermarkt.co.uk/rsca-futures_club-nxt/index/spielbericht/4369958
,,,"Sat, 15/02/25",,,,,RSCA Futures,Lommel SK,Dakota Arena,Attendance: 163,https://www.transfermarkt.co.uk/rsca-futures_lommel-sk/index/spielbericht/4370008
,,,"Sun, 16/02/25",,,,,Club NXT,RWD Molenbeek,The NEST,Attendance: 655,https://www.transfermarkt.co.uk/club-nxt_rwd-molenbeek/index/spielbericht/4370006
,,,"Sun, 16/02/25",,,,,Francs Borains,KSC Lokeren-Temse,Stade Robert Urbain,Attendance: 2.048,https://www.transfermarkt.co.uk/francs-borains_ksc-lokeren-temse/index/spielbericht/4370012
,,,"Sun, 09/02/25",,,,,KAS Eupen,K Lierse SK,Kehrweg-Stadion,Attendance: 1.497,https://www.transfermarkt.co.uk/kas-eupen_k-lierse-sk/index/spielbericht/4369896
,,,"Sat, 15/02/25",,,,,SK Beveren,RFC Lüttich,Freethielstadion,Attendance: 2.386,https://www.transfermarkt.co.uk/sk-beveren_rfc-luttich/index/spielbericht/4370005
,,,"Sun, 16/02/25",,,,,Jong Genk,KAS Eupen,Cegeka Arena,Attendance: 656,https://www.transfermarkt.co.uk/jong-genk_kas-eupen/index/spielbericht/4370010
,,,"Sat, 15/02/25",,,,,RAAL La Louvière,RFC Seraing,Stade du Tivoli,Attendance: 1.747,https://www.transfermarkt.co.uk/raal-la-louviere_rfc-seraing/index/spielbericht/4370011
,,,"Fri, 21/02/25",,,,,Zulte Waregem,Jong Genk,Elindus Arena,Attendance: 5.708,https://www.transfermarkt.co.uk/zulte-waregem_jong-genk/index/spielbericht/4369973
,,,"Sat, 22/02/25",,,,,Lommel SK,SK Beveren,Soeverein stadion,Attendance: 889,https://www.transfermarkt.co.uk/lommel-sk_sk-beveren/index/spielbericht/4369975
,,,"Sat, 22/02/25",,,,,KAS Eupen,RSCA Futures,Kehrweg-Stadion,Attendance: 1.301,https://www.transfermarkt.co.uk/kas-eupen_rsca-futures/index/spielbericht/4369976
,,,"Sun, 23/02/25",,,,,Patro Eisden Maasmechelen,RAAL La Louvière,Patrostadion,Attendance: 1.191,https://www.transfermarkt.co.uk/patro-eisden-maasmechelen_raal-la-louviere/index/spielbericht/4369979
,,,"Sun, 09/02/25",,,,,KSC Lokeren-Temse,RAAL La Louvière,Daknamstadion,Attendance: 2.570,https://www.transfermarkt.co.uk/ksc-lokeren-temse_raal-la-louviere/index/spielbericht/4369897
,,,"Fri, 14/02/25",,,,,K Lierse SK,Zulte Waregem,AsterX Group-f Arena,Attendance: 4.240,https://www.transfermarkt.co.uk/k-lierse-sk_zulte-waregem/index/spielbericht/4370007
,,,"Fri, 28/02/25",,,,,SK Beveren,Zulte Waregem,Freethielstadion,Attendance: 3.582,https://www.transfermarkt.co.uk/sk-beveren_zulte-waregem/index/spielbericht/4369981
,,,"Sun, 23/02/25",,,,,RFC Lüttich,K Lierse SK,Stade de Rocourt,Attendance: 2.594,https://www.transfermarkt.co.uk/rfc-luttich_k-lierse-sk/index/spielbericht/4369980
,,,"Fri, 21/02/25",,,,,RWD Molenbeek,Francs Borains,Edmond Machtensstadion,Attendance: 2.574,https://www.transfermarkt.co.uk/rwd-molenbeek_francs-borains/index/spielbericht/4369974
,,,"Sat, 22/02/25",,,,,KSC Lokeren-Temse,Club NXT,Daknamstadion,Attendance: 3.090,https://www.transfermarkt.co.uk/ksc-lokeren-temse_club-nxt/index/spielbericht/4369977
,,,"Sun, 02/03/25",,,,,Lommel SK,RFC Seraing,Soeverein stadion,Attendance: 882,https://www.transfermarkt.co.uk/lommel-sk_rfc-seraing/index/spielbericht/4369984
,,,"Sat, 08/03/25",,,,,K Lierse SK,RSCA Futures,AsterX Group-f Arena,Attendance: 2.631,https://www.transfermarkt.co.uk/k-lierse-sk_rsca-futures/index/spielbericht/4370031
,,,"Sun, 02/03/25",,,,,Jong Genk,KSC Lokeren-Temse,Leunenstadion,Attendance: 540,https://www.transfermarkt.co.uk/jong-genk_ksc-lokeren-temse/index/spielbericht/4369986
,,,"Sat, 01/03/25",,,,,RSCA Futures,RFC Lüttich,Dakota Arena,Attendance: 335,https://www.transfermarkt.co.uk/rsca-futures_rfc-luttich/index/spielbericht/4369983
,,,"Sat, 01/03/25",,,,,Club NXT,Patro Eisden Maasmechelen,The NEST,Attendance: 348,https://www.transfermarkt.co.uk/club-nxt_patro-eisden-maasmechelen/index/spielbericht/4369982
,,,"Sat, 08/03/25",,,,,Zulte Waregem,Lommel SK,Elindus Arena,Attendance: 6.199,https://www.transfermarkt.co.uk/zulte-waregem_lommel-sk/index/spielbericht/4370029
,,,"Sun, 02/03/25",,,,,Francs Borains,K Lierse SK,Stade Robert Urbain,Attendance: 1.278,https://www.transfermarkt.co.uk/francs-borains_k-lierse-sk/index/spielbericht/4369988
,,,"Sun, 09/03/25",,,,,RFC Lüttich,RAAL La Louvière,Stade de Rocourt,Attendance: 3.015,https://www.transfermarkt.co.uk/rfc-luttich_raal-la-louviere/index/spielbericht/4370036
,,,"Fri, 28/02/25",,,,,RAAL La Louvière,KAS Eupen,Stade du Tivoli,Attendance: 2.245,https://www.transfermarkt.co.uk/raal-la-louviere_kas-eupen/index/spielbericht/4369987
,,,"Sun, 09/03/25",,,,,Patro Eisden Maasmechelen,SK Beveren,Patrostadion,Attendance: 1.411,https://www.transfermarkt.co.uk/patro-eisden-maasmechelen_sk-beveren/index/spielbericht/4370035
,,,"Sat, 08/03/25",,,,,KAS Eupen,Francs Borains,Kehrweg-Stadion,Attendance: 1.265,https://www.transfermarkt.co.uk/kas-eupen_francs-borains/index/spielbericht/4370032
,,,"Fri, 14/03/25",,,,,RAAL La Louvière,K Lierse SK,Stade du Tivoli,Attendance: 2.292,https://www.transfermarkt.co.uk/raal-la-louviere_k-lierse-sk/index/spielbericht/4370026
,,,"Sat, 15/03/25",,,,,RSCA Futures,RFC Seraing,Dakota Arena,Attendance: 165,https://www.transfermarkt.co.uk/rsca-futures_rfc-seraing/index/spielbericht/4370023
,,,"Fri, 14/03/25",,,,,SK Beveren,RWD Molenbeek,Freethielstadion,Attendance: 3.749,https://www.transfermarkt.co.uk/sk-beveren_rwd-molenbeek/index/spielbericht/4370021
,,,"Sat, 26/10/24",,,,,RWD Molenbeek,KMSK Deinze (-2024),Edmond Machtensstadion,Attendance: 2.294,https://www.transfermarkt.co.uk/rwd-molenbeek_kmsk-deinze-2024-/index/spielbericht/4369967
,,,"Fri, 07/03/25",,,,,RFC Seraing,Club NXT,Stade du Paray,Attendance: 607,https://www.transfermarkt.co.uk/rfc-seraing_club-nxt/index/spielbericht/4370034
,,,"Sat, 29/03/25",,,,,Zulte Waregem,RSCA Futures,Elindus Arena,Attendance: 6.473,https://www.transfermarkt.co.uk/zulte-waregem_rsca-futures/index/spielbericht/4369925
,,,"Sun, 30/03/25",,,,,KSC Lokeren-Temse,Lommel SK,Daknamstadion,Attendance: 4.498,https://www.transfermarkt.co.uk/ksc-lokeren-temse_lommel-sk/index/spielbericht/4369930
,,,"Sun, 30/03/25",,,,,RFC Lüttich,Patro Eisden Maasmechelen,Stade de Rocourt,Attendance: 2.373,https://www.transfermarkt.co.uk/rfc-luttich_patro-eisden-maasmechelen/index/spielbericht/4369931
,,,"Sun, 09/03/25",,,,,RWD Molenbeek,KSC Lokeren-Temse,Edmond Machtensstadion,Attendance: 3.329,https://www.transfermarkt.co.uk/rwd-molenbeek_ksc-lokeren-temse/index/spielbericht/4370030
,,,"Sat, 29/03/25",,,,,K Lierse SK,SK Beveren,AsterX Group-f Arena,Attendance: 4.429,https://www.transfermarkt.co.uk/k-lierse-sk_sk-beveren/index/spielbericht/4369927
,,,"Sat, 05/04/25",,,,,RSCA Futures,KSC Lokeren-Temse,Dakota Arena,Attendance: 891,https://www.transfermarkt.co.uk/rsca-futures_ksc-lokeren-temse/index/spielbericht/4369951
,,,"Fri, 04/04/25",,,,,SK Beveren,KAS Eupen,Freethielstadion,Attendance: 3.148,https://www.transfermarkt.co.uk/sk-beveren_kas-eupen/index/spielbericht/4369949
,,,"Sun, 06/04/25",,,,,RFC Seraing,Zulte Waregem,Stade du Paray,Attendance: 1.145,https://www.transfermarkt.co.uk/rfc-seraing_zulte-waregem/index/spielbericht/4369955
,,,"Sat, 05/04/25",,,,,Club NXT,RFC Lüttich,The NEST,Attendance: 391,https://www.transfermarkt.co.uk/club-nxt_rfc-luttich/index/spielbericht/4369950
,,,"Sun, 06/04/25",,,,,RAAL La Louvière,Francs Borains,Stade du Tivoli,Attendance: 3.648,https://www.transfermarkt.co.uk/raal-la-louviere_francs-borains/index/spielbericht/4369954
,,,"Fri, 11/04/25",,,,,K Lierse SK,Patro Eisden Maasmechelen,AsterX Group-f Arena,Attendance: 2.983,https://www.transfermarkt.co.uk/k-lierse-sk_patro-eisden-maasmechelen/index/spielbericht/4369991
,,,"Sat, 12/04/25",,,,,KSC Lokeren-Temse,Zulte Waregem,Daknamstadion,Attendance: 4.640,https://www.transfermarkt.co.uk/ksc-lokeren-temse_zulte-waregem/index/spielbericht/4369994
,,,"Sun, 30/03/25",,,,,KAS Eupen,Club NXT,Kehrweg-Stadion,Attendance: 1.242,https://www.transfermarkt.co.uk/kas-eupen_club-nxt/index/spielbericht/4369928
,,,"Sun, 13/04/25",,,,,Francs Borains,RSCA Futures,Stade Robert Urbain,Attendance: 1.621,https://www.transfermarkt.co.uk/francs-borains_rsca-futures/index/spielbericht/4369996
,,,"Fri, 04/04/25",,,,,Patro Eisden Maasmechelen,RWD Molenbeek,Patrostadion,Attendance: 1.730,https://www.transfermarkt.co.uk/patro-eisden-maasmechelen_rwd-molenbeek/index/spielbericht/4369956
,,,"Sat, 12/04/25",,,,,KAS Eupen,RFC Seraing,Kehrweg-Stadion,Attendance: 2.395,https://www.transfermarkt.co.uk/kas-eupen_rfc-seraing/index/spielbericht/4369992
,,,"Fri, 11/04/25",,,,,RWD Molenbeek,Lommel SK,Edmond Machtensstadion,Attendance: 4.954,https://www.transfermarkt.co.uk/rwd-molenbeek_lommel-sk/index/spielbericht/4369990
,,,"Fri, 28/03/25",,,,,RWD Molenbeek,RFC Seraing,Edmond Machtensstadion,Attendance: 3.160,https://www.transfermarkt.co.uk/rwd-molenbeek_rfc-seraing/index/spielbericht/4369926
,,,"Sun, 13/04/25",,,,,SK Beveren,Club NXT,Freethielstadion,Attendance: 2.204,https://www.transfermarkt.co.uk/sk-beveren_club-nxt/index/spielbericht/4369989
,,,"Fri, 18/04/25",,,,,Lommel SK,RAAL La Louvière,Soeverein stadion,Attendance: 2.697,https://www.transfermarkt.co.uk/lommel-sk_raal-la-louviere/index/spielbericht/4369880
,,,"Sun, 13/04/25",,,,,RFC Lüttich,Jong Genk,Stade de Rocourt,Attendance: 2.580,https://www.transfermarkt.co.uk/rfc-luttich_jong-genk/index/spielbericht/4369995
,,,"Fri, 18/04/25",,,,,Club NXT,Francs Borains,The NEST,Attendance: 324,https://www.transfermarkt.co.uk/club-nxt_francs-borains/index/spielbericht/4369878
,,,"Fri, 18/04/25",,,,,Zulte Waregem,RWD Molenbeek,Elindus Arena,Attendance: 11.799,https://www.transfermarkt.co.uk/zulte-waregem_rwd-molenbeek/index/spielbericht/4369877
,,,"Fri, 18/04/25",,,,,RSCA Futures,SK Beveren,Dakota Arena,Attendance: 659,https://www.transfermarkt.co.uk/rsca-futures_sk-beveren/index/spielbericht/4369879
,,,"Fri, 18/04/25",,,,,Jong Genk,K Lierse SK,Leunenstadion,Attendance: 852,https://www.transfermarkt.co.uk/jong-genk_k-lierse-sk/index/spielbericht/4369882
,,,"Fri, 18/04/25",,,,,RFC Seraing,KSC Lokeren-Temse,Stade du Paray,Attendance: 1.086,https://www.transfermarkt.co.uk/rfc-seraing_ksc-lokeren-temse/index/spielbericht/4369883
,,,"Fri, 16/08/24",,,,,AC Ajaccio,Rodez AF,Stade Michel-Moretti,Attendance: 3.315,https://www.transfermarkt.co.uk/ac-ajaccio_rodez-af/index/spielbericht/4363709
,,,"Fri, 18/04/25",,,,,Patro Eisden Maasmechelen,KAS Eupen,Patrostadion,Attendance: 975,https://www.transfermarkt.co.uk/patro-eisden-maasmechelen_kas-eupen/index/spielbericht/4369884
,,,"Fri, 16/08/24",,,,,Clermont Foot 63,Pau FC,Stade Gabriel-Montpied,Attendance: 5.582,https://www.transfermarkt.co.uk/clermont-foot-63_pau-fc/index/spielbericht/4363708
,,,"Fri, 16/08/24",,,,,Amiens SC,Red Star FC,Stade Crédit Agricole la Licorne,Attendance: 4.918,https://www.transfermarkt.co.uk/amiens-sc_red-star-fc/index/spielbericht/4363711
,,,"Mon, 19/08/24",,,,,FC Metz,SC Bastia,Stade Saint-Symphorien,Attendance: 18.585,https://www.transfermarkt.co.uk/fc-metz_sc-bastia/index/spielbericht/4363714
,,,"Fri, 23/08/24",,,,,ESTAC Troyes,Clermont Foot 63,Stade de l'Aube,,https://www.transfermarkt.co.uk/estac-troyes_clermont-foot-63/index/spielbericht/4363716
,,,"Sat, 17/08/24",,,,,SM Caen,Paris FC,Stade Michel-d'Ornano,Attendance: 16.639,https://www.transfermarkt.co.uk/sm-caen_paris-fc/index/spielbericht/4363715
,,,"Fri, 16/08/24",,,,,USL Dunkerque,FC Annecy,Stade Marcel-Tribut,Attendance: 3.333,https://www.transfermarkt.co.uk/usl-dunkerque_fc-annecy/index/spielbericht/4363710
,,,"Fri, 23/08/24",,,,,Pau FC,SM Caen,Nouste Camp,Attendance: 3.033,https://www.transfermarkt.co.uk/pau-fc_sm-caen/index/spielbericht/4363719
,,,"Fri, 23/08/24",,,,,FC Annecy,FC Martigues,Parc des Sports d’Annecy,Attendance: 7.640,https://www.transfermarkt.co.uk/fc-annecy_fc-martigues/index/spielbericht/4363721
,,,"Fri, 16/08/24",,,,,EA Guingamp,ESTAC Troyes,Stade de Roudourou,Attendance: 6.052,https://www.transfermarkt.co.uk/ea-guingamp_estac-troyes/index/spielbericht/4363713
,,,"Fri, 23/08/24",,,,,Stade Lavallois,EA Guingamp,Stade Francis Le Basser,Attendance: 7.282,https://www.transfermarkt.co.uk/stade-lavallois_ea-guingamp/index/spielbericht/4363724
,,,"Fri, 23/08/24",,,,,Paris FC,USL Dunkerque,Stade Crédit Agricole la Licorne,Attendance: 608,https://www.transfermarkt.co.uk/paris-fc_usl-dunkerque/index/spielbericht/4363722
,,,"Fri, 23/08/24",,,,,Rodez AF,FC Metz,Stade Paul-Lignon,Attendance: 4.901,https://www.transfermarkt.co.uk/rodez-af_fc-metz/index/spielbericht/4363718
,,,"Fri, 23/08/24",,,,,SC Bastia,Amiens SC,Stade Armand-Cesari,Attendance: 13.490,https://www.transfermarkt.co.uk/sc-bastia_amiens-sc/index/spielbericht/4363720
,,,"Sat, 24/08/24",,,,,FC Lorient,Grenoble Foot 38,Stade du Moustoir,Attendance: 10.798,https://www.transfermarkt.co.uk/fc-lorient_grenoble-foot-38/index/spielbericht/4363717
,,,"Fri, 30/08/24",,,,,FC Martigues,SC Bastia,Orange Vélodrome,Attendance: 2.101,https://www.transfermarkt.co.uk/fc-martigues_sc-bastia/index/spielbericht/4363726
,,,"Mon, 19/08/24",,,,,FC Martigues,FC Lorient,Orange Vélodrome,Attendance: 2.655,https://www.transfermarkt.co.uk/fc-martigues_fc-lorient/index/spielbericht/4363707
,,,"Fri, 30/08/24",,,,,Grenoble Foot 38,Pau FC,Stade des Alpes,Attendance: 4.087,https://www.transfermarkt.co.uk/grenoble-foot-38_pau-fc/index/spielbericht/4363725
,,,"Fri, 30/08/24",,,,,USL Dunkerque,Rodez AF,Stade Marcel-Tribut,Attendance: 3.213,https://www.transfermarkt.co.uk/usl-dunkerque_rodez-af/index/spielbericht/4363728
,,,"Fri, 30/08/24",,,,,SM Caen,FC Annecy,Stade Michel-d'Ornano,Attendance: 13.706,https://www.transfermarkt.co.uk/sm-caen_fc-annecy/index/spielbericht/4363727
,,,"Fri, 16/08/24",,,,,Grenoble Foot 38,Stade Lavallois,Stade des Alpes,Attendance: 4.008,https://www.transfermarkt.co.uk/grenoble-foot-38_stade-lavallois/index/spielbericht/4363712
,,,"Fri, 30/08/24",,,,,EA Guingamp,Red Star FC,Stade de Roudourou,Attendance: 7.872,https://www.transfermarkt.co.uk/ea-guingamp_red-star-fc/index/spielbericht/4363729
,,,"Mon, 26/08/24",,,,,Red Star FC,AC Ajaccio,Stade Bauer,Attendance: 4.560,https://www.transfermarkt.co.uk/red-star-fc_ac-ajaccio/index/spielbericht/4363723
,,,"Fri, 30/08/24",,,,,Clermont Foot 63,Paris FC,Stade Gabriel-Montpied,Attendance: 5.421,https://www.transfermarkt.co.uk/clermont-foot-63_paris-fc/index/spielbericht/4363732
,,,"Sat, 31/08/24",,,,,FC Metz,Stade Lavallois,Stade Saint-Symphorien,Attendance: 18.369,https://www.transfermarkt.co.uk/fc-metz_stade-lavallois/index/spielbericht/4363733
,,,"Fri, 13/09/24",,,,,SC Bastia,ESTAC Troyes,Stade Armand-Cesari,Attendance: 10.567,https://www.transfermarkt.co.uk/sc-bastia_estac-troyes/index/spielbericht/4363736
,,,"Sat, 31/08/24",,,,,Amiens SC,FC Lorient,Stade Crédit Agricole la Licorne,Attendance: 5.460,https://www.transfermarkt.co.uk/amiens-sc_fc-lorient/index/spielbericht/4363731
,,,"Fri, 13/09/24",,,,,Stade Lavallois,AC Ajaccio,Stade Francis Le Basser,Attendance: 5.748,https://www.transfermarkt.co.uk/stade-lavallois_ac-ajaccio/index/spielbericht/4363742
,,,"Fri, 13/09/24",,,,,Clermont Foot 63,USL Dunkerque,Stade Gabriel-Montpied,Attendance: 4.275,https://www.transfermarkt.co.uk/clermont-foot-63_usl-dunkerque/index/spielbericht/4363740
,,,"Fri, 20/09/24",,,,,FC Martigues,Grenoble Foot 38,Orange Vélodrome,Attendance: 1.359,https://www.transfermarkt.co.uk/fc-martigues_grenoble-foot-38/index/spielbericht/4364049
,,,"Fri, 13/09/24",,,,,FC Lorient,Red Star FC,Stade du Moustoir,Attendance: 10.017,https://www.transfermarkt.co.uk/fc-lorient_red-star-fc/index/spielbericht/4363741
,,,"Fri, 13/09/24",,,,,FC Annecy,Amiens SC,Parc des Sports d’Annecy,Attendance: 5.478,https://www.transfermarkt.co.uk/fc-annecy_amiens-sc/index/spielbericht/4363739
,,,"Fri, 20/09/24",,,,,SC Bastia,Paris FC,Stade Armand-Cesari,Attendance: 10.642,https://www.transfermarkt.co.uk/sc-bastia_paris-fc/index/spielbericht/4364050
,,,"Mon, 16/09/24",,,,,Grenoble Foot 38,SM Caen,Stade des Alpes,Attendance: 4.079,https://www.transfermarkt.co.uk/grenoble-foot-38_sm-caen/index/spielbericht/4363734
,,,"Sat, 14/09/24",,,,,Paris FC,FC Metz,Stade Charléty,Attendance: 10.283,https://www.transfermarkt.co.uk/paris-fc_fc-metz/index/spielbericht/4363735
,,,"Fri, 20/09/24",,,,,Red Star FC,Stade Lavallois,Stade Bauer,Attendance: 4.560,https://www.transfermarkt.co.uk/red-star-fc_stade-lavallois/index/spielbericht/4364053
,,,"Fri, 20/09/24",,,,,USL Dunkerque,Pau FC,Stade Marcel-Tribut,Attendance: 3.121,https://www.transfermarkt.co.uk/usl-dunkerque_pau-fc/index/spielbericht/4364052
,,,"Fri, 13/09/24",,,,,Pau FC,FC Martigues,Nouste Camp,Attendance: 2.741,https://www.transfermarkt.co.uk/pau-fc_fc-martigues/index/spielbericht/4363738
,,,"Fri, 20/09/24",,,,,EA Guingamp,FC Annecy,Stade de Roudourou,Attendance: 6.464,https://www.transfermarkt.co.uk/ea-guingamp_fc-annecy/index/spielbericht/4364051
,,,"Fri, 13/09/24",,,,,Rodez AF,EA Guingamp,Stade Paul-Lignon,Attendance: 3.991,https://www.transfermarkt.co.uk/rodez-af_ea-guingamp/index/spielbericht/4363737
,,,"Fri, 20/09/24",,,,,ESTAC Troyes,Rodez AF,Stade de l'Aube,Attendance: 4.311,https://www.transfermarkt.co.uk/estac-troyes_rodez-af/index/spielbericht/4364055
,,,"Fri, 20/09/24",,,,,SM Caen,AC Ajaccio,Stade Michel-d'Ornano,Attendance: 13.650,https://www.transfermarkt.co.uk/sm-caen_ac-ajaccio/index/spielbericht/4364057
,,,"Sat, 21/09/24",,,,,FC Metz,FC Lorient,Stade Saint-Symphorien,Attendance: 17.970,https://www.transfermarkt.co.uk/fc-metz_fc-lorient/index/spielbericht/4364054
,,,"Tue, 24/09/24",,,,,Rodez AF,Stade Lavallois,Stade Paul-Lignon,Attendance: 4.017,https://www.transfermarkt.co.uk/rodez-af_stade-lavallois/index/spielbericht/4364077
,,,"Tue, 24/09/24",,,,,Pau FC,FC Lorient,Nouste Camp,Attendance: 3.054,https://www.transfermarkt.co.uk/pau-fc_fc-lorient/index/spielbericht/4364073
,,,"Tue, 24/09/24",,,,,FC Metz,FC Martigues,Stade Saint-Symphorien,Attendance: 16.675,https://www.transfermarkt.co.uk/fc-metz_fc-martigues/index/spielbericht/4364071
,,,"Fri, 20/09/24",,,,,Amiens SC,Clermont Foot 63,Stade Crédit Agricole la Licorne,Attendance: 5.405,https://www.transfermarkt.co.uk/amiens-sc_clermont-foot-63/index/spielbericht/4364056
,,,"Sat, 29/03/25",,,,,Jong Genk,RAAL La Louvière,Leunenstadion,Attendance: 256,https://www.transfermarkt.co.uk/jong-genk_raal-la-louviere/index/spielbericht/4369929
,,,"Tue, 24/09/24",,,,,FC Annecy,ESTAC Troyes,Parc des Sports d’Annecy,Attendance: 4.005,https://www.transfermarkt.co.uk/fc-annecy_estac-troyes/index/spielbericht/4364070
,,,"Tue, 24/09/24",,,,,SM Caen,Amiens SC,Stade Michel-d'Ornano,Attendance: 14.204,https://www.transfermarkt.co.uk/sm-caen_amiens-sc/index/spielbericht/4364069
,,,"Fri, 27/09/24",,,,,Amiens SC,Rodez AF,Stade Crédit Agricole la Licorne,Attendance: 4.931,https://www.transfermarkt.co.uk/amiens-sc_rodez-af/index/spielbericht/4364079
,,,"Tue, 24/09/24",,,,,AC Ajaccio,Grenoble Foot 38,Stade Michel-Moretti,Attendance: 3.000,https://www.transfermarkt.co.uk/ac-ajaccio_grenoble-foot-38/index/spielbericht/4364074
,,,"Fri, 27/09/24",,,,,Grenoble Foot 38,Clermont Foot 63,Stade des Alpes,Attendance: 4.176,https://www.transfermarkt.co.uk/grenoble-foot-38_clermont-foot-63/index/spielbericht/4364078
,,,"Tue, 24/09/24",,,,,Clermont Foot 63,Red Star FC,Stade Gabriel-Montpied,Attendance: 4.609,https://www.transfermarkt.co.uk/clermont-foot-63_red-star-fc/index/spielbericht/4364076
,,,"Fri, 27/09/24",,,,,FC Martigues,USL Dunkerque,Orange Vélodrome,Attendance: 739,https://www.transfermarkt.co.uk/fc-martigues_usl-dunkerque/index/spielbericht/4364081
,,,"Fri, 27/09/24",,,,,FC Lorient,AC Ajaccio,Stade du Moustoir,Attendance: 10.042,https://www.transfermarkt.co.uk/fc-lorient_ac-ajaccio/index/spielbericht/4364084
,,,"Fri, 27/09/24",,,,,SC Bastia,FC Annecy,Stade Armand-Cesari,Attendance: 10.578,https://www.transfermarkt.co.uk/sc-bastia_fc-annecy/index/spielbericht/4364080
,,,"Tue, 24/09/24",,,,,USL Dunkerque,SC Bastia,Stade Marcel-Tribut,Attendance: 3.636,https://www.transfermarkt.co.uk/usl-dunkerque_sc-bastia/index/spielbericht/4364075
,,,"Mon, 30/09/24",,,,,EA Guingamp,SM Caen,Stade de Roudourou,Attendance: 7.558,https://www.transfermarkt.co.uk/ea-guingamp_sm-caen/index/spielbericht/4364086
,,,"Sat, 28/09/24",,,,,Red Star FC,Paris FC,Stade Bauer,Attendance: 4.560,https://www.transfermarkt.co.uk/red-star-fc_paris-fc/index/spielbericht/4364082
,,,"Fri, 04/10/24",,,,,FC Annecy,Red Star FC,Parc des Sports d’Annecy,Attendance: 5.181,https://www.transfermarkt.co.uk/fc-annecy_red-star-fc/index/spielbericht/4364094
,,,"Sat, 28/09/24",,,,,ESTAC Troyes,FC Metz,Stade de l'Aube,Attendance: 4.974,https://www.transfermarkt.co.uk/estac-troyes_fc-metz/index/spielbericht/4364085
,,,"Fri, 27/09/24",,,,,Stade Lavallois,Pau FC,Stade Francis Le Basser,Attendance: 5.994,https://www.transfermarkt.co.uk/stade-lavallois_pau-fc/index/spielbericht/4364083
,,,"Sat, 05/10/24",,,,,SM Caen,FC Lorient,Stade Michel-d'Ornano,Attendance: 15.489,https://www.transfermarkt.co.uk/sm-caen_fc-lorient/index/spielbericht/4364088
,,,"Fri, 04/10/24",,,,,USL Dunkerque,ESTAC Troyes,Stade Marcel-Tribut,Attendance: 3.817,https://www.transfermarkt.co.uk/usl-dunkerque_estac-troyes/index/spielbericht/4364090
,,,"Fri, 14/03/25",,,,,Club NXT,Jong Genk,The NEST,Attendance: 338,https://www.transfermarkt.co.uk/club-nxt_jong-genk/index/spielbericht/4370022
,,,"Sat, 05/10/24",,,,,FC Metz,Amiens SC,Stade Saint-Symphorien,Attendance: 18.128,https://www.transfermarkt.co.uk/fc-metz_amiens-sc/index/spielbericht/4364089
,,,"Sun, 19/01/25",,,,,K Lierse SK,Club NXT,AsterX Group-f Arena,Attendance: 2.562,https://www.transfermarkt.co.uk/k-lierse-sk_club-nxt/index/spielbericht/4370045
,,,"Fri, 18/10/24",,,,,EA Guingamp,Pau FC,Stade de Roudourou,Attendance: 8.112,https://www.transfermarkt.co.uk/ea-guingamp_pau-fc/index/spielbericht/4364137
,,,"Sat, 15/03/25",,,,,Lommel SK,Patro Eisden Maasmechelen,Soeverein stadion,Attendance: 1.451,https://www.transfermarkt.co.uk/lommel-sk_patro-eisden-maasmechelen/index/spielbericht/4370024
,,,"Sat, 05/04/25",,,,,Lommel SK,Jong Genk,Soeverein stadion,Attendance: 1.311,https://www.transfermarkt.co.uk/lommel-sk_jong-genk/index/spielbericht/4369952
,,,"Sat, 05/10/24",,,,,Clermont Foot 63,EA Guingamp,Stade Gabriel-Montpied,Attendance: 4.585,https://www.transfermarkt.co.uk/clermont-foot-63_ea-guingamp/index/spielbericht/4364087
,,,"Fri, 18/10/24",,,,,Red Star FC,SM Caen,Stade Bauer,Attendance: 4.643,https://www.transfermarkt.co.uk/red-star-fc_sm-caen/index/spielbericht/4364140
,,,"Sat, 05/10/24",,,,,AC Ajaccio,FC Martigues,Stade Michel-Moretti,Attendance: 2.956,https://www.transfermarkt.co.uk/ac-ajaccio_fc-martigues/index/spielbericht/4364093
,,,"Fri, 18/10/24",,,,,Grenoble Foot 38,FC Metz,Stade des Alpes,Attendance: 5.916,https://www.transfermarkt.co.uk/grenoble-foot-38_fc-metz/index/spielbericht/4364143
,,,"Sat, 15/03/25",,,,,KSC Lokeren-Temse,RFC Lüttich,Daknamstadion,Attendance: 2.520,https://www.transfermarkt.co.uk/ksc-lokeren-temse_rfc-luttich/index/spielbericht/4370027
,,,"Fri, 04/10/24",,,,,Paris FC,Stade Lavallois,Stade Charléty,Attendance: 5.062,https://www.transfermarkt.co.uk/paris-fc_stade-lavallois/index/spielbericht/4364095
,,,"Fri, 18/10/24",,,,,Stade Lavallois,USL Dunkerque,Stade Francis Le Basser,Attendance: 5.948,https://www.transfermarkt.co.uk/stade-lavallois_usl-dunkerque/index/spielbericht/4364141
,,,"Sat, 26/10/24",,,,,SM Caen,ESTAC Troyes,Stade Michel-d'Ornano,Attendance: 15.771,https://www.transfermarkt.co.uk/sm-caen_estac-troyes/index/spielbericht/4364170
,,,"Fri, 25/10/24",,,,,USL Dunkerque,Red Star FC,Stade Marcel-Tribut,Attendance: 4.605,https://www.transfermarkt.co.uk/usl-dunkerque_red-star-fc/index/spielbericht/4364176
,,,"Mon, 21/10/24",,,,,ESTAC Troyes,Paris FC,Stade de l'Aube,Attendance: 5.555,https://www.transfermarkt.co.uk/estac-troyes_paris-fc/index/spielbericht/4364142
,,,"Sat, 19/10/24",,,,,Amiens SC,AC Ajaccio,Stade Crédit Agricole la Licorne,Attendance: 5.956,https://www.transfermarkt.co.uk/amiens-sc_ac-ajaccio/index/spielbericht/4364138
,,,"Sat, 26/10/24",,,,,Paris FC,Grenoble Foot 38,Stade Charléty,Attendance: 15.412,https://www.transfermarkt.co.uk/paris-fc_grenoble-foot-38/index/spielbericht/4364173
,,,"Tue, 22/10/24",,,,,Pau FC,SC Bastia,Nouste Camp,Attendance: 3.431,https://www.transfermarkt.co.uk/pau-fc_sc-bastia/index/spielbericht/4364092
,,,"Fri, 18/10/24",,,,,FC Martigues,Rodez AF,Stade Jean-Laville,Attendance: 409,https://www.transfermarkt.co.uk/fc-martigues_rodez-af/index/spielbericht/4364136
,,,"Fri, 25/10/24",,,,,Rodez AF,FC Lorient,Stade Paul-Lignon,Attendance: 4.751,https://www.transfermarkt.co.uk/rodez-af_fc-lorient/index/spielbericht/4364171
,,,"Fri, 25/10/24",,,,,FC Metz,EA Guingamp,Stade Saint-Symphorien,Attendance: 19.290,https://www.transfermarkt.co.uk/fc-metz_ea-guingamp/index/spielbericht/4364169
,,,"Fri, 18/10/24",,,,,SC Bastia,Clermont Foot 63,Stade Armand-Cesari,Attendance: 9.967,https://www.transfermarkt.co.uk/sc-bastia_clermont-foot-63/index/spielbericht/4364144
,,,"Tue, 29/10/24",,,,,FC Martigues,SM Caen,Stade Jean-Laville,Attendance: 580,https://www.transfermarkt.co.uk/fc-martigues_sm-caen/index/spielbericht/4364310
,,,"Tue, 29/10/24",,,,,Amiens SC,Paris FC,Stade Crédit Agricole la Licorne,Attendance: 8.171,https://www.transfermarkt.co.uk/amiens-sc_paris-fc/index/spielbericht/4364311
,,,"Sat, 15/03/25",,,,,Francs Borains,Zulte Waregem,Stade Robert Urbain,Attendance: 2.886,https://www.transfermarkt.co.uk/francs-borains_zulte-waregem/index/spielbericht/4370028
,,,"Fri, 04/10/24",,,,,Rodez AF,Grenoble Foot 38,Stade Paul-Lignon,Attendance: 4.049,https://www.transfermarkt.co.uk/rodez-af_grenoble-foot-38/index/spielbericht/4364091
,,,"Tue, 03/12/24",,,,,AC Ajaccio,SC Bastia,Stade Michel-Moretti,,https://www.transfermarkt.co.uk/ac-ajaccio_sc-bastia/index/spielbericht/4364175
,,,"Tue, 29/10/24",,,,,Red Star FC,FC Metz,Stade Bauer,Attendance: 4.643,https://www.transfermarkt.co.uk/red-star-fc_fc-metz/index/spielbericht/4364316
,,,"Tue, 29/10/24",,,,,ESTAC Troyes,Pau FC,Stade de l'Aube,Attendance: 4.810,https://www.transfermarkt.co.uk/estac-troyes_pau-fc/index/spielbericht/4364318
,,,"Sat, 25/01/25",,,,,RFC Seraing,Francs Borains,Stade du Paray,Attendance: 557,https://www.transfermarkt.co.uk/rfc-seraing_francs-borains/index/spielbericht/4369924
,,,"Tue, 29/10/24",,,,,EA Guingamp,AC Ajaccio,Stade de Roudourou,Attendance: 7.187,https://www.transfermarkt.co.uk/ea-guingamp_ac-ajaccio/index/spielbericht/4364313
,,,"Tue, 29/10/24",,,,,Grenoble Foot 38,FC Annecy,Stade des Alpes,Attendance: 7.920,https://www.transfermarkt.co.uk/grenoble-foot-38_fc-annecy/index/spielbericht/4364314
,,,"Fri, 01/11/24",,,,,Clermont Foot 63,FC Lorient,Stade Gabriel-Montpied,Attendance: 5.423,https://www.transfermarkt.co.uk/clermont-foot-63_fc-lorient/index/spielbericht/4364321
,,,"Tue, 29/10/24",,,,,SC Bastia,Rodez AF,Stade Armand-Cesari,Attendance: 9.809,https://www.transfermarkt.co.uk/sc-bastia_rodez-af/index/spielbericht/4364312
,,,"Sat, 19/10/24",,,,,FC Lorient,FC Annecy,Stade du Moustoir,Attendance: 11.512,https://www.transfermarkt.co.uk/fc-lorient_fc-annecy/index/spielbericht/4364139
,,,"Fri, 01/11/24",,,,,ESTAC Troyes,Stade Lavallois,Stade de l'Aube,Attendance: 5.365,https://www.transfermarkt.co.uk/estac-troyes_stade-lavallois/index/spielbericht/4364320
,,,"Tue, 29/10/24",,,,,Stade Lavallois,Clermont Foot 63,Stade Francis Le Basser,Attendance: 6.799,https://www.transfermarkt.co.uk/stade-lavallois_clermont-foot-63/index/spielbericht/4364317
,,,"Fri, 01/11/24",,,,,FC Annecy,Pau FC,Parc des Sports d’Annecy,Attendance: 5.333,https://www.transfermarkt.co.uk/fc-annecy_pau-fc/index/spielbericht/4364325
,,,"Fri, 01/11/24",,,,,Paris FC,Rodez AF,Stade Charléty,Attendance: 12.377,https://www.transfermarkt.co.uk/paris-fc_rodez-af/index/spielbericht/4364323
,,,"Sat, 02/11/24",,,,,EA Guingamp,Grenoble Foot 38,Stade de Roudourou,Attendance: 6.733,https://www.transfermarkt.co.uk/ea-guingamp_grenoble-foot-38/index/spielbericht/4364324
,,,"Fri, 08/11/24",,,,,Grenoble Foot 38,USL Dunkerque,Stade des Alpes,Attendance: 4.193,https://www.transfermarkt.co.uk/grenoble-foot-38_usl-dunkerque/index/spielbericht/4364331
,,,"Tue, 29/10/24",,,,,FC Lorient,USL Dunkerque,Stade du Moustoir,Attendance: 12.036,https://www.transfermarkt.co.uk/fc-lorient_usl-dunkerque/index/spielbericht/4364315
,,,"Fri, 01/11/24",,,,,FC Martigues,Red Star FC,Stade Jean-Laville,Attendance: 532,https://www.transfermarkt.co.uk/fc-martigues_red-star-fc/index/spielbericht/4364327
,,,"Sat, 09/11/24",,,,,FC Lorient,EA Guingamp,Stade du Moustoir,Attendance: 14.345,https://www.transfermarkt.co.uk/fc-lorient_ea-guingamp/index/spielbericht/4364336
,,,"Sat, 02/11/24",,,,,SM Caen,SC Bastia,Stade Michel-d'Ornano,Attendance: 15.441,https://www.transfermarkt.co.uk/sm-caen_sc-bastia/index/spielbericht/4364322
,,,"Mon, 04/11/24",,,,,AC Ajaccio,FC Metz,Stade Michel-Moretti,Attendance: 2.757,https://www.transfermarkt.co.uk/ac-ajaccio_fc-metz/index/spielbericht/4364319
,,,"Fri, 01/11/24",,,,,USL Dunkerque,Amiens SC,Stade Marcel-Tribut,Attendance: 4.933,https://www.transfermarkt.co.uk/usl-dunkerque_amiens-sc/index/spielbericht/4364326
,,,"Fri, 08/11/24",,,,,Rodez AF,FC Annecy,Stade Paul-Lignon,Attendance: 4.385,https://www.transfermarkt.co.uk/rodez-af_fc-annecy/index/spielbericht/4364330
,,,"Fri, 22/11/24",,,,,ESTAC Troyes,Grenoble Foot 38,Stade de l'Aube,Attendance: 4.108,https://www.transfermarkt.co.uk/estac-troyes_grenoble-foot-38/index/spielbericht/4364338
,,,"Fri, 08/11/24",,,,,Stade Lavallois,SC Bastia,Stade Francis Le Basser,Attendance: 5.563,https://www.transfermarkt.co.uk/stade-lavallois_sc-bastia/index/spielbericht/4364332
,,,"Fri, 08/11/24",,,,,AC Ajaccio,Clermont Foot 63,Stade Michel-Moretti,Attendance: 2.845,https://www.transfermarkt.co.uk/ac-ajaccio_clermont-foot-63/index/spielbericht/4364333
,,,"Sat, 09/11/24",,,,,Pau FC,Paris FC,Nouste Camp,Attendance: 3.025,https://www.transfermarkt.co.uk/pau-fc_paris-fc/index/spielbericht/4364328
,,,"Fri, 08/11/24",,,,,Amiens SC,FC Martigues,Stade Crédit Agricole la Licorne,Attendance: 5.167,https://www.transfermarkt.co.uk/amiens-sc_fc-martigues/index/spielbericht/4364329
,,,"Sat, 09/11/24",,,,,FC Metz,SM Caen,Stade Saint-Symphorien,Attendance: 18.481,https://www.transfermarkt.co.uk/fc-metz_sm-caen/index/spielbericht/4364335
,,,"Fri, 22/11/24",,,,,SM Caen,Rodez AF,Stade Michel-d'Ornano,Attendance: 15.104,https://www.transfermarkt.co.uk/sm-caen_rodez-af/index/spielbericht/4364340
,,,"Fri, 22/11/24",,,,,FC Martigues,Stade Lavallois,Stade Jean-Laville,Attendance: 299,https://www.transfermarkt.co.uk/fc-martigues_stade-lavallois/index/spielbericht/4364345
,,,"Fri, 22/11/24",,,,,Clermont Foot 63,FC Metz,Stade Gabriel-Montpied,Attendance: 4.674,https://www.transfermarkt.co.uk/clermont-foot-63_fc-metz/index/spielbericht/4364339
,,,"Fri, 22/11/24",,,,,EA Guingamp,Amiens SC,Stade de Roudourou,Attendance: 7.442,https://www.transfermarkt.co.uk/ea-guingamp_amiens-sc/index/spielbericht/4364341
,,,"Fri, 06/12/24",,,,,Rodez AF,Pau FC,Stade Paul-Lignon,Attendance: 4.764,https://www.transfermarkt.co.uk/rodez-af_pau-fc/index/spielbericht/4364348
,,,"Mon, 25/11/24",,,,,USL Dunkerque,AC Ajaccio,Stade Marcel-Tribut,Attendance: 4.259,https://www.transfermarkt.co.uk/usl-dunkerque_ac-ajaccio/index/spielbericht/4364343
,,,"Fri, 22/11/24",,,,,Pau FC,Red Star FC,Nouste Camp,Attendance: 2.887,https://www.transfermarkt.co.uk/pau-fc_red-star-fc/index/spielbericht/4364344
,,,"Fri, 06/12/24",,,,,Stade Lavallois,SM Caen,Stade Francis Le Basser,Attendance: 7.154,https://www.transfermarkt.co.uk/stade-lavallois_sm-caen/index/spielbericht/4364355
,,,"Fri, 13/12/24",,,,,Clermont Foot 63,Rodez AF,Stade Gabriel-Montpied,Attendance: 2.278,https://www.transfermarkt.co.uk/clermont-foot-63_rodez-af/index/spielbericht/4364358
,,,"Mon, 09/12/24",,,,,FC Metz,USL Dunkerque,Stade Saint-Symphorien,Attendance: 17.897,https://www.transfermarkt.co.uk/fc-metz_usl-dunkerque/index/spielbericht/4364352
,,,"Fri, 06/12/24",,,,,FC Martigues,EA Guingamp,Stade Francis-Turcan,Attendance: 323,https://www.transfermarkt.co.uk/fc-martigues_ea-guingamp/index/spielbericht/4364347
,,,"Sat, 23/11/24",,,,,SC Bastia,FC Lorient,Stade Armand-Cesari,Attendance: 9.515,https://www.transfermarkt.co.uk/sc-bastia_fc-lorient/index/spielbericht/4364337
,,,"Fri, 06/12/24",,,,,FC Annecy,Clermont Foot 63,Parc des Sports d’Annecy,Attendance: 4.395,https://www.transfermarkt.co.uk/fc-annecy_clermont-foot-63/index/spielbericht/4364351
,,,"Fri, 06/12/24",,,,,FC Lorient,ESTAC Troyes,Stade du Moustoir,Attendance: 11.141,https://www.transfermarkt.co.uk/fc-lorient_estac-troyes/index/spielbericht/4364354
,,,"Fri, 13/12/24",,,,,ESTAC Troyes,FC Martigues,Stade de l'Aube,Attendance: 4.291,https://www.transfermarkt.co.uk/estac-troyes_fc-martigues/index/spielbericht/4364356
,,,"Fri, 13/12/24",,,,,SC Bastia,EA Guingamp,Stade Armand-Cesari,Attendance: 7.551,https://www.transfermarkt.co.uk/sc-bastia_ea-guingamp/index/spielbericht/4364359
,,,"Fri, 13/12/24",,,,,Amiens SC,Stade Lavallois,Stade Crédit Agricole la Licorne,Attendance: 9.026,https://www.transfermarkt.co.uk/amiens-sc_stade-lavallois/index/spielbericht/4364364
,,,"Sat, 14/12/24",,,,,Red Star FC,Grenoble Foot 38,Stade Bauer,Attendance: 4.454,https://www.transfermarkt.co.uk/red-star-fc_grenoble-foot-38/index/spielbericht/4364363
,,,"Fri, 13/12/24",,,,,Pau FC,AC Ajaccio,Nouste Camp,Attendance: 2.851,https://www.transfermarkt.co.uk/pau-fc_ac-ajaccio/index/spielbericht/4364360
,,,"Sat, 14/12/24",,,,,FC Annecy,FC Metz,Parc des Sports d’Annecy,Attendance: 8.319,https://www.transfermarkt.co.uk/fc-annecy_fc-metz/index/spielbericht/4364361
,,,"Sat, 14/12/24",,,,,FC Lorient,Paris FC,Stade du Moustoir,Attendance: 13.963,https://www.transfermarkt.co.uk/fc-lorient_paris-fc/index/spielbericht/4364357
,,,"Fri, 03/01/25",,,,,Amiens SC,ESTAC Troyes,Stade Crédit Agricole la Licorne,Attendance: 5.312,https://www.transfermarkt.co.uk/amiens-sc_estac-troyes/index/spielbericht/4364371
,,,"Fri, 03/01/25",,,,,AC Ajaccio,FC Annecy,Stade Michel-Moretti,Attendance: 2.799,https://www.transfermarkt.co.uk/ac-ajaccio_fc-annecy/index/spielbericht/4364368
,,,"Fri, 03/01/25",,,,,Paris FC,FC Martigues,Stade Charléty,Attendance: 5.580,https://www.transfermarkt.co.uk/paris-fc_fc-martigues/index/spielbericht/4364365
,,,"Fri, 03/01/25",,,,,Grenoble Foot 38,SC Bastia,Stade des Alpes,Attendance: 3.649,https://www.transfermarkt.co.uk/grenoble-foot-38_sc-bastia/index/spielbericht/4364367
,,,"Fri, 03/01/25",,,,,Rodez AF,Red Star FC,Stade Paul-Lignon,Attendance: 4.762,https://www.transfermarkt.co.uk/rodez-af_red-star-fc/index/spielbericht/4364370
,,,"Sat, 04/01/25",,,,,FC Metz,Pau FC,Stade Saint-Symphorien,Attendance: 18.222,https://www.transfermarkt.co.uk/fc-metz_pau-fc/index/spielbericht/4364366
,,,"Sat, 04/01/25",,,,,Stade Lavallois,FC Lorient,Stade Francis Le Basser,Attendance: 7.146,https://www.transfermarkt.co.uk/stade-lavallois_fc-lorient/index/spielbericht/4364373
,,,"Fri, 10/01/25",,,,,Rodez AF,ESTAC Troyes,Stade Paul-Lignon,Attendance: 4.128,https://www.transfermarkt.co.uk/rodez-af_estac-troyes/index/spielbericht/4364375
,,,"Sat, 04/01/25",,,,,EA Guingamp,USL Dunkerque,Stade de Roudourou,Attendance: 9.018,https://www.transfermarkt.co.uk/ea-guingamp_usl-dunkerque/index/spielbericht/4364369
,,,"Sat, 11/01/25",,,,,SM Caen,Grenoble Foot 38,Stade Michel-d'Ornano,Attendance: 15.248,https://www.transfermarkt.co.uk/sm-caen_grenoble-foot-38/index/spielbericht/4364374
,,,"Fri, 10/01/25",,,,,FC Annecy,EA Guingamp,Parc des Sports d’Annecy,Attendance: 4.287,https://www.transfermarkt.co.uk/fc-annecy_ea-guingamp/index/spielbericht/4364380
,,,"Sat, 11/01/25",,,,,Paris FC,Amiens SC,Stade Charléty,Attendance: 6.501,https://www.transfermarkt.co.uk/paris-fc_amiens-sc/index/spielbericht/4364378
,,,"Sat, 11/01/25",,,,,SC Bastia,AC Ajaccio,Stade Armand-Cesari,Attendance: 9.458,https://www.transfermarkt.co.uk/sc-bastia_ac-ajaccio/index/spielbericht/4364379
,,,"Fri, 10/01/25",,,,,Stade Lavallois,Red Star FC,Stade Francis Le Basser,Attendance: 5.580,https://www.transfermarkt.co.uk/stade-lavallois_red-star-fc/index/spielbericht/4364382
,,,"Fri, 10/01/25",,,,,FC Martigues,Clermont Foot 63,Stade Jean-Laville,Attendance: 302,https://www.transfermarkt.co.uk/fc-martigues_clermont-foot-63/index/spielbericht/4364377
,,,"Sat, 11/01/25",,,,,FC Lorient,FC Metz,Stade du Moustoir,Attendance: 13.529,https://www.transfermarkt.co.uk/fc-lorient_fc-metz/index/spielbericht/4364376
,,,"Fri, 17/01/25",,,,,Grenoble Foot 38,FC Martigues,Stade des Alpes,Attendance: 3.507,https://www.transfermarkt.co.uk/grenoble-foot-38_fc-martigues/index/spielbericht/4364384
,,,"Fri, 17/01/25",,,,,AC Ajaccio,SM Caen,Stade Michel-Moretti,Attendance: 4.495,https://www.transfermarkt.co.uk/ac-ajaccio_sm-caen/index/spielbericht/4364391
,,,"Fri, 17/01/25",,,,,Amiens SC,SC Bastia,Stade Crédit Agricole la Licorne,Attendance: 4.876,https://www.transfermarkt.co.uk/amiens-sc_sc-bastia/index/spielbericht/4364385
,,,"Sat, 18/01/25",,,,,FC Metz,Paris FC,Stade Saint-Symphorien,Attendance: 19.526,https://www.transfermarkt.co.uk/fc-metz_paris-fc/index/spielbericht/4364389
,,,"Mon, 20/01/25",,,,,ESTAC Troyes,FC Annecy,Stade de l'Aube,Attendance: 3.974,https://www.transfermarkt.co.uk/estac-troyes_fc-annecy/index/spielbericht/4364390
,,,"Fri, 17/01/25",,,,,EA Guingamp,Rodez AF,Stade de Roudourou,Attendance: 6.350,https://www.transfermarkt.co.uk/ea-guingamp_rodez-af/index/spielbericht/4364383
,,,"Fri, 24/01/25",,,,,SM Caen,EA Guingamp,Stade Michel-d'Ornano,Attendance: 14.744,https://www.transfermarkt.co.uk/sm-caen_ea-guingamp/index/spielbericht/4364392
,,,"Fri, 17/01/25",,,,,Red Star FC,Pau FC,Stade Bauer,Attendance: 4.150,https://www.transfermarkt.co.uk/red-star-fc_pau-fc/index/spielbericht/4364387
,,,"Sat, 18/01/25",,,,,Clermont Foot 63,Stade Lavallois,Stade Gabriel-Montpied,Attendance: 4.481,https://www.transfermarkt.co.uk/clermont-foot-63_stade-lavallois/index/spielbericht/4364388
,,,"Sat, 18/01/25",,,,,USL Dunkerque,FC Lorient,Stade Marcel-Tribut,Attendance: 4.878,https://www.transfermarkt.co.uk/usl-dunkerque_fc-lorient/index/spielbericht/4364386
,,,"Fri, 24/01/25",,,,,FC Metz,Grenoble Foot 38,Stade Saint-Symphorien,Attendance: 17.231,https://www.transfermarkt.co.uk/fc-metz_grenoble-foot-38/index/spielbericht/4364393
,,,"Fri, 24/01/25",,,,,FC Martigues,Amiens SC,Stade Francis-Turcan,Attendance: 2.674,https://www.transfermarkt.co.uk/fc-martigues_amiens-sc/index/spielbericht/4364396
,,,"Fri, 24/01/25",,,,,Stade Lavallois,ESTAC Troyes,Stade Francis Le Basser,Attendance: 5.116,https://www.transfermarkt.co.uk/stade-lavallois_estac-troyes/index/spielbericht/4364394
,,,"Fri, 24/01/25",,,,,SC Bastia,Pau FC,Stade Armand-Cesari,Attendance: 8.066,https://www.transfermarkt.co.uk/sc-bastia_pau-fc/index/spielbericht/4364397
,,,"Sat, 25/01/25",,,,,Paris FC,Red Star FC,Stade Charléty,Attendance: 17.748,https://www.transfermarkt.co.uk/paris-fc_red-star-fc/index/spielbericht/4364400
,,,"Fri, 31/01/25",,,,,USL Dunkerque,FC Martigues,Stade Marcel-Tribut,Attendance: 3.416,https://www.transfermarkt.co.uk/usl-dunkerque_fc-martigues/index/spielbericht/4364531
,,,"Fri, 31/01/25",,,,,Amiens SC,FC Annecy,Stade Crédit Agricole la Licorne,Attendance: 5.009,https://www.transfermarkt.co.uk/amiens-sc_fc-annecy/index/spielbericht/4364530
,,,"Fri, 31/01/25",,,,,Grenoble Foot 38,Rodez AF,Stade des Alpes,Attendance: 3.656,https://www.transfermarkt.co.uk/grenoble-foot-38_rodez-af/index/spielbericht/4364529
,,,"Sat, 25/01/25",,,,,FC Lorient,Clermont Foot 63,Stade du Moustoir,Attendance: 11.238,https://www.transfermarkt.co.uk/fc-lorient_clermont-foot-63/index/spielbericht/4364395
,,,"Fri, 31/01/25",,,,,SC Bastia,FC Metz,Stade Armand-Cesari,Attendance: 8.435,https://www.transfermarkt.co.uk/sc-bastia_fc-metz/index/spielbericht/4364535
,,,"Fri, 31/01/25",,,,,Clermont Foot 63,AC Ajaccio,Stade Gabriel-Montpied,Attendance: 4.129,https://www.transfermarkt.co.uk/clermont-foot-63_ac-ajaccio/index/spielbericht/4364536
,,,"Sat, 01/02/25",,,,,Red Star FC,FC Lorient,Stade Bauer,Attendance: 4.633,https://www.transfermarkt.co.uk/red-star-fc_fc-lorient/index/spielbericht/4364532
,,,"Sat, 01/02/25",,,,,EA Guingamp,Paris FC,Stade de Roudourou,Attendance: 9.128,https://www.transfermarkt.co.uk/ea-guingamp_paris-fc/index/spielbericht/4364528
,,,"Fri, 07/02/25",,,,,Rodez AF,SC Bastia,Stade Paul-Lignon,Attendance: 4.015,https://www.transfermarkt.co.uk/rodez-af_sc-bastia/index/spielbericht/4364541
,,,"Fri, 07/02/25",,,,,FC Martigues,ESTAC Troyes,Stade Francis-Turcan,Attendance: 1.582,https://www.transfermarkt.co.uk/fc-martigues_estac-troyes/index/spielbericht/4364537
,,,"Fri, 07/02/25",,,,,Paris FC,Pau FC,Stade Charléty,Attendance: 6.023,https://www.transfermarkt.co.uk/paris-fc_pau-fc/index/spielbericht/4364540
,,,"Sat, 01/02/25",,,,,ESTAC Troyes,SM Caen,Stade de l'Aube,Attendance: 9.645,https://www.transfermarkt.co.uk/estac-troyes_sm-caen/index/spielbericht/4364534
,,,"Tue, 24/09/24",,,,,Paris FC,EA Guingamp,Stade Charléty,Attendance: 6.448,https://www.transfermarkt.co.uk/paris-fc_ea-guingamp/index/spielbericht/4364072
,,,"Fri, 07/02/25",,,,,Stade Lavallois,FC Annecy,Stade Francis Le Basser,Attendance: 5.348,https://www.transfermarkt.co.uk/stade-lavallois_fc-annecy/index/spielbericht/4364545
,,,"Fri, 07/02/25",,,,,Grenoble Foot 38,Red Star FC,Stade des Alpes,Attendance: 5.871,https://www.transfermarkt.co.uk/grenoble-foot-38_red-star-fc/index/spielbericht/4364544
,,,"Sat, 08/02/25",,,,,AC Ajaccio,EA Guingamp,Stade Michel-Moretti,Attendance: 5.228,https://www.transfermarkt.co.uk/ac-ajaccio_ea-guingamp/index/spielbericht/4364542
,,,"Sat, 08/02/25",,,,,FC Lorient,Amiens SC,Stade du Moustoir,Attendance: 10.680,https://www.transfermarkt.co.uk/fc-lorient_amiens-sc/index/spielbericht/4364538
,,,"Fri, 14/02/25",,,,,Pau FC,Rodez AF,Nouste Camp,Attendance: 2.867,https://www.transfermarkt.co.uk/pau-fc_rodez-af/index/spielbericht/4364546
,,,"Sat, 08/02/25",,,,,FC Metz,Clermont Foot 63,Stade Saint-Symphorien,Attendance: 17.886,https://www.transfermarkt.co.uk/fc-metz_clermont-foot-63/index/spielbericht/4364539
,,,"Fri, 14/02/25",,,,,Amiens SC,Grenoble Foot 38,Stade Crédit Agricole la Licorne,Attendance: 5.143,https://www.transfermarkt.co.uk/amiens-sc_grenoble-foot-38/index/spielbericht/4364547
,,,"Fri, 14/02/25",,,,,Red Star FC,FC Martigues,Stade Bauer,Attendance: 3.705,https://www.transfermarkt.co.uk/red-star-fc_fc-martigues/index/spielbericht/4364550
,,,"Fri, 14/02/25",,,,,AC Ajaccio,Stade Lavallois,Stade Michel-Moretti,Attendance: 5.726,https://www.transfermarkt.co.uk/ac-ajaccio_stade-lavallois/index/spielbericht/4364551
,,,"Sat, 15/02/25",,,,,USL Dunkerque,Paris FC,Stade Marcel-Tribut,Attendance: 4.933,https://www.transfermarkt.co.uk/usl-dunkerque_paris-fc/index/spielbericht/4364549
,,,"Fri, 14/02/25",,,,,Clermont Foot 63,SC Bastia,Stade Gabriel-Montpied,Attendance: 4.088,https://www.transfermarkt.co.uk/clermont-foot-63_sc-bastia/index/spielbericht/4364554
,,,"Fri, 21/02/25",,,,,Paris FC,ESTAC Troyes,Stade Charléty,Attendance: 8.813,https://www.transfermarkt.co.uk/paris-fc_estac-troyes/index/spielbericht/4364557
,,,"Sat, 15/02/25",,,,,EA Guingamp,FC Metz,Stade de Roudourou,Attendance: 13.024,https://www.transfermarkt.co.uk/ea-guingamp_fc-metz/index/spielbericht/4364553
,,,"Fri, 25/10/24",,,,,Pau FC,Amiens SC,Nouste Camp,Attendance: 3.034,https://www.transfermarkt.co.uk/pau-fc_amiens-sc/index/spielbericht/4364174
,,,"Fri, 14/02/25",,,,,ESTAC Troyes,FC Lorient,Stade de l'Aube,Attendance: 4.973,https://www.transfermarkt.co.uk/estac-troyes_fc-lorient/index/spielbericht/4364552
,,,"Mon, 17/02/25",,,,,FC Annecy,SM Caen,Parc des Sports d’Annecy,Attendance: 4.764,https://www.transfermarkt.co.uk/fc-annecy_sm-caen/index/spielbericht/4364548
,,,"Fri, 21/02/25",,,,,Grenoble Foot 38,EA Guingamp,Stade des Alpes,Attendance: 4.408,https://www.transfermarkt.co.uk/grenoble-foot-38_ea-guingamp/index/spielbericht/4364559
,,,"Fri, 21/02/25",,,,,Rodez AF,Amiens SC,Stade Paul-Lignon,Attendance: 4.522,https://www.transfermarkt.co.uk/rodez-af_amiens-sc/index/spielbericht/4364560
,,,"Fri, 30/08/24",,,,,AC Ajaccio,ESTAC Troyes,Stade Michel-Moretti,Attendance: 3.398,https://www.transfermarkt.co.uk/ac-ajaccio_estac-troyes/index/spielbericht/4363730
,,,"Fri, 21/02/25",,,,,SC Bastia,Red Star FC,Stade Armand-Cesari,Attendance: 8.657,https://www.transfermarkt.co.uk/sc-bastia_red-star-fc/index/spielbericht/4364563
,,,"Fri, 28/02/25",,,,,Pau FC,Grenoble Foot 38,Nouste Camp,Attendance: 3.085,https://www.transfermarkt.co.uk/pau-fc_grenoble-foot-38/index/spielbericht/4364573
,,,"Sat, 22/02/25",,,,,FC Lorient,Stade Lavallois,Stade du Moustoir,Attendance: 13.012,https://www.transfermarkt.co.uk/fc-lorient_stade-lavallois/index/spielbericht/4364555
,,,"Fri, 21/02/25",,,,,USL Dunkerque,Clermont Foot 63,Stade Marcel-Tribut,Attendance: 4.750,https://www.transfermarkt.co.uk/usl-dunkerque_clermont-foot-63/index/spielbericht/4364562
,,,"Fri, 28/02/25",,,,,Stade Lavallois,FC Martigues,Stade Francis Le Basser,Attendance: 6.066,https://www.transfermarkt.co.uk/stade-lavallois_fc-martigues/index/spielbericht/4364577
,,,"Fri, 28/02/25",,,,,ESTAC Troyes,SC Bastia,Stade de l'Aube,Attendance: 5.509,https://www.transfermarkt.co.uk/estac-troyes_sc-bastia/index/spielbericht/4364578
,,,"Sat, 01/03/25",,,,,Red Star FC,EA Guingamp,Stade Bauer,Attendance: 4.525,https://www.transfermarkt.co.uk/red-star-fc_ea-guingamp/index/spielbericht/4364576
,,,"Sat, 01/03/25",,,,,Amiens SC,FC Metz,Stade Crédit Agricole la Licorne,Attendance: 6.662,https://www.transfermarkt.co.uk/amiens-sc_fc-metz/index/spielbericht/4364579
,,,"Fri, 07/03/25",,,,,EA Guingamp,Clermont Foot 63,Stade de Roudourou,Attendance: 6.280,https://www.transfermarkt.co.uk/ea-guingamp_clermont-foot-63/index/spielbericht/4364581
,,,"Sat, 01/03/25",,,,,FC Lorient,Rodez AF,Stade du Moustoir,Attendance: 11.599,https://www.transfermarkt.co.uk/fc-lorient_rodez-af/index/spielbericht/4364572
,,,"Fri, 28/02/25",,,,,FC Annecy,Paris FC,Parc des Sports d’Annecy,Attendance: 9.132,https://www.transfermarkt.co.uk/fc-annecy_paris-fc/index/spielbericht/4364574
,,,"Mon, 03/03/25",,,,,AC Ajaccio,USL Dunkerque,Stade Michel-Moretti,Attendance: 3.576,https://www.transfermarkt.co.uk/ac-ajaccio_usl-dunkerque/index/spielbericht/4364575
,,,"Fri, 07/03/25",,,,,Pau FC,ESTAC Troyes,Nouste Camp,Attendance: 2.952,https://www.transfermarkt.co.uk/pau-fc_estac-troyes/index/spielbericht/4364583
,,,"Fri, 07/03/25",,,,,SC Bastia,FC Martigues,Stade Armand-Cesari,Attendance: 8.353,https://www.transfermarkt.co.uk/sc-bastia_fc-martigues/index/spielbericht/4364585
,,,"Fri, 07/03/25",,,,,Grenoble Foot 38,AC Ajaccio,Stade des Alpes,Attendance: 4.380,https://www.transfermarkt.co.uk/grenoble-foot-38_ac-ajaccio/index/spielbericht/4364586
,,,"Fri, 07/03/25",,,,,Red Star FC,Amiens SC,Stade Bauer,Attendance: 4.452,https://www.transfermarkt.co.uk/red-star-fc_amiens-sc/index/spielbericht/4364589
,,,"Fri, 25/10/24",,,,,Clermont Foot 63,FC Martigues,Stade Gabriel-Montpied,Attendance: 5.004,https://www.transfermarkt.co.uk/clermont-foot-63_fc-martigues/index/spielbericht/4364172
,,,"Sat, 08/03/25",,,,,FC Metz,FC Annecy,Stade Saint-Symphorien,Attendance: 19.441,https://www.transfermarkt.co.uk/fc-metz_fc-annecy/index/spielbericht/4364587
,,,"Sat, 08/03/25",,,,,Paris FC,FC Lorient,Stade Charléty,Attendance: 17.635,https://www.transfermarkt.co.uk/paris-fc_fc-lorient/index/spielbericht/4364584
,,,"Fri, 14/03/25",,,,,FC Martigues,Pau FC,Stade Francis-Turcan,Attendance: 1.125,https://www.transfermarkt.co.uk/fc-martigues_pau-fc/index/spielbericht/4364590
,,,"Fri, 14/03/25",,,,,AC Ajaccio,Red Star FC,Stade Michel-Moretti,Attendance: 3.555,https://www.transfermarkt.co.uk/ac-ajaccio_red-star-fc/index/spielbericht/4364594
,,,"Fri, 14/03/25",,,,,ESTAC Troyes,EA Guingamp,Stade de l'Aube,Attendance: 5.827,https://www.transfermarkt.co.uk/estac-troyes_ea-guingamp/index/spielbericht/4364596
,,,"Fri, 14/03/25",,,,,FC Annecy,Rodez AF,Parc des Sports d’Annecy,Attendance: 4.442,https://www.transfermarkt.co.uk/fc-annecy_rodez-af/index/spielbericht/4364592
,,,"Fri, 14/03/25",,,,,Clermont Foot 63,Grenoble Foot 38,Stade Gabriel-Montpied,Attendance: 4.127,https://www.transfermarkt.co.uk/clermont-foot-63_grenoble-foot-38/index/spielbericht/4364591
,,,"Mon, 10/03/25",,,,,Rodez AF,USL Dunkerque,Stade Paul-Lignon,Attendance: 4.216,https://www.transfermarkt.co.uk/rodez-af_usl-dunkerque/index/spielbericht/4364588
,,,"Mon, 16/12/24",,,,,USL Dunkerque,SM Caen,Stade Marcel-Tribut,Attendance: 4.125,https://www.transfermarkt.co.uk/usl-dunkerque_sm-caen/index/spielbericht/4364362
,,,"Fri, 14/03/25",,,,,Amiens SC,SM Caen,Stade Crédit Agricole la Licorne,Attendance: 12.212,https://www.transfermarkt.co.uk/amiens-sc_sm-caen/index/spielbericht/4364597
,,,"Fri, 28/02/25",,,,,Clermont Foot 63,SM Caen,Stade Gabriel-Montpied,Attendance: 4.478,https://www.transfermarkt.co.uk/clermont-foot-63_sm-caen/index/spielbericht/4364580
,,,"Sat, 15/03/25",,,,,USL Dunkerque,FC Metz,Stade Marcel-Tribut,Attendance: 4.933,https://www.transfermarkt.co.uk/usl-dunkerque_fc-metz/index/spielbericht/4364593
,,,"Fri, 28/03/25",,,,,Clermont Foot 63,Amiens SC,Stade Gabriel-Montpied,Attendance: 9.562,https://www.transfermarkt.co.uk/clermont-foot-63_amiens-sc/index/spielbericht/4364607
,,,"Sat, 15/03/25",,,,,FC Lorient,SC Bastia,Stade du Moustoir,Attendance: 12.417,https://www.transfermarkt.co.uk/fc-lorient_sc-bastia/index/spielbericht/4364598
,,,"Sat, 15/03/25",,,,,Stade Lavallois,Paris FC,Stade Francis Le Basser,Attendance: 6.449,https://www.transfermarkt.co.uk/stade-lavallois_paris-fc/index/spielbericht/4364595
,,,"Fri, 28/03/25",,,,,FC Metz,ESTAC Troyes,Stade Saint-Symphorien,Attendance: 22.076,https://www.transfermarkt.co.uk/fc-metz_estac-troyes/index/spielbericht/4364608
,,,"Fri, 28/03/25",,,,,FC Martigues,AC Ajaccio,Stade Francis-Turcan,Attendance: 1.753,https://www.transfermarkt.co.uk/fc-martigues_ac-ajaccio/index/spielbericht/4364609
,,,"Fri, 28/03/25",,,,,Pau FC,FC Annecy,Nouste Camp,Attendance: 2.988,https://www.transfermarkt.co.uk/pau-fc_fc-annecy/index/spielbericht/4364610
,,,"Fri, 28/03/25",,,,,Red Star FC,Rodez AF,Stade Bauer,Attendance: 4.575,https://www.transfermarkt.co.uk/red-star-fc_rodez-af/index/spielbericht/4364612
,,,"Sat, 29/03/25",,,,,Grenoble Foot 38,FC Lorient,Stade des Alpes,Attendance: 5.098,https://www.transfermarkt.co.uk/grenoble-foot-38_fc-lorient/index/spielbericht/4364605
,,,"Sat, 29/03/25",,,,,EA Guingamp,Stade Lavallois,Stade de Roudourou,Attendance: 11.636,https://www.transfermarkt.co.uk/ea-guingamp_stade-lavallois/index/spielbericht/4364613
,,,"Sat, 07/12/24",,,,,Grenoble Foot 38,Amiens SC,Stade des Alpes,Attendance: 3.776,https://www.transfermarkt.co.uk/grenoble-foot-38_amiens-sc/index/spielbericht/4364349
,,,"Fri, 25/10/24",,,,,FC Annecy,Stade Lavallois,Parc des Sports d’Annecy,Attendance: 5.362,https://www.transfermarkt.co.uk/fc-annecy_stade-lavallois/index/spielbericht/4364177
,,,"Fri, 04/04/25",,,,,AC Ajaccio,Amiens SC,Stade Michel-Moretti,Attendance: 3.762,https://www.transfermarkt.co.uk/ac-ajaccio_amiens-sc/index/spielbericht/4364636
,,,"Fri, 28/03/25",,,,,SC Bastia,USL Dunkerque,Stade Armand-Cesari,Attendance: 8.678,https://www.transfermarkt.co.uk/sc-bastia_usl-dunkerque/index/spielbericht/4364611
,,,"Mon, 31/03/25",,,,,Paris FC,SM Caen,Stade Charléty,Attendance: 9.227,https://www.transfermarkt.co.uk/paris-fc_sm-caen/index/spielbericht/4364606
,,,"Fri, 08/11/24",,,,,Red Star FC,ESTAC Troyes,Stade Bauer,Attendance: 4.552,https://www.transfermarkt.co.uk/red-star-fc_estac-troyes/index/spielbericht/4364334
,,,"Fri, 04/04/25",,,,,Rodez AF,FC Martigues,Stade Paul-Lignon,Attendance: 4.076,https://www.transfermarkt.co.uk/rodez-af_fc-martigues/index/spielbericht/4364634
,,,"Fri, 04/04/25",,,,,FC Annecy,SC Bastia,Parc des Sports d’Annecy,Attendance: 7.202,https://www.transfermarkt.co.uk/fc-annecy_sc-bastia/index/spielbericht/4364637
,,,"Fri, 04/04/25",,,,,Paris FC,Clermont Foot 63,Stade Charléty,Attendance: 10.078,https://www.transfermarkt.co.uk/paris-fc_clermont-foot-63/index/spielbericht/4364641
,,,"Sat, 14/12/24",,,,,Lommel SK,Zulte Waregem,Soeverein stadion,Attendance: 1.333,https://www.transfermarkt.co.uk/lommel-sk_zulte-waregem/index/spielbericht/4369904
,,,"Sat, 05/04/25",,,,,SM Caen,FC Metz,Stade Michel-d'Ornano,Attendance: 16.555,https://www.transfermarkt.co.uk/sm-caen_fc-metz/index/spielbericht/4364640
,,,"Fri, 11/04/25",,,,,ESTAC Troyes,AC Ajaccio,Stade de l'Aube,Attendance: 5.631,https://www.transfermarkt.co.uk/estac-troyes_ac-ajaccio/index/spielbericht/4364651
,,,"Fri, 04/04/25",,,,,Stade Lavallois,Grenoble Foot 38,Stade Francis Le Basser,Attendance: 6.460,https://www.transfermarkt.co.uk/stade-lavallois_grenoble-foot-38/index/spielbericht/4364639
,,,"Sat, 05/04/25",,,,,ESTAC Troyes,Red Star FC,Stade de l'Aube,Attendance: 17.199,https://www.transfermarkt.co.uk/estac-troyes_red-star-fc/index/spielbericht/4364642
,,,"Sat, 05/04/25",,,,,FC Lorient,Pau FC,Stade du Moustoir,Attendance: 12.746,https://www.transfermarkt.co.uk/fc-lorient_pau-fc/index/spielbericht/4364635
,,,"Fri, 11/04/25",,,,,FC Martigues,FC Metz,Stade Francis-Turcan,Attendance: 3.371,https://www.transfermarkt.co.uk/fc-martigues_fc-metz/index/spielbericht/4364653
,,,"Fri, 11/04/25",,,,,Pau FC,Clermont Foot 63,Nouste Camp,Attendance: 3.259,https://www.transfermarkt.co.uk/pau-fc_clermont-foot-63/index/spielbericht/4364654
,,,"Sat, 07/12/24",,,,,AC Ajaccio,Paris FC,Stade Michel-Moretti,Attendance: 2.807,https://www.transfermarkt.co.uk/ac-ajaccio_paris-fc/index/spielbericht/4364350
,,,"Sat, 12/04/25",,,,,Grenoble Foot 38,Paris FC,Stade des Alpes,Attendance: 8.166,https://www.transfermarkt.co.uk/grenoble-foot-38_paris-fc/index/spielbericht/4364655
,,,"Mon, 07/04/25",,,,,USL Dunkerque,EA Guingamp,Stade Marcel-Tribut,Attendance: 4.488,https://www.transfermarkt.co.uk/usl-dunkerque_ea-guingamp/index/spielbericht/4364638
,,,"Fri, 11/04/25",,,,,Red Star FC,FC Annecy,Stade Bauer,Attendance: 4.409,https://www.transfermarkt.co.uk/red-star-fc_fc-annecy/index/spielbericht/4364657
,,,"Fri, 18/04/25",,,,,SM Caen,FC Martigues,Stade Michel-d'Ornano,Attendance: 18.674,https://www.transfermarkt.co.uk/sm-caen_fc-martigues/index/spielbericht/4364662
,,,"Fri, 11/04/25",,,,,Rodez AF,SM Caen,Stade Paul-Lignon,Attendance: 4.760,https://www.transfermarkt.co.uk/rodez-af_sm-caen/index/spielbericht/4364652
,,,"Fri, 11/04/25",,,,,Amiens SC,USL Dunkerque,Stade Crédit Agricole la Licorne,Attendance: 9.214,https://www.transfermarkt.co.uk/amiens-sc_usl-dunkerque/index/spielbericht/4364656
,,,"Fri, 03/01/25",,,,,SM Caen,Clermont Foot 63,Stade Michel-d'Ornano,Attendance: 15.248,https://www.transfermarkt.co.uk/sm-caen_clermont-foot-63/index/spielbericht/4364372
,,,"Mon, 27/01/25",,,,,FC Annecy,USL Dunkerque,Parc des Sports d’Annecy,Attendance: 4.486,https://www.transfermarkt.co.uk/fc-annecy_usl-dunkerque/index/spielbericht/4364399
,,,"Fri, 18/04/25",,,,,AC Ajaccio,Pau FC,Stade Michel-Moretti,Attendance: 3.808,https://www.transfermarkt.co.uk/ac-ajaccio_pau-fc/index/spielbericht/4364665
,,,"Mon, 14/04/25",,,,,SC Bastia,Stade Lavallois,Stade Armand-Cesari,Attendance: 8.901,https://www.transfermarkt.co.uk/sc-bastia_stade-lavallois/index/spielbericht/4364658
,,,"Fri, 18/04/25",,,,,Stade Lavallois,Rodez AF,Stade Francis Le Basser,Attendance: 5.746,https://www.transfermarkt.co.uk/stade-lavallois_rodez-af/index/spielbericht/4364669
,,,"Sat, 12/04/25",,,,,EA Guingamp,FC Lorient,Stade de Roudourou,Attendance: 14.266,https://www.transfermarkt.co.uk/ea-guingamp_fc-lorient/index/spielbericht/4364650
,,,"Fri, 18/04/25",,,,,Clermont Foot 63,ESTAC Troyes,Stade Gabriel-Montpied,Attendance: 5.808,https://www.transfermarkt.co.uk/clermont-foot-63_estac-troyes/index/spielbericht/4364670
,,,"Fri, 18/04/25",,,,,USL Dunkerque,Grenoble Foot 38,Stade Marcel-Tribut,Attendance: 4.238,https://www.transfermarkt.co.uk/usl-dunkerque_grenoble-foot-38/index/spielbericht/4364667
,,,"Sat, 19/04/25",,,,,Paris FC,SC Bastia,Stade Charléty,Attendance: 14.017,https://www.transfermarkt.co.uk/paris-fc_sc-bastia/index/spielbericht/4364664
,,,"Sat, 19/04/25",,,,,FC Metz,Red Star FC,Stade Saint-Symphorien,Attendance: 22.369,https://www.transfermarkt.co.uk/fc-metz_red-star-fc/index/spielbericht/4364668
,,,"Mon, 21/04/25",,,,,FC Annecy,FC Lorient,Parc des Sports d’Annecy,Attendance: 8.990,https://www.transfermarkt.co.uk/fc-annecy_fc-lorient/index/spielbericht/4364666
,,,"Fri, 25/04/25",,,,,SC Bastia,Grenoble Foot 38,Stade Armand-Cesari,Attendance: 9.053,https://www.transfermarkt.co.uk/sc-bastia_grenoble-foot-38/index/spielbericht/4364676
,,,"Sat, 26/04/25",,,,,Rodez AF,Paris FC,Stade Paul-Lignon,Attendance: 4.777,https://www.transfermarkt.co.uk/rodez-af_paris-fc/index/spielbericht/4364673
,,,"Fri, 25/04/25",,,,,ESTAC Troyes,USL Dunkerque,Stade de l'Aube,Attendance: 6.389,https://www.transfermarkt.co.uk/estac-troyes_usl-dunkerque/index/spielbericht/4364672
,,,"Sat, 26/04/25",,,,,FC Lorient,SM Caen,Stade du Moustoir,Attendance: 14.535,https://www.transfermarkt.co.uk/fc-lorient_sm-caen/index/spielbericht/4364671
,,,"Fri, 25/04/25",,,,,Stade Lavallois,Amiens SC,Stade Francis Le Basser,Attendance: 7.105,https://www.transfermarkt.co.uk/stade-lavallois_amiens-sc/index/spielbericht/4364679
,,,"Fri, 25/04/25",,,,,EA Guingamp,FC Martigues,Stade de Roudourou,Attendance: 10.271,https://www.transfermarkt.co.uk/ea-guingamp_fc-martigues/index/spielbericht/4364674
,,,"Fri, 02/05/25",,,,,FC Metz,Rodez AF,Stade Saint-Symphorien,Attendance: 25.302,https://www.transfermarkt.co.uk/fc-metz_rodez-af/index/spielbericht/4364680
,,,"Fri, 25/04/25",,,,,Red Star FC,Clermont Foot 63,Stade Bauer,Attendance: 4.501,https://www.transfermarkt.co.uk/red-star-fc_clermont-foot-63/index/spielbericht/4364678
,,,"Sat, 10/05/25",,,,,ESTAC Troyes,Amiens SC,Stade de l'Aube,Attendance: 9.079,https://www.transfermarkt.co.uk/estac-troyes_amiens-sc/index/spielbericht/4364691
,,,"Fri, 02/05/25",,,,,FC Martigues,Paris FC,Stade Francis-Turcan,Attendance: 6.468,https://www.transfermarkt.co.uk/fc-martigues_paris-fc/index/spielbericht/4364681
,,,"Sat, 10/05/25",,,,,SC Bastia,SM Caen,Stade Armand-Cesari,Attendance: 9.757,https://www.transfermarkt.co.uk/sc-bastia_sm-caen/index/spielbericht/4364692
,,,"Fri, 02/05/25",,,,,EA Guingamp,SC Bastia,Stade de Roudourou,Attendance: 12.609,https://www.transfermarkt.co.uk/ea-guingamp_sc-bastia/index/spielbericht/4364683
,,,"Fri, 02/05/25",,,,,SM Caen,Red Star FC,Stade Michel-d'Ornano,Attendance: 12.190,https://www.transfermarkt.co.uk/sm-caen_red-star-fc/index/spielbericht/4364685
,,,"Sat, 10/05/25",,,,,Rodez AF,Clermont Foot 63,Stade Paul-Lignon,Attendance: 4.925,https://www.transfermarkt.co.uk/rodez-af_clermont-foot-63/index/spielbericht/4364694
,,,"Fri, 02/05/25",,,,,Amiens SC,Pau FC,Stade Crédit Agricole la Licorne,Attendance: 10.831,https://www.transfermarkt.co.uk/amiens-sc_pau-fc/index/spielbericht/4364682
,,,"Fri, 02/05/25",,,,,AC Ajaccio,FC Lorient,Stade Michel-Moretti,Attendance: 3.913,https://www.transfermarkt.co.uk/ac-ajaccio_fc-lorient/index/spielbericht/4364688
,,,"Fri, 02/05/25",,,,,Grenoble Foot 38,ESTAC Troyes,Stade des Alpes,Attendance: 4.964,https://www.transfermarkt.co.uk/grenoble-foot-38_estac-troyes/index/spielbericht/4364687
,,,"Fri, 10/01/25",,,,,Pau FC,USL Dunkerque,Nouste Camp,Attendance: 3.045,https://www.transfermarkt.co.uk/pau-fc_usl-dunkerque/index/spielbericht/4364381
,,,"Fri, 02/05/25",,,,,USL Dunkerque,Stade Lavallois,Stade Marcel-Tribut,Attendance: 4.558,https://www.transfermarkt.co.uk/usl-dunkerque_stade-lavallois/index/spielbericht/4364686
,,,"Fri, 07/03/25",,,,,SM Caen,Stade Lavallois,Stade Michel-d'Ornano,Attendance: 17.746,https://www.transfermarkt.co.uk/sm-caen_stade-lavallois/index/spielbericht/4364582
,,,"Fri, 21/02/25",,,,,FC Martigues,FC Annecy,Stade Francis-Turcan,Attendance: 1.402,https://www.transfermarkt.co.uk/fc-martigues_fc-annecy/index/spielbericht/4364561
,,,"Sat, 10/05/25",,,,,Stade Lavallois,FC Metz,Stade Francis Le Basser,Attendance: 8.924,https://www.transfermarkt.co.uk/stade-lavallois_fc-metz/index/spielbericht/4364693
,,,"Fri, 31/01/25",,,,,Pau FC,Stade Lavallois,Nouste Camp,Attendance: 3.019,https://www.transfermarkt.co.uk/pau-fc_stade-lavallois/index/spielbericht/4364533
,,,"Fri, 02/05/25",,,,,Clermont Foot 63,FC Annecy,Stade Gabriel-Montpied,Attendance: 6.239,https://www.transfermarkt.co.uk/clermont-foot-63_fc-annecy/index/spielbericht/4364684
,,,"Sat, 10/05/25",,,,,FC Annecy,Grenoble Foot 38,Parc des Sports d’Annecy,Attendance: 10.849,https://www.transfermarkt.co.uk/fc-annecy_grenoble-foot-38/index/spielbericht/4364698
,,,"Sat, 10/05/25",,,,,Pau FC,EA Guingamp,Nouste Camp,Attendance: 3.514,https://www.transfermarkt.co.uk/pau-fc_ea-guingamp/index/spielbericht/4364696
,,,"Sat, 10/05/25",,,,,FC Lorient,FC Martigues,Stade du Moustoir,Attendance: 16.074,https://www.transfermarkt.co.uk/fc-lorient_fc-martigues/index/spielbericht/4364695
,,,"Sun, 21/07/24",,,,,Motor Lublin,Raków Częstochowa,Motor Lublin Arena,Attendance: 14.158,https://www.transfermarkt.co.uk/motor-lublin_rakow-czestochowa/index/spielbericht/4355895
,,,"Fri, 19/07/24",,,,,Jagiellonia Bialystok,Puszcza Niepolomice,Chorten Arena,Attendance: 17.157,https://www.transfermarkt.co.uk/jagiellonia-bialystok_puszcza-niepolomice/index/spielbericht/4355892
,,,"Sun, 21/07/24",,,,,Lech Poznan,Górnik Zabrze,Enea Poznań,Attendance: 19.620,https://www.transfermarkt.co.uk/lech-poznan_gornik-zabrze/index/spielbericht/4355893
,,,"Sat, 20/07/24",,,,,Pogon Szczecin,Korona Kielce,Stadion Miejski im. Floriana Krygiera,Attendance: 18.743,https://www.transfermarkt.co.uk/pogon-szczecin_korona-kielce/index/spielbericht/4355896
,,,"Mon, 22/07/24",,,,,Stal Mielec,Widzew Lodz,Stadion Miejski imienia Grzegorza Lato w Mielcu,Attendance: 6.446,https://www.transfermarkt.co.uk/stal-mielec_widzew-lodz/index/spielbericht/4355897
,,,"Sat, 27/07/24",,,,,Stal Mielec,GKS Katowice,Stadion Miejski imienia Grzegorza Lato w Mielcu,Attendance: 5.565,https://www.transfermarkt.co.uk/stal-mielec_gks-katowice/index/spielbericht/4355906
,,,"Sat, 20/07/24",,,,,Legia Warszawa,Zaglebie Lubin,Stadion Miejski im. Marszałka Józefa Piłsudskiego,Attendance: 25.542,https://www.transfermarkt.co.uk/legia-warszawa_zaglebie-lubin/index/spielbericht/4355894
,,,"Sat, 10/05/25",,,,,Red Star FC,USL Dunkerque,Stade Bauer,Attendance: 4.602,https://www.transfermarkt.co.uk/red-star-fc_usl-dunkerque/index/spielbericht/4364699
,,,"Sat, 20/07/24",,,,,GKS Katowice,Radomiak Radom,Stadion GKS Katowice,Attendance: 6.720,https://www.transfermarkt.co.uk/gks-katowice_radomiak-radom/index/spielbericht/4355891
,,,"Fri, 26/07/24",,,,,Puszcza Niepolomice,Górnik Zabrze,Stadion Cracovii im. Józefa Piłsudskiego,Attendance: 2.620,https://www.transfermarkt.co.uk/puszcza-niepolomice_gornik-zabrze/index/spielbericht/4355903
,,,"Sat, 27/07/24",,,,,Radomiak Radom,Jagiellonia Bialystok,Stadion im. Braci Czachorów,Attendance: 8.563,https://www.transfermarkt.co.uk/radomiak-radom_jagiellonia-bialystok/index/spielbericht/4355904
,,,"Sun, 21/07/24",,,,,Cracovia,Piast Gliwice,Stadion Cracovii im. Józefa Piłsudskiego,Attendance: 10.698,https://www.transfermarkt.co.uk/cracovia_piast-gliwice/index/spielbericht/4355890
,,,"Sat, 27/07/24",,,,,Widzew Lodz,Lech Poznan,Stadion Widzewa,Attendance: 17.527,https://www.transfermarkt.co.uk/widzew-lodz_lech-poznan/index/spielbericht/4355907
,,,"Sun, 28/07/24",,,,,Piast Gliwice,Slask Wroclaw,Stadion Miejski w Gliwicach,Attendance: 5.748,https://www.transfermarkt.co.uk/piast-gliwice_slask-wroclaw/index/spielbericht/4355902
,,,"Fri, 19/07/24",,,,,Slask Wroclaw,Lechia Gdansk,Tarczyński Arena Wrocław,Attendance: 23.646,https://www.transfermarkt.co.uk/slask-wroclaw_lechia-gdansk/index/spielbericht/4355898
,,,"Fri, 26/07/24",,,,,Lechia Gdansk,Motor Lublin,Polsat Plus Arena Gdańsk,Attendance: 14.223,https://www.transfermarkt.co.uk/lechia-gdansk_motor-lublin/index/spielbericht/4355901
,,,"Sun, 28/07/24",,,,,Korona Kielce,Legia Warszawa,Exbud Arena,Attendance: 14.289,https://www.transfermarkt.co.uk/korona-kielce_legia-warszawa/index/spielbericht/4355900
,,,"Fri, 09/08/24",,,,,Radomiak Radom,Górnik Zabrze,Stadion im. Braci Czachorów,Attendance: 8.564,https://www.transfermarkt.co.uk/radomiak-radom_gornik-zabrze/index/spielbericht/4355923
,,,"Sun, 04/08/24",,,,,Legia Warszawa,Piast Gliwice,Stadion Miejski im. Marszałka Józefa Piłsudskiego,Attendance: 24.633,https://www.transfermarkt.co.uk/legia-warszawa_piast-gliwice/index/spielbericht/4355914
,,,"Fri, 09/08/24",,,,,Raków Częstochowa,Lech Poznan,zondacrypto Arena,Attendance: 5.500,https://www.transfermarkt.co.uk/rakow-czestochowa_lech-poznan/index/spielbericht/4355924
,,,"Mon, 05/08/24",,,,,Cracovia,Widzew Lodz,Stadion Cracovii im. Józefa Piłsudskiego,Attendance: 11.933,https://www.transfermarkt.co.uk/cracovia_widzew-lodz/index/spielbericht/4355908
,,,"Sat, 14/12/24",,,,,Slask Wroclaw,Radomiak Radom,Tarczyński Arena Wrocław,Attendance: 10.055,https://www.transfermarkt.co.uk/slask-wroclaw_radomiak-radom/index/spielbericht/4355916
,,,"Sat, 10/08/24",,,,,Korona Kielce,Cracovia,Exbud Arena,Attendance: 11.931,https://www.transfermarkt.co.uk/korona-kielce_cracovia/index/spielbericht/4355917
,,,"Sat, 10/08/24",,,,,Pogon Szczecin,Stal Mielec,Stadion Miejski im. Floriana Krygiera,Attendance: 17.169,https://www.transfermarkt.co.uk/pogon-szczecin_stal-mielec/index/spielbericht/4355921
,,,"Sat, 22/02/25",,,,,SM Caen,Pau FC,Stade Michel-d'Ornano,Attendance: 15.231,https://www.transfermarkt.co.uk/sm-caen_pau-fc/index/spielbericht/4364558
,,,"Mon, 10/02/25",,,,,SM Caen,USL Dunkerque,Stade Michel-d'Ornano,Attendance: 15.450,https://www.transfermarkt.co.uk/sm-caen_usl-dunkerque/index/spielbericht/4364543
,,,"Sun, 11/08/24",,,,,Lechia Gdansk,Zaglebie Lubin,Polsat Plus Arena Gdańsk,Attendance: 12.740,https://www.transfermarkt.co.uk/lechia-gdansk_zaglebie-lubin/index/spielbericht/4355918
,,,"Sun, 11/08/24",,,,,Widzew Lodz,Slask Wroclaw,Stadion Widzewa,Attendance: 17.663,https://www.transfermarkt.co.uk/widzew-lodz_slask-wroclaw/index/spielbericht/4355925
,,,"Fri, 16/08/24",,,,,Puszcza Niepolomice,Lechia Gdansk,Stadion Cracovii im. Józefa Piłsudskiego,Attendance: 1.669,https://www.transfermarkt.co.uk/puszcza-niepolomice_lechia-gdansk/index/spielbericht/4355932
,,,"Sun, 11/08/24",,,,,Puszcza Niepolomice,Legia Warszawa,Stadion Cracovii im. Józefa Piłsudskiego,Attendance: 3.495,https://www.transfermarkt.co.uk/puszcza-niepolomice_legia-warszawa/index/spielbericht/4355922
,,,"Sat, 21/12/24",,,,,KAS Eupen,RFC Lüttich,Kehrweg-Stadion,Attendance: 2.275,https://www.transfermarkt.co.uk/kas-eupen_rfc-luttich/index/spielbericht/4369944
,,,"Sat, 17/08/24",,,,,Jagiellonia Bialystok,Cracovia,Chorten Arena,Attendance: 17.078,https://www.transfermarkt.co.uk/jagiellonia-bialystok_cracovia/index/spielbericht/4355928
,,,"Fri, 25/04/25",,,,,FC Annecy,AC Ajaccio,Parc des Sports d’Annecy,Attendance: 7.256,https://www.transfermarkt.co.uk/fc-annecy_ac-ajaccio/index/spielbericht/4364677
,,,"Fri, 16/08/24",,,,,GKS Katowice,Motor Lublin,Stadion GKS Katowice,Attendance: 6.684,https://www.transfermarkt.co.uk/gks-katowice_motor-lublin/index/spielbericht/4355926
,,,"Wed, 25/09/24",,,,,Motor Lublin,Jagiellonia Bialystok,Motor Lublin Arena,Attendance: 10.812,https://www.transfermarkt.co.uk/motor-lublin_jagiellonia-bialystok/index/spielbericht/4355919
,,,"Sat, 17/08/24",,,,,Zaglebie Lubin,Lech Poznan,KGHM Zagłębie Arena,Attendance: 13.331,https://www.transfermarkt.co.uk/zaglebie-lubin_lech-poznan/index/spielbericht/4355929
,,,"Sat, 17/08/24",,,,,Pogon Szczecin,Widzew Lodz,Stadion Miejski im. Floriana Krygiera,Attendance: 19.846,https://www.transfermarkt.co.uk/pogon-szczecin_widzew-lodz/index/spielbericht/4355931
,,,"Sun, 18/08/24",,,,,Górnik Zabrze,Raków Częstochowa,Arena Zabrze,Attendance: 17.034,https://www.transfermarkt.co.uk/gornik-zabrze_rakow-czestochowa/index/spielbericht/4355927
,,,"Mon, 19/08/24",,,,,Stal Mielec,Piast Gliwice,Stadion Miejski imienia Grzegorza Lato w Mielcu,Attendance: 4.308,https://www.transfermarkt.co.uk/stal-mielec_piast-gliwice/index/spielbericht/4355933
,,,"Sun, 18/08/24",,,,,Slask Wroclaw,Korona Kielce,Tarczyński Arena Wrocław,Attendance: 14.081,https://www.transfermarkt.co.uk/slask-wroclaw_korona-kielce/index/spielbericht/4355934
,,,"Fri, 23/08/24",,,,,Widzew Lodz,Radomiak Radom,Stadion Widzewa,Attendance: 16.467,https://www.transfermarkt.co.uk/widzew-lodz_radomiak-radom/index/spielbericht/4360350
,,,"Sun, 25/08/24",,,,,GKS Katowice,Jagiellonia Bialystok,Stadion GKS Katowice,Attendance: 6.690,https://www.transfermarkt.co.uk/gks-katowice_jagiellonia-bialystok/index/spielbericht/4360343
,,,"Fri, 23/08/24",,,,,Lechia Gdansk,Raków Częstochowa,Polsat Plus Arena Gdańsk,Attendance: 11.976,https://www.transfermarkt.co.uk/lechia-gdansk_rakow-czestochowa/index/spielbericht/4360346
,,,"Sat, 24/08/24",,,,,Piast Gliwice,Zaglebie Lubin,Stadion Miejski w Gliwicach,Attendance: 4.516,https://www.transfermarkt.co.uk/piast-gliwice_zaglebie-lubin/index/spielbericht/4360348
,,,"Sun, 25/08/24",,,,,Lech Poznan,Pogon Szczecin,Enea Poznań,Attendance: 29.156,https://www.transfermarkt.co.uk/lech-poznan_pogon-szczecin/index/spielbericht/4360345
,,,"Sat, 24/08/24",,,,,Cracovia,Górnik Zabrze,Stadion Cracovii im. Józefa Piłsudskiego,Attendance: 10.106,https://www.transfermarkt.co.uk/cracovia_gornik-zabrze/index/spielbericht/4360342
,,,"Sun, 18/08/24",,,,,Legia Warszawa,Radomiak Radom,Stadion Miejski im. Marszałka Józefa Piłsudskiego,Attendance: 24.376,https://www.transfermarkt.co.uk/legia-warszawa_radomiak-radom/index/spielbericht/4355930
,,,"Sun, 25/08/24",,,,,Slask Wroclaw,Legia Warszawa,Tarczyński Arena Wrocław,Attendance: 36.208,https://www.transfermarkt.co.uk/slask-wroclaw_legia-warszawa/index/spielbericht/4360349
,,,"Mon, 26/08/24",,,,,Korona Kielce,Stal Mielec,Exbud Arena,Attendance: 11.057,https://www.transfermarkt.co.uk/korona-kielce_stal-mielec/index/spielbericht/4360344
,,,"Sat, 08/02/25",,,,,RWD Molenbeek,RSCA Futures,Edmond Machtensstadion,Attendance: 3.320,https://www.transfermarkt.co.uk/rwd-molenbeek_rsca-futures/index/spielbericht/4369894
,,,"Mon, 29/07/24",,,,,Raków Częstochowa,Cracovia,zondacrypto Arena,Attendance: 5.481,https://www.transfermarkt.co.uk/rakow-czestochowa_cracovia/index/spielbericht/4355905
,,,"Sat, 31/08/24",,,,,Puszcza Niepolomice,Korona Kielce,Stadion Cracovii im. Józefa Piłsudskiego,Attendance: 2.411,https://www.transfermarkt.co.uk/puszcza-niepolomice_korona-kielce/index/spielbericht/4360355
,,,"Fri, 30/08/24",,,,,Stal Mielec,Lech Poznan,Stadion Miejski imienia Grzegorza Lato w Mielcu,Attendance: 6.477,https://www.transfermarkt.co.uk/stal-mielec_lech-poznan/index/spielbericht/4360358
,,,"Sat, 31/08/24",,,,,Radomiak Radom,Cracovia,Stadion im. Braci Czachorów,Attendance: 7.799,https://www.transfermarkt.co.uk/radomiak-radom_cracovia/index/spielbericht/4360356
,,,"Fri, 13/09/24",,,,,GKS Katowice,Widzew Lodz,Stadion GKS Katowice,Attendance: 6.756,https://www.transfermarkt.co.uk/gks-katowice_widzew-lodz/index/spielbericht/4360361
,,,"Sun, 01/09/24",,,,,Legia Warszawa,Motor Lublin,Stadion Miejski im. Marszałka Józefa Piłsudskiego,Attendance: 27.142,https://www.transfermarkt.co.uk/legia-warszawa_motor-lublin/index/spielbericht/4360353
,,,"Fri, 13/09/24",,,,,Motor Lublin,Górnik Zabrze,Motor Lublin Arena,Attendance: 12.497,https://www.transfermarkt.co.uk/motor-lublin_gornik-zabrze/index/spielbericht/4360366
,,,"Fri, 30/08/24",,,,,Raków Częstochowa,Piast Gliwice,zondacrypto Arena,Attendance: 5.454,https://www.transfermarkt.co.uk/rakow-czestochowa_piast-gliwice/index/spielbericht/4360357
,,,"Sat, 14/09/24",,,,,Lechia Gdansk,Radomiak Radom,Polsat Plus Arena Gdańsk,Attendance: 9.642,https://www.transfermarkt.co.uk/lechia-gdansk_radomiak-radom/index/spielbericht/4360364
,,,"Sat, 14/09/24",,,,,Cracovia,Pogon Szczecin,Stadion Cracovii im. Józefa Piłsudskiego,Attendance: 2.800,https://www.transfermarkt.co.uk/cracovia_pogon-szczecin/index/spielbericht/4360360
,,,"Sat, 14/09/24",,,,,Lech Poznan,Jagiellonia Bialystok,Enea Poznań,Attendance: 32.365,https://www.transfermarkt.co.uk/lech-poznan_jagiellonia-bialystok/index/spielbericht/4360363
,,,"Sun, 15/09/24",,,,,Piast Gliwice,Puszcza Niepolomice,Stadion Miejski w Gliwicach,Attendance: 5.779,https://www.transfermarkt.co.uk/piast-gliwice_puszcza-niepolomice/index/spielbericht/4360367
,,,"Sat, 10/05/25",,,,,Paris FC,AC Ajaccio,Stade Charléty,Attendance: 18.219,https://www.transfermarkt.co.uk/paris-fc_ac-ajaccio/index/spielbericht/4364697
,,,"Sun, 01/09/24",,,,,Pogon Szczecin,Slask Wroclaw,Stadion Miejski im. Floriana Krygiera,Attendance: 19.794,https://www.transfermarkt.co.uk/pogon-szczecin_slask-wroclaw/index/spielbericht/4360354
,,,"Sun, 01/09/24",,,,,Górnik Zabrze,Lechia Gdansk,Arena Zabrze,Attendance: 21.148,https://www.transfermarkt.co.uk/gornik-zabrze_lechia-gdansk/index/spielbericht/4360351
,,,"Sun, 15/09/24",,,,,Korona Kielce,Zaglebie Lubin,Exbud Arena,Attendance: 10.642,https://www.transfermarkt.co.uk/korona-kielce_zaglebie-lubin/index/spielbericht/4360362
,,,"Wed, 23/10/24",,,,,Slask Wroclaw,Stal Mielec,Tarczyński Arena Wrocław,Attendance: 13.825,https://www.transfermarkt.co.uk/slask-wroclaw_stal-mielec/index/spielbericht/4360368
,,,"Sat, 21/09/24",,,,,Puszcza Niepolomice,Cracovia,Stadion Cracovii im. Józefa Piłsudskiego,Attendance: 4.095,https://www.transfermarkt.co.uk/puszcza-niepolomice_cracovia/index/spielbericht/4360373
,,,"Fri, 20/09/24",,,,,Pogon Szczecin,Legia Warszawa,Stadion Miejski im. Floriana Krygiera,Attendance: 20.415,https://www.transfermarkt.co.uk/pogon-szczecin_legia-warszawa/index/spielbericht/4360372
,,,"Sun, 22/09/24",,,,,Stal Mielec,Motor Lublin,Stadion Miejski imienia Grzegorza Lato w Mielcu,Attendance: 5.210,https://www.transfermarkt.co.uk/stal-mielec_motor-lublin/index/spielbericht/4360376
,,,"Fri, 20/09/24",,,,,Radomiak Radom,Korona Kielce,Stadion im. Braci Czachorów,Attendance: 8.555,https://www.transfermarkt.co.uk/radomiak-radom_korona-kielce/index/spielbericht/4360374
,,,"Sat, 21/09/24",,,,,Widzew Lodz,Piast Gliwice,Stadion Widzewa,Attendance: 16.922,https://www.transfermarkt.co.uk/widzew-lodz_piast-gliwice/index/spielbericht/4360377
,,,"Sun, 15/09/24",,,,,Legia Warszawa,Raków Częstochowa,Stadion Miejski im. Marszałka Józefa Piłsudskiego,Attendance: 26.102,https://www.transfermarkt.co.uk/legia-warszawa_rakow-czestochowa/index/spielbericht/4360365
,,,"Sat, 21/09/24",,,,,Górnik Zabrze,GKS Katowice,Arena Zabrze,Attendance: 22.371,https://www.transfermarkt.co.uk/gornik-zabrze_gks-katowice/index/spielbericht/4360369
,,,"Sun, 22/09/24",,,,,Lech Poznan,Slask Wroclaw,Enea Poznań,Attendance: 34.285,https://www.transfermarkt.co.uk/lech-poznan_slask-wroclaw/index/spielbericht/4360371
,,,"Sat, 03/08/24",,,,,GKS Katowice,Raków Częstochowa,Stadion GKS Katowice,Attendance: 6.780,https://www.transfermarkt.co.uk/gks-katowice_rakow-czestochowa/index/spielbericht/4355909
,,,"Fri, 27/09/24",,,,,Lechia Gdansk,Widzew Lodz,Polsat Plus Arena Gdańsk,Attendance: 9.937,https://www.transfermarkt.co.uk/lechia-gdansk_widzew-lodz/index/spielbericht/4360381
,,,"Sat, 28/09/24",,,,,Motor Lublin,Slask Wroclaw,Motor Lublin Arena,Attendance: 14.436,https://www.transfermarkt.co.uk/motor-lublin_slask-wroclaw/index/spielbericht/4360383
,,,"Sun, 29/09/24",,,,,Zaglebie Lubin,Radomiak Radom,KGHM Zagłębie Arena,Attendance: 4.042,https://www.transfermarkt.co.uk/zaglebie-lubin_radomiak-radom/index/spielbericht/4360386
,,,"Sat, 28/09/24",,,,,Raków Częstochowa,Puszcza Niepolomice,zondacrypto Arena,Attendance: 5.211,https://www.transfermarkt.co.uk/rakow-czestochowa_puszcza-niepolomice/index/spielbericht/4360385
,,,"Fri, 27/09/24",,,,,GKS Katowice,Pogon Szczecin,Stadion GKS Katowice,Attendance: 6.759,https://www.transfermarkt.co.uk/gks-katowice_pogon-szczecin/index/spielbericht/4360379
,,,"Sun, 22/09/24",,,,,Raków Częstochowa,Zaglebie Lubin,zondacrypto Arena,Attendance: 5.324,https://www.transfermarkt.co.uk/rakow-czestochowa_zaglebie-lubin/index/spielbericht/4360375
,,,"Sun, 29/09/24",,,,,Piast Gliwice,Jagiellonia Bialystok,Stadion Miejski w Gliwicach,Attendance: 5.128,https://www.transfermarkt.co.uk/piast-gliwice_jagiellonia-bialystok/index/spielbericht/4360384
,,,"Sun, 29/09/24",,,,,Korona Kielce,Lech Poznan,Exbud Arena,Attendance: 12.923,https://www.transfermarkt.co.uk/korona-kielce_lech-poznan/index/spielbericht/4360380
,,,"Fri, 04/10/24",,,,,Puszcza Niepolomice,GKS Katowice,Stadion Cracovii im. Józefa Piłsudskiego,Attendance: 1.609,https://www.transfermarkt.co.uk/puszcza-niepolomice_gks-katowice/index/spielbericht/4360796
,,,"Fri, 04/10/24",,,,,Widzew Lodz,Korona Kielce,Stadion Widzewa,Attendance: 16.692,https://www.transfermarkt.co.uk/widzew-lodz_korona-kielce/index/spielbericht/4360800
,,,"Mon, 30/09/24",,,,,Cracovia,Stal Mielec,Stadion Cracovii im. Józefa Piłsudskiego,Attendance: 8.873,https://www.transfermarkt.co.uk/cracovia_stal-mielec/index/spielbericht/4360378
,,,"Sat, 05/10/24",,,,,Górnik Zabrze,Zaglebie Lubin,Arena Zabrze,Attendance: 12.626,https://www.transfermarkt.co.uk/gornik-zabrze_zaglebie-lubin/index/spielbericht/4360792
,,,"Sat, 05/10/24",,,,,Radomiak Radom,Raków Częstochowa,Stadion im. Braci Czachorów,Attendance: 8.545,https://www.transfermarkt.co.uk/radomiak-radom_rakow-czestochowa/index/spielbericht/4360797
,,,"Sun, 06/10/24",,,,,Pogon Szczecin,Piast Gliwice,Stadion Miejski im. Floriana Krygiera,Attendance: 19.148,https://www.transfermarkt.co.uk/pogon-szczecin_piast-gliwice/index/spielbericht/4360795
,,,"Sun, 06/10/24",,,,,Slask Wroclaw,Cracovia,Tarczyński Arena Wrocław,Attendance: 14.482,https://www.transfermarkt.co.uk/slask-wroclaw_cracovia/index/spielbericht/4360799
,,,"Sat, 26/04/25",,,,,Pau FC,FC Metz,Nouste Camp,Attendance: 3.407,https://www.transfermarkt.co.uk/pau-fc_fc-metz/index/spielbericht/4364675
,,,"Sat, 05/10/24",,,,,Stal Mielec,Lechia Gdansk,Stadion Miejski imienia Grzegorza Lato w Mielcu,Attendance: 3.932,https://www.transfermarkt.co.uk/stal-mielec_lechia-gdansk/index/spielbericht/4360798
,,,"Sat, 03/08/24",,,,,Jagiellonia Bialystok,Stal Mielec,Chorten Arena,Attendance: 15.719,https://www.transfermarkt.co.uk/jagiellonia-bialystok_stal-mielec/index/spielbericht/4355911
,,,"Sun, 06/10/24",,,,,Jagiellonia Bialystok,Legia Warszawa,Chorten Arena,Attendance: 20.029,https://www.transfermarkt.co.uk/jagiellonia-bialystok_legia-warszawa/index/spielbericht/4360793
,,,"Sat, 19/10/24",,,,,Zaglebie Lubin,Jagiellonia Bialystok,KGHM Zagłębie Arena,Attendance: 6.283,https://www.transfermarkt.co.uk/zaglebie-lubin_jagiellonia-bialystok/index/spielbericht/4360820
,,,"Sat, 19/10/24",,,,,Motor Lublin,Widzew Lodz,Motor Lublin Arena,Attendance: 13.357,https://www.transfermarkt.co.uk/motor-lublin_widzew-lodz/index/spielbericht/4360817
,,,"Sun, 20/10/24",,,,,GKS Katowice,Slask Wroclaw,Stadion GKS Katowice,Attendance: 6.750,https://www.transfermarkt.co.uk/gks-katowice_slask-wroclaw/index/spielbericht/4360813
,,,"Sun, 20/10/24",,,,,Górnik Zabrze,Stal Mielec,Arena Zabrze,Attendance: 14.130,https://www.transfermarkt.co.uk/gornik-zabrze_stal-mielec/index/spielbericht/4360814
,,,"Sun, 20/10/24",,,,,Raków Częstochowa,Pogon Szczecin,zondacrypto Arena,Attendance: 5.443,https://www.transfermarkt.co.uk/rakow-czestochowa_pogon-szczecin/index/spielbericht/4360819
,,,"Fri, 18/10/24",,,,,Lechia Gdansk,Legia Warszawa,Polsat Plus Arena Gdańsk,Attendance: 25.000,https://www.transfermarkt.co.uk/lechia-gdansk_legia-warszawa/index/spielbericht/4360816
,,,"Sun, 28/07/24",,,,,Zaglebie Lubin,Pogon Szczecin,KGHM Zagłębie Arena,Attendance: 7.358,https://www.transfermarkt.co.uk/zaglebie-lubin_pogon-szczecin/index/spielbericht/4355899
,,,"Sat, 26/10/24",,,,,Slask Wroclaw,Raków Częstochowa,Tarczyński Arena Wrocław,Attendance: 16.265,https://www.transfermarkt.co.uk/slask-wroclaw_rakow-czestochowa/index/spielbericht/4360828
,,,"Mon, 12/08/24",,,,,Piast Gliwice,GKS Katowice,Stadion Miejski w Gliwicach,Attendance: 7.805,https://www.transfermarkt.co.uk/piast-gliwice_gks-katowice/index/spielbericht/4355920
,,,"Sat, 21/09/24",,,,,Jagiellonia Bialystok,Lechia Gdansk,Chorten Arena,Attendance: 15.101,https://www.transfermarkt.co.uk/jagiellonia-bialystok_lechia-gdansk/index/spielbericht/4360370
,,,"Fri, 25/10/24",,,,,Piast Gliwice,Lechia Gdansk,Stadion Miejski w Gliwicach,Attendance: 4.670,https://www.transfermarkt.co.uk/piast-gliwice_lechia-gdansk/index/spielbericht/4360825
,,,"Fri, 25/10/24",,,,,Pogon Szczecin,Puszcza Niepolomice,Stadion Miejski im. Floriana Krygiera,Attendance: 17.454,https://www.transfermarkt.co.uk/pogon-szczecin_puszcza-niepolomice/index/spielbericht/4360826
,,,"Sun, 27/10/24",,,,,Stal Mielec,Zaglebie Lubin,Stadion Miejski imienia Grzegorza Lato w Mielcu,Attendance: 3.845,https://www.transfermarkt.co.uk/stal-mielec_zaglebie-lubin/index/spielbericht/4360827
,,,"Sun, 04/08/24",,,,,Motor Lublin,Korona Kielce,Motor Lublin Arena,Attendance: 14.562,https://www.transfermarkt.co.uk/motor-lublin_korona-kielce/index/spielbericht/4355915
,,,"Mon, 21/10/24",,,,,Radomiak Radom,Puszcza Niepolomice,Stadion im. Braci Czachorów,Attendance: 6.378,https://www.transfermarkt.co.uk/radomiak-radom_puszcza-niepolomice/index/spielbericht/4360818
,,,"Sat, 26/10/24",,,,,Cracovia,Motor Lublin,Stadion Cracovii im. Józefa Piłsudskiego,Attendance: 10.007,https://www.transfermarkt.co.uk/cracovia_motor-lublin/index/spielbericht/4360821
,,,"Sun, 27/10/24",,,,,Widzew Lodz,Górnik Zabrze,Stadion Widzewa,Attendance: 16.231,https://www.transfermarkt.co.uk/widzew-lodz_gornik-zabrze/index/spielbericht/4360829
,,,"Sat, 26/10/24",,,,,Lech Poznan,Radomiak Radom,Enea Poznań,Attendance: 32.648,https://www.transfermarkt.co.uk/lech-poznan_radomiak-radom/index/spielbericht/4360823
,,,"Sat, 02/11/24",,,,,Raków Częstochowa,Stal Mielec,zondacrypto Arena,Attendance: 5.287,https://www.transfermarkt.co.uk/rakow-czestochowa_stal-mielec/index/spielbericht/4360892
,,,"Sat, 24/08/24",,,,,Motor Lublin,Puszcza Niepolomice,Motor Lublin Arena,Attendance: 10.993,https://www.transfermarkt.co.uk/motor-lublin_puszcza-niepolomice/index/spielbericht/4360347
,,,"Sat, 02/11/24",,,,,Motor Lublin,Pogon Szczecin,Motor Lublin Arena,Attendance: 13.719,https://www.transfermarkt.co.uk/motor-lublin_pogon-szczecin/index/spielbericht/4360889
,,,"Fri, 02/08/24",,,,,Zaglebie Lubin,Puszcza Niepolomice,KGHM Zagłębie Arena,Attendance: 3.876,https://www.transfermarkt.co.uk/zaglebie-lubin_puszcza-niepolomice/index/spielbericht/4355912
,,,"Sun, 03/11/24",,,,,Legia Warszawa,Widzew Lodz,Stadion Miejski im. Marszałka Józefa Piłsudskiego,Attendance: 26.236,https://www.transfermarkt.co.uk/legia-warszawa_widzew-lodz/index/spielbericht/4360888
,,,"Sun, 03/11/24",,,,,Radomiak Radom,Piast Gliwice,Stadion im. Braci Czachorów,Attendance: 6.002,https://www.transfermarkt.co.uk/radomiak-radom_piast-gliwice/index/spielbericht/4360891
,,,"Sun, 03/11/24",,,,,Górnik Zabrze,Jagiellonia Bialystok,Arena Zabrze,Attendance: 18.079,https://www.transfermarkt.co.uk/gornik-zabrze_jagiellonia-bialystok/index/spielbericht/4360886
,,,"Fri, 08/11/24",,,,,Piast Gliwice,Motor Lublin,Stadion Miejski w Gliwicach,Attendance: 4.311,https://www.transfermarkt.co.uk/piast-gliwice_motor-lublin/index/spielbericht/4360909
,,,"Mon, 04/11/24",,,,,GKS Katowice,Korona Kielce,Stadion GKS Katowice,Attendance: 7.005,https://www.transfermarkt.co.uk/gks-katowice_korona-kielce/index/spielbericht/4360885
,,,"Mon, 04/11/24",,,,,Zaglebie Lubin,Slask Wroclaw,KGHM Zagłębie Arena,Attendance: 7.613,https://www.transfermarkt.co.uk/zaglebie-lubin_slask-wroclaw/index/spielbericht/4360893
,,,"Fri, 08/11/24",,,,,Pogon Szczecin,Radomiak Radom,Stadion Miejski im. Floriana Krygiera,Attendance: 13.803,https://www.transfermarkt.co.uk/pogon-szczecin_radomiak-radom/index/spielbericht/4360910
,,,"Sun, 03/11/24",,,,,Lechia Gdansk,Cracovia,Polsat Plus Arena Gdańsk,Attendance: 10.711,https://www.transfermarkt.co.uk/lechia-gdansk_cracovia/index/spielbericht/4360887
,,,"Sat, 09/11/24",,,,,Slask Wroclaw,Górnik Zabrze,Tarczyński Arena Wrocław,Attendance: 12.904,https://www.transfermarkt.co.uk/slask-wroclaw_gornik-zabrze/index/spielbericht/4360912
,,,"Sun, 10/11/24",,,,,Stal Mielec,Puszcza Niepolomice,Stadion Miejski imienia Grzegorza Lato w Mielcu,Attendance: 3.832,https://www.transfermarkt.co.uk/stal-mielec_puszcza-niepolomice/index/spielbericht/4360911
,,,"Sat, 09/11/24",,,,,Cracovia,GKS Katowice,Stadion Cracovii im. Józefa Piłsudskiego,Attendance: 10.679,https://www.transfermarkt.co.uk/cracovia_gks-katowice/index/spielbericht/4360905
,,,"Sat, 09/11/24",,,,,Widzew Lodz,Zaglebie Lubin,Stadion Widzewa,Attendance: 16.869,https://www.transfermarkt.co.uk/widzew-lodz_zaglebie-lubin/index/spielbericht/4360913
,,,"Fri, 22/11/24",,,,,Zaglebie Lubin,Motor Lublin,KGHM Zagłębie Arena,Attendance: 3.364,https://www.transfermarkt.co.uk/zaglebie-lubin_motor-lublin/index/spielbericht/4361224
,,,"Sun, 10/11/24",,,,,Jagiellonia Bialystok,Raków Częstochowa,Chorten Arena,Attendance: 17.089,https://www.transfermarkt.co.uk/jagiellonia-bialystok_rakow-czestochowa/index/spielbericht/4360906
,,,"Sun, 10/11/24",,,,,Lech Poznan,Legia Warszawa,Enea Poznań,Attendance: 40.838,https://www.transfermarkt.co.uk/lech-poznan_legia-warszawa/index/spielbericht/4360908
,,,"Fri, 22/11/24",,,,,Jagiellonia Bialystok,Slask Wroclaw,Chorten Arena,Attendance: 14.579,https://www.transfermarkt.co.uk/jagiellonia-bialystok_slask-wroclaw/index/spielbericht/4361217
,,,"Sat, 23/11/24",,,,,Lechia Gdansk,Pogon Szczecin,Polsat Plus Arena Gdańsk,Attendance: 8.917,https://www.transfermarkt.co.uk/lechia-gdansk_pogon-szczecin/index/spielbericht/4361219
,,,"Sat, 23/11/24",,,,,Lech Poznan,GKS Katowice,Enea Poznań,Attendance: 28.254,https://www.transfermarkt.co.uk/lech-poznan_gks-katowice/index/spielbericht/4361218
,,,"Sat, 23/11/24",,,,,Legia Warszawa,Cracovia,Stadion Miejski im. Marszałka Józefa Piłsudskiego,Attendance: 25.121,https://www.transfermarkt.co.uk/legia-warszawa_cracovia/index/spielbericht/4361220
,,,"Sat, 30/11/24",,,,,Slask Wroclaw,Puszcza Niepolomice,Tarczyński Arena Wrocław,Attendance: 11.727,https://www.transfermarkt.co.uk/slask-wroclaw_puszcza-niepolomice/index/spielbericht/4361232
,,,"Mon, 25/11/24",,,,,Puszcza Niepolomice,Widzew Lodz,Stadion Cracovii im. Józefa Piłsudskiego,Attendance: 1.243,https://www.transfermarkt.co.uk/puszcza-niepolomice_widzew-lodz/index/spielbericht/4361221
,,,"Sun, 24/11/24",,,,,Górnik Zabrze,Piast Gliwice,Arena Zabrze,Attendance: 18.270,https://www.transfermarkt.co.uk/gornik-zabrze_piast-gliwice/index/spielbericht/4361216
,,,"Sun, 24/11/24",,,,,Raków Częstochowa,Korona Kielce,zondacrypto Arena,Attendance: 5.338,https://www.transfermarkt.co.uk/rakow-czestochowa_korona-kielce/index/spielbericht/4361223
,,,"Fri, 29/11/24",,,,,Cracovia,Zaglebie Lubin,Stadion Cracovii im. Józefa Piłsudskiego,Attendance: 9.329,https://www.transfermarkt.co.uk/cracovia_zaglebie-lubin/index/spielbericht/4361225
,,,"Fri, 29/11/24",,,,,Piast Gliwice,Lech Poznan,Stadion Miejski w Gliwicach,Attendance: 5.324,https://www.transfermarkt.co.uk/piast-gliwice_lech-poznan/index/spielbericht/4361229
,,,"Sun, 01/09/24",,,,,Jagiellonia Bialystok,Widzew Lodz,Chorten Arena,Attendance: 13.076,https://www.transfermarkt.co.uk/jagiellonia-bialystok_widzew-lodz/index/spielbericht/4360352
,,,"Sun, 24/11/24",,,,,Radomiak Radom,Stal Mielec,Stadion im. Braci Czachorów,Attendance: 6.555,https://www.transfermarkt.co.uk/radomiak-radom_stal-mielec/index/spielbericht/4361222
,,,"Sat, 28/09/24",,,,,Legia Warszawa,Górnik Zabrze,Stadion Miejski im. Marszałka Józefa Piłsudskiego,Attendance: 24.438,https://www.transfermarkt.co.uk/legia-warszawa_gornik-zabrze/index/spielbericht/4360382
,,,"Sat, 19/10/24",,,,,Cracovia,Lech Poznan,Stadion Cracovii im. Józefa Piłsudskiego,Attendance: 13.449,https://www.transfermarkt.co.uk/cracovia_lech-poznan/index/spielbericht/4360812
,,,"Sat, 30/11/24",,,,,Widzew Lodz,Raków Częstochowa,Stadion Widzewa,Attendance: 16.319,https://www.transfermarkt.co.uk/widzew-lodz_rakow-czestochowa/index/spielbericht/4361233
,,,"Sun, 01/12/24",,,,,Pogon Szczecin,Jagiellonia Bialystok,Stadion Miejski im. Floriana Krygiera,Attendance: 17.958,https://www.transfermarkt.co.uk/pogon-szczecin_jagiellonia-bialystok/index/spielbericht/4361230
,,,"Sun, 01/12/24",,,,,Korona Kielce,Górnik Zabrze,Exbud Arena,Attendance: 9.447,https://www.transfermarkt.co.uk/korona-kielce_gornik-zabrze/index/spielbericht/4361227
,,,"Sun, 01/12/24",,,,,Stal Mielec,Legia Warszawa,Stadion Miejski imienia Grzegorza Lato w Mielcu,Attendance: 6.337,https://www.transfermarkt.co.uk/stal-mielec_legia-warszawa/index/spielbericht/4361231
,,,"Fri, 06/12/24",,,,,Radomiak Radom,GKS Katowice,Stadion im. Braci Czachorów,Attendance: 3.877,https://www.transfermarkt.co.uk/radomiak-radom_gks-katowice/index/spielbericht/4361239
,,,"Mon, 02/12/24",,,,,Motor Lublin,Radomiak Radom,Motor Lublin Arena,Attendance: 13.784,https://www.transfermarkt.co.uk/motor-lublin_radomiak-radom/index/spielbericht/4361228
,,,"Sat, 07/12/24",,,,,Lechia Gdansk,Slask Wroclaw,Polsat Plus Arena Gdańsk,Attendance: 8.818,https://www.transfermarkt.co.uk/lechia-gdansk_slask-wroclaw/index/spielbericht/4361236
,,,"Sat, 07/12/24",,,,,Raków Częstochowa,Motor Lublin,zondacrypto Arena,Attendance: 5.500,https://www.transfermarkt.co.uk/rakow-czestochowa_motor-lublin/index/spielbericht/4361240
,,,"Fri, 06/12/24",,,,,Górnik Zabrze,Lech Poznan,Arena Zabrze,Attendance: 21.059,https://www.transfermarkt.co.uk/gornik-zabrze_lech-poznan/index/spielbericht/4361234
,,,"Sat, 07/12/24",,,,,Widzew Lodz,Stal Mielec,Stadion Widzewa,Attendance: 15.136,https://www.transfermarkt.co.uk/widzew-lodz_stal-mielec/index/spielbericht/4361241
,,,"Sun, 08/12/24",,,,,Piast Gliwice,Cracovia,Stadion Miejski w Gliwicach,Attendance: 4.650,https://www.transfermarkt.co.uk/piast-gliwice_cracovia/index/spielbericht/4361237
,,,"Sat, 09/11/24",,,,,Korona Kielce,Lechia Gdansk,Exbud Arena,Attendance: 8.296,https://www.transfermarkt.co.uk/korona-kielce_lechia-gdansk/index/spielbericht/4360907
,,,"Sun, 08/12/24",,,,,Zaglebie Lubin,Legia Warszawa,KGHM Zagłębie Arena,Attendance: 7.859,https://www.transfermarkt.co.uk/zaglebie-lubin_legia-warszawa/index/spielbericht/4361242
,,,"Fri, 31/01/25",,,,,GKS Katowice,Stal Mielec,Stadion GKS Katowice,Attendance: 7.067,https://www.transfermarkt.co.uk/gks-katowice_stal-mielec/index/spielbericht/4361244
,,,"Fri, 31/01/25",,,,,Lech Poznan,Widzew Lodz,Enea Poznań,Attendance: 30.542,https://www.transfermarkt.co.uk/lech-poznan_widzew-lodz/index/spielbericht/4361247
,,,"Sat, 01/02/25",,,,,Motor Lublin,Lechia Gdansk,Motor Lublin Arena,Attendance: 13.161,https://www.transfermarkt.co.uk/motor-lublin_lechia-gdansk/index/spielbericht/4361249
,,,"Sun, 27/10/24",,,,,Jagiellonia Bialystok,Korona Kielce,Chorten Arena,Attendance: 15.089,https://www.transfermarkt.co.uk/jagiellonia-bialystok_korona-kielce/index/spielbericht/4360822
,,,"Sun, 02/02/25",,,,,Górnik Zabrze,Puszcza Niepolomice,Arena Zabrze,Attendance: 14.836,https://www.transfermarkt.co.uk/gornik-zabrze_puszcza-niepolomice/index/spielbericht/4361245
,,,"Sun, 02/02/25",,,,,Legia Warszawa,Korona Kielce,Stadion Miejski im. Marszałka Józefa Piłsudskiego,Attendance: 24.169,https://www.transfermarkt.co.uk/legia-warszawa_korona-kielce/index/spielbericht/4361248
,,,"Sat, 01/02/25",,,,,Cracovia,Raków Częstochowa,Stadion Cracovii im. Józefa Piłsudskiego,Attendance: 12.704,https://www.transfermarkt.co.uk/cracovia_rakow-czestochowa/index/spielbericht/4361243
,,,"Mon, 03/02/25",,,,,Slask Wroclaw,Piast Gliwice,Tarczyński Arena Wrocław,Attendance: 9.744,https://www.transfermarkt.co.uk/slask-wroclaw_piast-gliwice/index/spielbericht/4361251
,,,"Fri, 07/02/25",,,,,Pogon Szczecin,Górnik Zabrze,Stadion Miejski im. Floriana Krygiera,Attendance: 13.245,https://www.transfermarkt.co.uk/pogon-szczecin_gornik-zabrze/index/spielbericht/4361255
,,,"Sat, 08/02/25",,,,,Raków Częstochowa,GKS Katowice,zondacrypto Arena,Attendance: 5.500,https://www.transfermarkt.co.uk/rakow-czestochowa_gks-katowice/index/spielbericht/4361258
,,,"Sun, 27/10/24",,,,,Legia Warszawa,GKS Katowice,Stadion Miejski im. Marszałka Józefa Piłsudskiego,Attendance: 25.188,https://www.transfermarkt.co.uk/legia-warszawa_gks-katowice/index/spielbericht/4360824
,,,"Sun, 09/02/25",,,,,Korona Kielce,Motor Lublin,Exbud Arena,Attendance: 9.544,https://www.transfermarkt.co.uk/korona-kielce_motor-lublin/index/spielbericht/4361252
,,,"Sun, 09/02/25",,,,,Lechia Gdansk,Lech Poznan,Polsat Plus Arena Gdańsk,Attendance: 13.869,https://www.transfermarkt.co.uk/lechia-gdansk_lech-poznan/index/spielbericht/4361253
,,,"Fri, 14/02/25",,,,,Cracovia,Korona Kielce,Stadion Cracovii im. Józefa Piłsudskiego,Attendance: 7.719,https://www.transfermarkt.co.uk/cracovia_korona-kielce/index/spielbericht/4361281
,,,"Sun, 09/02/25",,,,,Widzew Lodz,Cracovia,Stadion Widzewa,Attendance: 17.337,https://www.transfermarkt.co.uk/widzew-lodz_cracovia/index/spielbericht/4361260
,,,"Fri, 14/02/25",,,,,Lech Poznan,Raków Częstochowa,Enea Poznań,Attendance: 28.247,https://www.transfermarkt.co.uk/lech-poznan_rakow-czestochowa/index/spielbericht/4361285
,,,"Mon, 10/02/25",,,,,Puszcza Niepolomice,Zaglebie Lubin,Stadion Cracovii im. Józefa Piłsudskiego,Attendance: 1.395,https://www.transfermarkt.co.uk/puszcza-niepolomice_zaglebie-lubin/index/spielbericht/4361256
,,,"Sun, 02/02/25",,,,,Jagiellonia Bialystok,Radomiak Radom,Chorten Arena,Attendance: 16.017,https://www.transfermarkt.co.uk/jagiellonia-bialystok_radomiak-radom/index/spielbericht/4361246
,,,"Mon, 09/12/24",,,,,Korona Kielce,Pogon Szczecin,Exbud Arena,Attendance: 6.470,https://www.transfermarkt.co.uk/korona-kielce_pogon-szczecin/index/spielbericht/4361235
,,,"Sat, 15/02/25",,,,,Górnik Zabrze,Radomiak Radom,Arena Zabrze,Attendance: 10.833,https://www.transfermarkt.co.uk/gornik-zabrze_radomiak-radom/index/spielbericht/4361283
,,,"Fri, 07/02/25",,,,,Stal Mielec,Jagiellonia Bialystok,Stadion Miejski imienia Grzegorza Lato w Mielcu,Attendance: 5.039,https://www.transfermarkt.co.uk/stal-mielec_jagiellonia-bialystok/index/spielbericht/4361259
,,,"Sat, 15/02/25",,,,,Slask Wroclaw,Widzew Lodz,Tarczyński Arena Wrocław,Attendance: 13.096,https://www.transfermarkt.co.uk/slask-wroclaw_widzew-lodz/index/spielbericht/4361288
,,,"Sat, 01/02/25",,,,,Pogon Szczecin,Zaglebie Lubin,Stadion Miejski im. Floriana Krygiera,Attendance: 11.910,https://www.transfermarkt.co.uk/pogon-szczecin_zaglebie-lubin/index/spielbericht/4361250
,,,"Sun, 16/02/25",,,,,Stal Mielec,Pogon Szczecin,Stadion Miejski imienia Grzegorza Lato w Mielcu,Attendance: 4.239,https://www.transfermarkt.co.uk/stal-mielec_pogon-szczecin/index/spielbericht/4361287
,,,"Sun, 16/02/25",,,,,Jagiellonia Bialystok,Motor Lublin,Chorten Arena,Attendance: 12.439,https://www.transfermarkt.co.uk/jagiellonia-bialystok_motor-lublin/index/spielbericht/4361284
,,,"Sat, 08/02/25",,,,,Piast Gliwice,Legia Warszawa,Stadion Miejski w Gliwicach,Attendance: 8.304,https://www.transfermarkt.co.uk/piast-gliwice_legia-warszawa/index/spielbericht/4361254
,,,"Sat, 15/02/25",,,,,Legia Warszawa,Puszcza Niepolomice,Stadion Miejski im. Marszałka Józefa Piłsudskiego,Attendance: 18.406,https://www.transfermarkt.co.uk/legia-warszawa_puszcza-niepolomice/index/spielbericht/4361286
,,,"Sun, 16/02/25",,,,,GKS Katowice,Piast Gliwice,Stadion GKS Katowice,Attendance: 6.753,https://www.transfermarkt.co.uk/gks-katowice_piast-gliwice/index/spielbericht/4361282
,,,"Mon, 17/02/25",,,,,Zaglebie Lubin,Lechia Gdansk,KGHM Zagłębie Arena,Attendance: 2.496,https://www.transfermarkt.co.uk/zaglebie-lubin_lechia-gdansk/index/spielbericht/4361289
,,,"Fri, 18/10/24",,,,,Korona Kielce,Piast Gliwice,Exbud Arena,Attendance: 8.735,https://www.transfermarkt.co.uk/korona-kielce_piast-gliwice/index/spielbericht/4360815
,,,"Sat, 22/02/25",,,,,Korona Kielce,Slask Wroclaw,Exbud Arena,Attendance: 8.962,https://www.transfermarkt.co.uk/korona-kielce_slask-wroclaw/index/spielbericht/4361301
,,,"Fri, 21/02/25",,,,,Piast Gliwice,Stal Mielec,Stadion Miejski w Gliwicach,Attendance: 3.634,https://www.transfermarkt.co.uk/piast-gliwice_stal-mielec/index/spielbericht/4361305
,,,"Sat, 08/02/25",,,,,Radomiak Radom,Slask Wroclaw,Stadion im. Braci Czachorów,Attendance: 6.262,https://www.transfermarkt.co.uk/radomiak-radom_slask-wroclaw/index/spielbericht/4361257
,,,"Sun, 23/02/25",,,,,Lech Poznan,Zaglebie Lubin,Enea Poznań,Attendance: 16.610,https://www.transfermarkt.co.uk/lech-poznan_zaglebie-lubin/index/spielbericht/4361302
,,,"Sun, 23/02/25",,,,,Lechia Gdansk,Puszcza Niepolomice,Polsat Plus Arena Gdańsk,Attendance: 9.139,https://www.transfermarkt.co.uk/lechia-gdansk_puszcza-niepolomice/index/spielbericht/4361303
,,,"Sun, 23/02/25",,,,,Cracovia,Jagiellonia Bialystok,Stadion Cracovii im. Józefa Piłsudskiego,Attendance: 11.482,https://www.transfermarkt.co.uk/cracovia_jagiellonia-bialystok/index/spielbericht/4361300
,,,"Mon, 24/02/25",,,,,Motor Lublin,GKS Katowice,Motor Lublin Arena,Attendance: 11.856,https://www.transfermarkt.co.uk/motor-lublin_gks-katowice/index/spielbericht/4361304
,,,"Fri, 21/02/25",,,,,Raków Częstochowa,Górnik Zabrze,zondacrypto Arena,Attendance: 5.303,https://www.transfermarkt.co.uk/rakow-czestochowa_gornik-zabrze/index/spielbericht/4361307
,,,"Sun, 02/03/25",,,,,Puszcza Niepolomice,Motor Lublin,Stadion Miejski w Niepołomicach,Attendance: 2.000,https://www.transfermarkt.co.uk/puszcza-niepolomice_motor-lublin/index/spielbericht/4361313
,,,"Sat, 01/03/25",,,,,Pogon Szczecin,Lech Poznan,Stadion Miejski im. Floriana Krygiera,Attendance: 20.562,https://www.transfermarkt.co.uk/pogon-szczecin_lech-poznan/index/spielbericht/4361312
,,,"Fri, 28/02/25",,,,,Górnik Zabrze,Cracovia,Arena Zabrze,Attendance: 12.472,https://www.transfermarkt.co.uk/gornik-zabrze_cracovia/index/spielbericht/4361309
,,,"Sat, 01/03/25",,,,,Zaglebie Lubin,Piast Gliwice,KGHM Zagłębie Arena,Attendance: 2.834,https://www.transfermarkt.co.uk/zaglebie-lubin_piast-gliwice/index/spielbericht/4361317
,,,"Sat, 01/03/25",,,,,Stal Mielec,Korona Kielce,Stadion Miejski imienia Grzegorza Lato w Mielcu,Attendance: 4.778,https://www.transfermarkt.co.uk/stal-mielec_korona-kielce/index/spielbericht/4361316
,,,"Sat, 22/02/25",,,,,Radomiak Radom,Legia Warszawa,Stadion im. Braci Czachorów,Attendance: 8.227,https://www.transfermarkt.co.uk/radomiak-radom_legia-warszawa/index/spielbericht/4361306
,,,"Fri, 28/02/25",,,,,Radomiak Radom,Widzew Lodz,Stadion im. Braci Czachorów,Attendance: 6.236,https://www.transfermarkt.co.uk/radomiak-radom_widzew-lodz/index/spielbericht/4361314
,,,"Mon, 03/03/25",,,,,Raków Częstochowa,Lechia Gdansk,zondacrypto Arena,Attendance: 5.500,https://www.transfermarkt.co.uk/rakow-czestochowa_lechia-gdansk/index/spielbericht/4361315
,,,"Sun, 02/03/25",,,,,Jagiellonia Bialystok,GKS Katowice,Chorten Arena,Attendance: 14.217,https://www.transfermarkt.co.uk/jagiellonia-bialystok_gks-katowice/index/spielbericht/4361310
,,,"Fri, 07/03/25",,,,,Slask Wroclaw,Pogon Szczecin,Tarczyński Arena Wrocław,Attendance: 12.703,https://www.transfermarkt.co.uk/slask-wroclaw_pogon-szczecin/index/spielbericht/4361325
,,,"Sun, 02/03/25",,,,,Legia Warszawa,Slask Wroclaw,Stadion Miejski im. Marszałka Józefa Piłsudskiego,Attendance: 24.089,https://www.transfermarkt.co.uk/legia-warszawa_slask-wroclaw/index/spielbericht/4361311
,,,"Sat, 08/03/25",,,,,Cracovia,Radomiak Radom,Stadion Cracovii im. Józefa Piłsudskiego,Attendance: 11.081,https://www.transfermarkt.co.uk/cracovia_radomiak-radom/index/spielbericht/4361318
,,,"Sat, 08/03/25",,,,,Piast Gliwice,Raków Częstochowa,Stadion Miejski w Gliwicach,Attendance: 6.349,https://www.transfermarkt.co.uk/piast-gliwice_rakow-czestochowa/index/spielbericht/4361324
,,,"Sun, 09/03/25",,,,,GKS Katowice,Zaglebie Lubin,Stadion GKS Katowice,Attendance: 6.751,https://www.transfermarkt.co.uk/gks-katowice_zaglebie-lubin/index/spielbericht/4361319
,,,"Fri, 07/03/25",,,,,Korona Kielce,Puszcza Niepolomice,Exbud Arena,Attendance: 9.996,https://www.transfermarkt.co.uk/korona-kielce_puszcza-niepolomice/index/spielbericht/4361320
,,,"Sun, 09/03/25",,,,,Lechia Gdansk,Górnik Zabrze,Polsat Plus Arena Gdańsk,Attendance: 10.452,https://www.transfermarkt.co.uk/lechia-gdansk_gornik-zabrze/index/spielbericht/4361322
,,,"Sun, 09/03/25",,,,,Widzew Lodz,Jagiellonia Bialystok,Stadion Widzewa,Attendance: 16.768,https://www.transfermarkt.co.uk/widzew-lodz_jagiellonia-bialystok/index/spielbericht/4361326
,,,"Fri, 14/03/25",,,,,Pogon Szczecin,Cracovia,Stadion Miejski im. Floriana Krygiera,Attendance: 19.227,https://www.transfermarkt.co.uk/pogon-szczecin_cracovia/index/spielbericht/4361329
,,,"Fri, 14/03/25",,,,,Radomiak Radom,Lechia Gdansk,Stadion im. Braci Czachorów,Attendance: 8.421,https://www.transfermarkt.co.uk/radomiak-radom_lechia-gdansk/index/spielbericht/4361331
,,,"Fri, 28/03/25",,,,,Piast Gliwice,Widzew Lodz,Stadion Miejski w Gliwicach,Attendance: 6.363,https://www.transfermarkt.co.uk/piast-gliwice_widzew-lodz/index/spielbericht/4365316
,,,"Sun, 16/03/25",,,,,Puszcza Niepolomice,Piast Gliwice,Stadion Miejski w Niepołomicach,Attendance: 2.000,https://www.transfermarkt.co.uk/puszcza-niepolomice_piast-gliwice/index/spielbericht/4361330
,,,"Sun, 16/03/25",,,,,Jagiellonia Bialystok,Lech Poznan,Chorten Arena,Attendance: 19.957,https://www.transfermarkt.co.uk/jagiellonia-bialystok_lech-poznan/index/spielbericht/4361328
,,,"Sat, 22/02/25",,,,,Widzew Lodz,Pogon Szczecin,Stadion Widzewa,Attendance: 16.473,https://www.transfermarkt.co.uk/widzew-lodz_pogon-szczecin/index/spielbericht/4361308
,,,"Sat, 15/03/25",,,,,Widzew Lodz,GKS Katowice,Stadion Widzewa,Attendance: 17.473,https://www.transfermarkt.co.uk/widzew-lodz_gks-katowice/index/spielbericht/4361334
,,,"Sun, 16/03/25",,,,,Raków Częstochowa,Legia Warszawa,zondacrypto Arena,Attendance: 5.500,https://www.transfermarkt.co.uk/rakow-czestochowa_legia-warszawa/index/spielbericht/4361332
,,,"Fri, 28/03/25",,,,,Legia Warszawa,Pogon Szczecin,Stadion Miejski im. Marszałka Józefa Piłsudskiego,Attendance: 27.424,https://www.transfermarkt.co.uk/legia-warszawa_pogon-szczecin/index/spielbericht/4365314
,,,"Sat, 29/03/25",,,,,Cracovia,Puszcza Niepolomice,Stadion Cracovii im. Józefa Piłsudskiego,Attendance: 11.530,https://www.transfermarkt.co.uk/cracovia_puszcza-niepolomice/index/spielbericht/4365310
,,,"Sat, 08/03/25",,,,,Lech Poznan,Stal Mielec,Enea Poznań,Attendance: 23.281,https://www.transfermarkt.co.uk/lech-poznan_stal-mielec/index/spielbericht/4361321
,,,"Sat, 29/03/25",,,,,Lechia Gdansk,Jagiellonia Bialystok,Polsat Plus Arena Gdańsk,Attendance: 13.125,https://www.transfermarkt.co.uk/lechia-gdansk_jagiellonia-bialystok/index/spielbericht/4365313
,,,"Sat, 29/03/25",,,,,Slask Wroclaw,Lech Poznan,Tarczyński Arena Wrocław,Attendance: 33.546,https://www.transfermarkt.co.uk/slask-wroclaw_lech-poznan/index/spielbericht/4365317
,,,"Sat, 15/03/25",,,,,Stal Mielec,Slask Wroclaw,Stadion Miejski imienia Grzegorza Lato w Mielcu,Attendance: 3.612,https://www.transfermarkt.co.uk/stal-mielec_slask-wroclaw/index/spielbericht/4361333
,,,"Sun, 30/03/25",,,,,Korona Kielce,Radomiak Radom,Exbud Arena,Attendance: 14.125,https://www.transfermarkt.co.uk/korona-kielce_radomiak-radom/index/spielbericht/4365312
,,,"Sun, 30/03/25",,,,,Motor Lublin,Stal Mielec,Motor Lublin Arena,Attendance: 14.195,https://www.transfermarkt.co.uk/motor-lublin_stal-mielec/index/spielbericht/4365315
,,,"Fri, 04/04/25",,,,,Stal Mielec,Cracovia,Stadion Miejski imienia Grzegorza Lato w Mielcu,Attendance: 5.184,https://www.transfermarkt.co.uk/stal-mielec_cracovia/index/spielbericht/4365327
,,,"Fri, 04/04/25",,,,,Widzew Lodz,Lechia Gdansk,Stadion Widzewa,Attendance: 17.528,https://www.transfermarkt.co.uk/widzew-lodz_lechia-gdansk/index/spielbericht/4365329
,,,"Sun, 06/04/25",,,,,Jagiellonia Bialystok,Piast Gliwice,Chorten Arena,Attendance: 17.440,https://www.transfermarkt.co.uk/jagiellonia-bialystok_piast-gliwice/index/spielbericht/4365322
,,,"Mon, 07/04/25",,,,,Puszcza Niepolomice,Raków Częstochowa,Stadion Miejski w Niepołomicach,Attendance: 2.000,https://www.transfermarkt.co.uk/puszcza-niepolomice_rakow-czestochowa/index/spielbericht/4365325
,,,"Sat, 05/04/25",,,,,Lech Poznan,Korona Kielce,Enea Poznań,Attendance: 37.457,https://www.transfermarkt.co.uk/lech-poznan_korona-kielce/index/spielbericht/4365323
,,,"Sun, 06/04/25",,,,,Górnik Zabrze,Legia Warszawa,Arena Zabrze,Attendance: 23.438,https://www.transfermarkt.co.uk/gornik-zabrze_legia-warszawa/index/spielbericht/4365321
,,,"Sat, 05/04/25",,,,,Slask Wroclaw,Motor Lublin,Tarczyński Arena Wrocław,Attendance: 26.361,https://www.transfermarkt.co.uk/slask-wroclaw_motor-lublin/index/spielbericht/4365328
,,,"Sun, 06/04/25",,,,,Pogon Szczecin,GKS Katowice,Stadion Miejski im. Floriana Krygiera,Attendance: 19.938,https://www.transfermarkt.co.uk/pogon-szczecin_gks-katowice/index/spielbericht/4365324
,,,"Sat, 12/04/25",,,,,GKS Katowice,Puszcza Niepolomice,Arena Katowice,Attendance: 12.132,https://www.transfermarkt.co.uk/gks-katowice_puszcza-niepolomice/index/spielbericht/4365331
,,,"Fri, 11/04/25",,,,,Zaglebie Lubin,Górnik Zabrze,KGHM Zagłębie Arena,Attendance: 3.936,https://www.transfermarkt.co.uk/zaglebie-lubin_gornik-zabrze/index/spielbericht/4365338
,,,"Fri, 11/04/25",,,,,Korona Kielce,Widzew Lodz,Exbud Arena,Attendance: 13.752,https://www.transfermarkt.co.uk/korona-kielce_widzew-lodz/index/spielbericht/4365332
,,,"Sat, 12/04/25",,,,,Cracovia,Slask Wroclaw,Stadion Cracovii im. Józefa Piłsudskiego,Attendance: 12.011,https://www.transfermarkt.co.uk/cracovia_slask-wroclaw/index/spielbericht/4365330
,,,"Sat, 12/04/25",,,,,Raków Częstochowa,Radomiak Radom,zondacrypto Arena,Attendance: 5.426,https://www.transfermarkt.co.uk/rakow-czestochowa_radomiak-radom/index/spielbericht/4365337
,,,"Sat, 05/04/25",,,,,Radomiak Radom,Zaglebie Lubin,Stadion im. Braci Czachorów,Attendance: 8.062,https://www.transfermarkt.co.uk/radomiak-radom_zaglebie-lubin/index/spielbericht/4365326
,,,"Sun, 13/04/25",,,,,Piast Gliwice,Pogon Szczecin,Stadion Miejski w Gliwicach,Attendance: 5.729,https://www.transfermarkt.co.uk/piast-gliwice_pogon-szczecin/index/spielbericht/4365336
,,,"Sun, 13/04/25",,,,,Legia Warszawa,Jagiellonia Bialystok,Stadion Miejski im. Marszałka Józefa Piłsudskiego,Attendance: 25.347,https://www.transfermarkt.co.uk/legia-warszawa_jagiellonia-bialystok/index/spielbericht/4365334
,,,"Sat, 19/04/25",,,,,Piast Gliwice,Korona Kielce,Stadion Miejski w Gliwicach,Attendance: 4.620,https://www.transfermarkt.co.uk/piast-gliwice_korona-kielce/index/spielbericht/4365342
,,,"Sat, 19/04/25",,,,,Pogon Szczecin,Raków Częstochowa,Stadion Miejski im. Floriana Krygiera,Attendance: 19.665,https://www.transfermarkt.co.uk/pogon-szczecin_rakow-czestochowa/index/spielbericht/4365343
,,,"Mon, 21/04/25",,,,,Jagiellonia Bialystok,Zaglebie Lubin,Chorten Arena,Attendance: 15.231,https://www.transfermarkt.co.uk/jagiellonia-bialystok_zaglebie-lubin/index/spielbericht/4365339
,,,"Mon, 21/04/25",,,,,Puszcza Niepolomice,Radomiak Radom,Stadion Miejski w Niepołomicach,Attendance: 2.000,https://www.transfermarkt.co.uk/puszcza-niepolomice_radomiak-radom/index/spielbericht/4365344
,,,"Sat, 19/04/25",,,,,Slask Wroclaw,GKS Katowice,Tarczyński Arena Wrocław,Attendance: 21.006,https://www.transfermarkt.co.uk/slask-wroclaw_gks-katowice/index/spielbericht/4365346
,,,"Tue, 22/04/25",,,,,Stal Mielec,Górnik Zabrze,Stadion Miejski imienia Grzegorza Lato w Mielcu,Attendance: 4.943,https://www.transfermarkt.co.uk/stal-mielec_gornik-zabrze/index/spielbericht/4365345
,,,"Mon, 14/04/25",,,,,Lechia Gdansk,Stal Mielec,Polsat Plus Arena Gdańsk,Attendance: 7.501,https://www.transfermarkt.co.uk/lechia-gdansk_stal-mielec/index/spielbericht/4365333
,,,"Sun, 13/04/25",,,,,Motor Lublin,Lech Poznan,Motor Lublin Arena,Attendance: 15.200,https://www.transfermarkt.co.uk/motor-lublin_lech-poznan/index/spielbericht/4365335
,,,"Sat, 19/04/25",,,,,Widzew Lodz,Motor Lublin,Stadion Widzewa,Attendance: 17.246,https://www.transfermarkt.co.uk/widzew-lodz_motor-lublin/index/spielbericht/4365347
,,,"Fri, 25/04/25",,,,,Puszcza Niepolomice,Pogon Szczecin,Stadion Miejski w Niepołomicach,Attendance: 1.800,https://www.transfermarkt.co.uk/puszcza-niepolomice_pogon-szczecin/index/spielbericht/4365353
,,,"Sat, 26/04/25",,,,,Lechia Gdansk,Piast Gliwice,Polsat Plus Arena Gdańsk,Attendance: 9.423,https://www.transfermarkt.co.uk/lechia-gdansk_piast-gliwice/index/spielbericht/4365351
,,,"Sat, 26/04/25",,,,,Motor Lublin,Cracovia,Motor Lublin Arena,Attendance: 14.777,https://www.transfermarkt.co.uk/motor-lublin_cracovia/index/spielbericht/4365352
,,,"Sat, 26/04/25",,,,,GKS Katowice,Legia Warszawa,Arena Katowice,Attendance: 14.611,https://www.transfermarkt.co.uk/gks-katowice_legia-warszawa/index/spielbericht/4365348
,,,"Fri, 25/04/25",,,,,Raków Częstochowa,Slask Wroclaw,zondacrypto Arena,Attendance: 5.500,https://www.transfermarkt.co.uk/rakow-czestochowa_slask-wroclaw/index/spielbericht/4365355
,,,"Sun, 27/04/25",,,,,Górnik Zabrze,Widzew Lodz,Arena Zabrze,Attendance: 18.441,https://www.transfermarkt.co.uk/gornik-zabrze_widzew-lodz/index/spielbericht/4365349
,,,"Sat, 03/05/25",,,,,Stal Mielec,Raków Częstochowa,Stadion Miejski imienia Grzegorza Lato w Mielcu,Attendance: 5.893,https://www.transfermarkt.co.uk/stal-mielec_rakow-czestochowa/index/spielbericht/4365363
,,,"Sun, 27/04/25",,,,,Korona Kielce,Jagiellonia Bialystok,Exbud Arena,Attendance: 14.165,https://www.transfermarkt.co.uk/korona-kielce_jagiellonia-bialystok/index/spielbericht/4365350
,,,"Mon, 21/04/25",,,,,Lech Poznan,Cracovia,Enea Poznań,Attendance: 27.708,https://www.transfermarkt.co.uk/lech-poznan_cracovia/index/spielbericht/4365340
,,,"Sun, 04/05/25",,,,,Cracovia,Lechia Gdansk,Stadion Cracovii im. Józefa Piłsudskiego,Attendance: 11.303,https://www.transfermarkt.co.uk/cracovia_lechia-gdansk/index/spielbericht/4365357
,,,"Sat, 03/05/25",,,,,Lech Poznan,Puszcza Niepolomice,Enea Poznań,Attendance: 25.226,https://www.transfermarkt.co.uk/lech-poznan_puszcza-niepolomice/index/spielbericht/4365360
,,,"Mon, 28/04/25",,,,,Zaglebie Lubin,Stal Mielec,KGHM Zagłębie Arena,Attendance: 3.873,https://www.transfermarkt.co.uk/zaglebie-lubin_stal-mielec/index/spielbericht/4365356
,,,"Sat, 15/03/25",,,,,Górnik Zabrze,Motor Lublin,Arena Zabrze,Attendance: 13.179,https://www.transfermarkt.co.uk/gornik-zabrze_motor-lublin/index/spielbericht/4361327
,,,"Mon, 05/05/25",,,,,Korona Kielce,GKS Katowice,Exbud Arena,Attendance: 10.905,https://www.transfermarkt.co.uk/korona-kielce_gks-katowice/index/spielbericht/4365359
,,,"Sun, 04/05/25",,,,,Jagiellonia Bialystok,Górnik Zabrze,Chorten Arena,Attendance: 19.070,https://www.transfermarkt.co.uk/jagiellonia-bialystok_gornik-zabrze/index/spielbericht/4365358
,,,"Fri, 09/05/25",,,,,Motor Lublin,Piast Gliwice,Motor Lublin Arena,Attendance: 13.344,https://www.transfermarkt.co.uk/motor-lublin_piast-gliwice/index/spielbericht/4365370
,,,"Wed, 14/05/25",,,,,Pogon Szczecin,Motor Lublin,Stadion Miejski im. Floriana Krygiera,Attendance: 13.662,https://www.transfermarkt.co.uk/pogon-szczecin_motor-lublin/index/spielbericht/4365362
,,,"Fri, 09/05/25",,,,,Górnik Zabrze,Slask Wroclaw,Arena Zabrze,Attendance: 13.428,https://www.transfermarkt.co.uk/gornik-zabrze_slask-wroclaw/index/spielbericht/4365367
,,,"Thu, 15/05/25",,,,,Widzew Lodz,Legia Warszawa,Stadion Widzewa,Attendance: 17.492,https://www.transfermarkt.co.uk/widzew-lodz_legia-warszawa/index/spielbericht/4365365
,,,"Sat, 10/05/25",,,,,Radomiak Radom,Pogon Szczecin,Stadion im. Braci Czachorów,Attendance: 8.210,https://www.transfermarkt.co.uk/radomiak-radom_pogon-szczecin/index/spielbericht/4365372
,,,"Sat, 10/05/25",,,,,Zaglebie Lubin,Widzew Lodz,KGHM Zagłębie Arena,Attendance: 5.892,https://www.transfermarkt.co.uk/zaglebie-lubin_widzew-lodz/index/spielbericht/4365374
,,,"Sat, 10/05/25",,,,,Raków Częstochowa,Jagiellonia Bialystok,zondacrypto Arena,Attendance: 5.500,https://www.transfermarkt.co.uk/rakow-czestochowa_jagiellonia-bialystok/index/spielbericht/4365373
,,,"Sun, 11/05/25",,,,,Lechia Gdansk,Korona Kielce,Polsat Plus Arena Gdańsk,Attendance: 13.507,https://www.transfermarkt.co.uk/lechia-gdansk_korona-kielce/index/spielbericht/4365368
,,,"Fri, 16/05/25",,,,,Stal Mielec,Radomiak Radom,Stadion Miejski imienia Grzegorza Lato w Mielcu,Attendance: 4.418,https://www.transfermarkt.co.uk/stal-mielec_radomiak-radom/index/spielbericht/4365381
,,,"Fri, 16/05/25",,,,,Slask Wroclaw,Jagiellonia Bialystok,Tarczyński Arena Wrocław,Attendance: 20.393,https://www.transfermarkt.co.uk/slask-wroclaw_jagiellonia-bialystok/index/spielbericht/4365382
,,,"Mon, 12/05/25",,,,,Puszcza Niepolomice,Stal Mielec,Stadion Miejski w Niepołomicach,Attendance: 2.000,https://www.transfermarkt.co.uk/puszcza-niepolomice_stal-mielec/index/spielbericht/4365371
,,,"Sat, 17/05/25",,,,,Pogon Szczecin,Lechia Gdansk,Stadion Miejski im. Floriana Krygiera,Attendance: 19.917,https://www.transfermarkt.co.uk/pogon-szczecin_lechia-gdansk/index/spielbericht/4365380
,,,"Sat, 17/05/25",,,,,Piast Gliwice,Górnik Zabrze,Stadion Miejski w Gliwicach,Attendance: 9.361,https://www.transfermarkt.co.uk/piast-gliwice_gornik-zabrze/index/spielbericht/4365379
,,,"Sun, 18/05/25",,,,,Motor Lublin,Zaglebie Lubin,Motor Lublin Arena,Attendance: 12.265,https://www.transfermarkt.co.uk/motor-lublin_zaglebie-lubin/index/spielbericht/4365378
,,,"Sun, 27/04/25",,,,,Radomiak Radom,Lech Poznan,Stadion im. Braci Czachorów,Attendance: 8.317,https://www.transfermarkt.co.uk/radomiak-radom_lech-poznan/index/spielbericht/4365354
,,,"Sun, 18/05/25",,,,,Cracovia,Legia Warszawa,Stadion Cracovii im. Józefa Piłsudskiego,Attendance: 13.709,https://www.transfermarkt.co.uk/cracovia_legia-warszawa/index/spielbericht/4365375
,,,"Sun, 18/05/25",,,,,GKS Katowice,Lech Poznan,Arena Katowice,Attendance: 14.325,https://www.transfermarkt.co.uk/gks-katowice_lech-poznan/index/spielbericht/4365376
,,,"Sat, 24/05/25",,,,,Górnik Zabrze,Korona Kielce,Arena Zabrze,Attendance: 21.152,https://www.transfermarkt.co.uk/gornik-zabrze_korona-kielce/index/spielbericht/4365384
,,,"Sat, 24/05/25",,,,,Lechia Gdansk,GKS Katowice,Polsat Plus Arena Gdańsk,Attendance: 15.000,https://www.transfermarkt.co.uk/lechia-gdansk_gks-katowice/index/spielbericht/4365387
,,,"Sun, 11/05/25",,,,,Legia Warszawa,Lech Poznan,Stadion Miejski im. Marszałka Józefa Piłsudskiego,Attendance: 27.341,https://www.transfermarkt.co.uk/legia-warszawa_lech-poznan/index/spielbericht/4365369
,,,"Sat, 24/05/25",,,,,Legia Warszawa,Stal Mielec,Stadion Miejski im. Marszałka Józefa Piłsudskiego,Attendance: 25.344,https://www.transfermarkt.co.uk/legia-warszawa_stal-mielec/index/spielbericht/4365388
,,,"Sat, 24/05/25",,,,,Puszcza Niepolomice,Slask Wroclaw,Stadion Miejski w Niepołomicach,Attendance: 1.983,https://www.transfermarkt.co.uk/puszcza-niepolomice_slask-wroclaw/index/spielbericht/4365389
,,,"Sat, 24/05/25",,,,,Zaglebie Lubin,Cracovia,KGHM Zagłębie Arena,Attendance: 5.441,https://www.transfermarkt.co.uk/zaglebie-lubin_cracovia/index/spielbericht/4365392
,,,"Sat, 24/05/25",,,,,Raków Częstochowa,Widzew Lodz,zondacrypto Arena,Attendance: 5.500,https://www.transfermarkt.co.uk/rakow-czestochowa_widzew-lodz/index/spielbericht/4365391
,,,"Fri, 09/08/24",,,,,Helmond Sport,FC Utrecht U21,GS Staalwerken Stadion,Attendance: 1.833,https://www.transfermarkt.co.uk/helmond-sport_fc-utrecht-u21/index/spielbericht/4371291
,,,"Fri, 09/08/24",,,,,FC Eindhoven,FC Den Bosch,Jan Louwers Stadion,Attendance: 2.438,https://www.transfermarkt.co.uk/fc-eindhoven_fc-den-bosch/index/spielbericht/4371289
,,,"Fri, 09/08/24",,,,,FC Emmen,FC Dordrecht,De Oude Meerdijk,Attendance: 7.321,https://www.transfermarkt.co.uk/fc-emmen_fc-dordrecht/index/spielbericht/4371290
,,,"Mon, 31/03/25",,,,,Zaglebie Lubin,Raków Częstochowa,KGHM Zagłębie Arena,Attendance: 3.521,https://www.transfermarkt.co.uk/zaglebie-lubin_rakow-czestochowa/index/spielbericht/4365318
,,,"Fri, 09/08/24",,,,,MVV Maastricht,SC Cambuur Leeuwarden,"Stadion ""De Geusselt""",Attendance: 5.049,https://www.transfermarkt.co.uk/mvv-maastricht_sc-cambuur-leeuwarden/index/spielbericht/4371292
,,,"Sat, 24/05/25",,,,,Lech Poznan,Piast Gliwice,Enea Poznań,Attendance: 41.109,https://www.transfermarkt.co.uk/lech-poznan_piast-gliwice/index/spielbericht/4365386
,,,"Fri, 09/08/24",,,,,TOP Oss,Excelsior Rotterdam,Frans Heesen Stadion,Attendance: 1.950,https://www.transfermarkt.co.uk/top-oss_excelsior-rotterdam/index/spielbericht/4371293
,,,"Sun, 11/08/24",,,,,De Graafschap Doetinchem,FC Volendam,"Stadion ""De Vijverberg""",Attendance: 9.576,https://www.transfermarkt.co.uk/de-graafschap-doetinchem_fc-volendam/index/spielbericht/4371296
,,,"Fri, 09/08/24",,,,,Vitesse Arnhem,SC Telstar,GelreDome,Attendance: 17.014,https://www.transfermarkt.co.uk/vitesse-arnhem_sc-telstar/index/spielbericht/4371294
,,,"Sat, 10/08/24",,,,,ADO Den Haag,VVV-Venlo,WerkTalent Stadion,Attendance: 5.758,https://www.transfermarkt.co.uk/ado-den-haag_vvv-venlo/index/spielbericht/4371295
,,,"Mon, 12/08/24",,,,,PSV Eindhoven U21,Ajax Amsterdam U21,"PSV Campus ""De Herdgang""",Attendance: 1.450,https://www.transfermarkt.co.uk/psv-eindhoven-u21_ajax-amsterdam-u21/index/spielbericht/4371298
,,,"Fri, 16/08/24",,,,,Excelsior Rotterdam,De Graafschap Doetinchem,"Stadion ""Woudestein""",Attendance: 3.461,https://www.transfermarkt.co.uk/excelsior-rotterdam_de-graafschap-doetinchem/index/spielbericht/4371309
,,,"Mon, 21/04/25",,,,,Legia Warszawa,Lechia Gdansk,Stadion Miejski im. Marszałka Józefa Piłsudskiego,Attendance: 21.841,https://www.transfermarkt.co.uk/legia-warszawa_lechia-gdansk/index/spielbericht/4365341
,,,"Fri, 06/12/24",,,,,Red Star FC,SC Bastia,Stade Bauer,Attendance: 2.787,https://www.transfermarkt.co.uk/red-star-fc_sc-bastia/index/spielbericht/4364353
,,,"Fri, 16/08/24",,,,,FC Utrecht U21,PSV Eindhoven U21,"Sportpark ""Zoudenbalch""",Attendance: 419,https://www.transfermarkt.co.uk/fc-utrecht-u21_psv-eindhoven-u21/index/spielbericht/4371311
,,,"Fri, 16/08/24",,,,,Roda JC Kerkrade,TOP Oss,Parkstad Limburg Stadion,Attendance: 7.721,https://www.transfermarkt.co.uk/roda-jc-kerkrade_top-oss/index/spielbericht/4371312
,,,"Mon, 12/08/24",,,,,AZ Alkmaar U21,Roda JC Kerkrade,Sportpark De Kalverhoek (AFAS Trainingscomplex),Attendance: 800,https://www.transfermarkt.co.uk/az-alkmaar-u21_roda-jc-kerkrade/index/spielbericht/4371297
,,,"Sat, 23/11/24",,,,,Paris FC,FC Annecy,Stade Charléty,Attendance: 10.673,https://www.transfermarkt.co.uk/paris-fc_fc-annecy/index/spielbericht/4364342
,,,"Fri, 16/08/24",,,,,SC Telstar,FC Eindhoven,BUKO Stadion,Attendance: 1.600,https://www.transfermarkt.co.uk/sc-telstar_fc-eindhoven/index/spielbericht/4371314
,,,"Mon, 19/08/24",,,,,Ajax Amsterdam U21,MVV Maastricht,"Sportpark ""De Toekomst""",Attendance: 777,https://www.transfermarkt.co.uk/ajax-amsterdam-u21_mvv-maastricht/index/spielbericht/4371318
,,,"Sat, 24/05/25",,,,,Jagiellonia Bialystok,Pogon Szczecin,Chorten Arena,Attendance: 20.607,https://www.transfermarkt.co.uk/jagiellonia-bialystok_pogon-szczecin/index/spielbericht/4365385
,,,"Sun, 18/08/24",,,,,FC Volendam,FC Emmen,Kras Stadion,Attendance: 5.564,https://www.transfermarkt.co.uk/fc-volendam_fc-emmen/index/spielbericht/4371317
,,,"Sun, 18/08/24",,,,,SC Cambuur Leeuwarden,Helmond Sport,Kooi Stadion,Attendance: 13.150,https://www.transfermarkt.co.uk/sc-cambuur-leeuwarden_helmond-sport/index/spielbericht/4371313
,,,"Sun, 11/05/25",,,,,GKS Katowice,Cracovia,Arena Katowice,Attendance: 13.853,https://www.transfermarkt.co.uk/gks-katowice_cracovia/index/spielbericht/4365366
,,,"Sat, 17/08/24",,,,,FC Dordrecht,ADO Den Haag,M-Scores Stadion,Attendance: 2.800,https://www.transfermarkt.co.uk/fc-dordrecht_ado-den-haag/index/spielbericht/4371316
,,,"Fri, 23/08/24",,,,,ADO Den Haag,FC Volendam,WerkTalent Stadion,Attendance: 6.905,https://www.transfermarkt.co.uk/ado-den-haag_fc-volendam/index/spielbericht/4371319
,,,"Fri, 23/08/24",,,,,FC Den Bosch,MVV Maastricht,"Stadion ""De Vliert""",Attendance: 5.074,https://www.transfermarkt.co.uk/fc-den-bosch_mvv-maastricht/index/spielbericht/4371321
,,,"Fri, 23/08/24",,,,,De Graafschap Doetinchem,FC Utrecht U21,"Stadion ""De Vijverberg""",Attendance: 9.143,https://www.transfermarkt.co.uk/de-graafschap-doetinchem_fc-utrecht-u21/index/spielbericht/4371320
,,,"Fri, 23/08/24",,,,,FC Emmen,Helmond Sport,De Oude Meerdijk,Attendance: 7.298,https://www.transfermarkt.co.uk/fc-emmen_helmond-sport/index/spielbericht/4371322
,,,"Fri, 23/08/24",,,,,TOP Oss,SC Cambuur Leeuwarden,Frans Heesen Stadion,Attendance: 2.002,https://www.transfermarkt.co.uk/top-oss_sc-cambuur-leeuwarden/index/spielbericht/4371323
,,,"Mon, 26/08/24",,,,,AZ Alkmaar U21,FC Dordrecht,Sportpark De Kalverhoek (AFAS Trainingscomplex),Attendance: 704,https://www.transfermarkt.co.uk/az-alkmaar-u21_fc-dordrecht/index/spielbericht/4371327
,,,"Sun, 25/08/24",,,,,Vitesse Arnhem,Excelsior Rotterdam,GelreDome,Attendance: 15.120,https://www.transfermarkt.co.uk/vitesse-arnhem_excelsior-rotterdam/index/spielbericht/4371324
,,,"Sun, 25/08/24",,,,,VVV-Venlo,Roda JC Kerkrade,Covebo Stadion - De Koel,Attendance: 5.202,https://www.transfermarkt.co.uk/vvv-venlo_roda-jc-kerkrade/index/spielbericht/4371326
,,,"Fri, 30/08/24",,,,,ADO Den Haag,Excelsior Rotterdam,WerkTalent Stadion,Attendance: 8.356,https://www.transfermarkt.co.uk/ado-den-haag_excelsior-rotterdam/index/spielbericht/4371399
,,,"Fri, 16/08/24",,,,,VVV-Venlo,Vitesse Arnhem,Covebo Stadion - De Koel,Attendance: 5.589,https://www.transfermarkt.co.uk/vvv-venlo_vitesse-arnhem/index/spielbericht/4371315
,,,"Fri, 30/08/24",,,,,FC Dordrecht,SC Cambuur Leeuwarden,M-Scores Stadion,Attendance: 2.526,https://www.transfermarkt.co.uk/fc-dordrecht_sc-cambuur-leeuwarden/index/spielbericht/4371400
,,,"Sat, 24/08/24",,,,,FC Eindhoven,Ajax Amsterdam U21,Jan Louwers Stadion,Attendance: 3.740,https://www.transfermarkt.co.uk/fc-eindhoven_ajax-amsterdam-u21/index/spielbericht/4371325
,,,"Sat, 03/05/25",,,,,Slask Wroclaw,Zaglebie Lubin,Tarczyński Arena Wrocław,Attendance: 29.987,https://www.transfermarkt.co.uk/slask-wroclaw_zaglebie-lubin/index/spielbericht/4365364
,,,"Fri, 30/08/24",,,,,Helmond Sport,VVV-Venlo,GS Staalwerken Stadion,Attendance: 2.034,https://www.transfermarkt.co.uk/helmond-sport_vvv-venlo/index/spielbericht/4371401
,,,"Fri, 30/08/24",,,,,FC Utrecht U21,FC Emmen,"Sportpark ""Zoudenbalch""",Attendance: 431,https://www.transfermarkt.co.uk/fc-utrecht-u21_fc-emmen/index/spielbericht/4371403
,,,"Fri, 30/08/24",,,,,Vitesse Arnhem,FC Eindhoven,GelreDome,Attendance: 15.097,https://www.transfermarkt.co.uk/vitesse-arnhem_fc-eindhoven/index/spielbericht/4371406
,,,"Fri, 30/08/24",,,,,Ajax Amsterdam U21,FC Den Bosch,"Sportpark ""De Toekomst""",Attendance: 727,https://www.transfermarkt.co.uk/ajax-amsterdam-u21_fc-den-bosch/index/spielbericht/4371402
,,,"Fri, 30/08/24",,,,,SC Telstar,AZ Alkmaar U21,BUKO Stadion,Attendance: 2.050,https://www.transfermarkt.co.uk/sc-telstar_az-alkmaar-u21/index/spielbericht/4371405
,,,"Fri, 06/09/24",,,,,De Graafschap Doetinchem,FC Eindhoven,"Stadion ""De Vijverberg""",Attendance: 10.063,https://www.transfermarkt.co.uk/de-graafschap-doetinchem_fc-eindhoven/index/spielbericht/4371339
,,,"Fri, 30/08/24",,,,,MVV Maastricht,PSV Eindhoven U21,"Stadion ""De Geusselt""",Attendance: 4.802,https://www.transfermarkt.co.uk/mvv-maastricht_psv-eindhoven-u21/index/spielbericht/4371404
,,,"Sat, 31/08/24",,,,,FC Volendam,TOP Oss,Kras Stadion,Attendance: 5.243,https://www.transfermarkt.co.uk/fc-volendam_top-oss/index/spielbericht/4371407
,,,"Sun, 01/09/24",,,,,Roda JC Kerkrade,De Graafschap Doetinchem,Parkstad Limburg Stadion,Attendance: 8.161,https://www.transfermarkt.co.uk/roda-jc-kerkrade_de-graafschap-doetinchem/index/spielbericht/4371408
,,,"Sun, 08/09/24",,,,,SC Telstar,MVV Maastricht,BUKO Stadion,Attendance: 2.250,https://www.transfermarkt.co.uk/sc-telstar_mvv-maastricht/index/spielbericht/4371340
,,,"Mon, 16/09/24",,,,,Helmond Sport,TOP Oss,GS Staalwerken Stadion,Attendance: 2.541,https://www.transfermarkt.co.uk/helmond-sport_top-oss/index/spielbericht/4371344
,,,"Mon, 16/09/24",,,,,SC Cambuur Leeuwarden,Roda JC Kerkrade,Kooi Stadion,Attendance: 12.320,https://www.transfermarkt.co.uk/sc-cambuur-leeuwarden_roda-jc-kerkrade/index/spielbericht/4371348
,,,"Mon, 19/05/25",,,,,Widzew Lodz,Puszcza Niepolomice,Stadion Widzewa,Attendance: 15.879,https://www.transfermarkt.co.uk/widzew-lodz_puszcza-niepolomice/index/spielbericht/4365383
,,,"Mon, 16/09/24",,,,,PSV Eindhoven U21,ADO Den Haag,"PSV Campus ""De Herdgang""",Attendance: 700,https://www.transfermarkt.co.uk/psv-eindhoven-u21_ado-den-haag/index/spielbericht/4371347
,,,"Tue, 17/09/24",,,,,Ajax Amsterdam U21,AZ Alkmaar U21,"Sportpark ""De Toekomst""",Attendance: 860,https://www.transfermarkt.co.uk/ajax-amsterdam-u21_az-alkmaar-u21/index/spielbericht/4371345
,,,"Mon, 16/09/24",,,,,FC Utrecht U21,FC Den Bosch,"Sportpark ""Zoudenbalch""",Attendance: 431,https://www.transfermarkt.co.uk/fc-utrecht-u21_fc-den-bosch/index/spielbericht/4371346
,,,"Sat, 17/05/25",,,,,Korona Kielce,Raków Częstochowa,Exbud Arena,Attendance: 14.127,https://www.transfermarkt.co.uk/korona-kielce_rakow-czestochowa/index/spielbericht/4365377
,,,"Fri, 13/09/24",,,,,De Graafschap Doetinchem,Helmond Sport,"Stadion ""De Vijverberg""",Attendance: 10.325,https://www.transfermarkt.co.uk/de-graafschap-doetinchem_helmond-sport/index/spielbericht/4371349
,,,"Fri, 24/01/25",,,,,Rodez AF,AC Ajaccio,Stade Paul-Lignon,Attendance: 4.304,https://www.transfermarkt.co.uk/rodez-af_ac-ajaccio/index/spielbericht/4364398
,,,"Tue, 17/09/24",,,,,FC Volendam,FC Dordrecht,Kras Stadion,Attendance: 5.047,https://www.transfermarkt.co.uk/fc-volendam_fc-dordrecht/index/spielbericht/4371343
,,,"Fri, 13/09/24",,,,,FC Den Bosch,ADO Den Haag,"Stadion ""De Vliert""",Attendance: 5.409,https://www.transfermarkt.co.uk/fc-den-bosch_ado-den-haag/index/spielbericht/4371351
,,,"Fri, 13/09/24",,,,,Excelsior Rotterdam,SC Telstar,"Stadion ""Woudestein""",Attendance: 4.071,https://www.transfermarkt.co.uk/excelsior-rotterdam_sc-telstar/index/spielbericht/4371350
,,,"Fri, 13/09/24",,,,,FC Eindhoven,FC Dordrecht,Jan Louwers Stadion,Attendance: 2.691,https://www.transfermarkt.co.uk/fc-eindhoven_fc-dordrecht/index/spielbericht/4371352
,,,"Fri, 13/09/24",,,,,AZ Alkmaar U21,Vitesse Arnhem,Sportpark De Kalverhoek (AFAS Trainingscomplex),Attendance: 852,https://www.transfermarkt.co.uk/az-alkmaar-u21_vitesse-arnhem/index/spielbericht/4371354
,,,"Fri, 13/09/24",,,,,TOP Oss,PSV Eindhoven U21,Frans Heesen Stadion,Attendance: 2.410,https://www.transfermarkt.co.uk/top-oss_psv-eindhoven-u21/index/spielbericht/4371357
,,,"Fri, 13/09/24",,,,,SC Cambuur Leeuwarden,Ajax Amsterdam U21,Kooi Stadion,Attendance: 13.250,https://www.transfermarkt.co.uk/sc-cambuur-leeuwarden_ajax-amsterdam-u21/index/spielbericht/4371356
,,,"Fri, 13/09/24",,,,,VVV-Venlo,FC Utrecht U21,Covebo Stadion - De Koel,Attendance: 4.949,https://www.transfermarkt.co.uk/vvv-venlo_fc-utrecht-u21/index/spielbericht/4371358
,,,"Fri, 20/09/24",,,,,ADO Den Haag,SC Telstar,WerkTalent Stadion,Attendance: 6.437,https://www.transfermarkt.co.uk/ado-den-haag_sc-telstar/index/spielbericht/4371329
,,,"Fri, 13/09/24",,,,,MVV Maastricht,FC Volendam,"Stadion ""De Geusselt""",Attendance: 5.244,https://www.transfermarkt.co.uk/mvv-maastricht_fc-volendam/index/spielbericht/4371355
,,,"Fri, 20/09/24",,,,,Helmond Sport,FC Volendam,GS Staalwerken Stadion,Attendance: 3.500,https://www.transfermarkt.co.uk/helmond-sport_fc-volendam/index/spielbericht/4371332
,,,"Fri, 20/09/24",,,,,FC Dordrecht,Excelsior Rotterdam,M-Scores Stadion,Attendance: 3.423,https://www.transfermarkt.co.uk/fc-dordrecht_excelsior-rotterdam/index/spielbericht/4371331
,,,"Sat, 21/09/24",,,,,Roda JC Kerkrade,MVV Maastricht,Parkstad Limburg Stadion,Attendance: 10.071,https://www.transfermarkt.co.uk/roda-jc-kerkrade_mvv-maastricht/index/spielbericht/4371334
,,,"Mon, 23/09/24",,,,,AZ Alkmaar U21,De Graafschap Doetinchem,Sportpark De Kalverhoek (AFAS Trainingscomplex),Attendance: 653,https://www.transfermarkt.co.uk/az-alkmaar-u21_de-graafschap-doetinchem/index/spielbericht/4371337
,,,"Sun, 22/09/24",,,,,TOP Oss,FC Eindhoven,Frans Heesen Stadion,Attendance: 1.151,https://www.transfermarkt.co.uk/top-oss_fc-eindhoven/index/spielbericht/4371336
,,,"Fri, 27/09/24",,,,,ADO Den Haag,FC Utrecht U21,WerkTalent Stadion,Attendance: 6.187,https://www.transfermarkt.co.uk/ado-den-haag_fc-utrecht-u21/index/spielbericht/4371369
,,,"Sat, 21/09/24",,,,,Vitesse Arnhem,Ajax Amsterdam U21,GelreDome,Attendance: 18.000,https://www.transfermarkt.co.uk/vitesse-arnhem_ajax-amsterdam-u21/index/spielbericht/4371335
,,,"Fri, 27/09/24",,,,,FC Eindhoven,Roda JC Kerkrade,Jan Louwers Stadion,Attendance: 2.800,https://www.transfermarkt.co.uk/fc-eindhoven_roda-jc-kerkrade/index/spielbericht/4371371
,,,"Fri, 27/09/24",,,,,FC Volendam,VVV-Venlo,Kras Stadion,Attendance: 5.629,https://www.transfermarkt.co.uk/fc-volendam_vvv-venlo/index/spielbericht/4371372
,,,"Mon, 23/09/24",,,,,FC Utrecht U21,SC Cambuur Leeuwarden,Stadion Galgenwaard,Attendance: 522,https://www.transfermarkt.co.uk/fc-utrecht-u21_sc-cambuur-leeuwarden/index/spielbericht/4371338
,,,"Fri, 16/08/24",,,,,FC Den Bosch,AZ Alkmaar U21,"Stadion ""De Vliert""",Attendance: 4.768,https://www.transfermarkt.co.uk/fc-den-bosch_az-alkmaar-u21/index/spielbericht/4371310
,,,"Fri, 27/09/24",,,,,Excelsior Rotterdam,AZ Alkmaar U21,"Stadion ""Woudestein""",Attendance: 2.760,https://www.transfermarkt.co.uk/excelsior-rotterdam_az-alkmaar-u21/index/spielbericht/4371370
,,,"Mon, 16/09/24",,,,,Excelsior Rotterdam,VVV-Venlo,"Stadion ""Woudestein""",Attendance: 2.744,https://www.transfermarkt.co.uk/excelsior-rotterdam_vvv-venlo/index/spielbericht/4371341
,,,"Sat, 28/09/24",,,,,SC Telstar,FC Den Bosch,BUKO Stadion,Attendance: 2.063,https://www.transfermarkt.co.uk/sc-telstar_fc-den-bosch/index/spielbericht/4371378
,,,"Mon, 30/09/24",,,,,Ajax Amsterdam U21,FC Dordrecht,"Sportpark ""De Toekomst""",Attendance: 606,https://www.transfermarkt.co.uk/ajax-amsterdam-u21_fc-dordrecht/index/spielbericht/4371376
,,,"Sun, 29/09/24",,,,,De Graafschap Doetinchem,Vitesse Arnhem,"Stadion ""De Vijverberg""",Attendance: 12.500,https://www.transfermarkt.co.uk/de-graafschap-doetinchem_vitesse-arnhem/index/spielbericht/4371374
,,,"Fri, 04/10/24",,,,,FC Den Bosch,De Graafschap Doetinchem,"Stadion ""De Vliert""",Attendance: 6.936,https://www.transfermarkt.co.uk/fc-den-bosch_de-graafschap-doetinchem/index/spielbericht/4371299
,,,"Mon, 30/09/24",,,,,PSV Eindhoven U21,Helmond Sport,"PSV Campus ""De Herdgang""",Attendance: 975,https://www.transfermarkt.co.uk/psv-eindhoven-u21_helmond-sport/index/spielbericht/4371377
,,,"Sun, 29/09/24",,,,,SC Cambuur Leeuwarden,FC Emmen,Kooi Stadion,Attendance: 13.554,https://www.transfermarkt.co.uk/sc-cambuur-leeuwarden_fc-emmen/index/spielbericht/4371375
,,,"Fri, 27/09/24",,,,,MVV Maastricht,TOP Oss,"Stadion ""De Geusselt""",Attendance: 4.711,https://www.transfermarkt.co.uk/mvv-maastricht_top-oss/index/spielbericht/4371373
,,,"Fri, 04/10/24",,,,,Roda JC Kerkrade,Excelsior Rotterdam,Parkstad Limburg Stadion,Attendance: 9.052,https://www.transfermarkt.co.uk/roda-jc-kerkrade_excelsior-rotterdam/index/spielbericht/4371305
,,,"Fri, 04/10/24",,,,,FC Emmen,MVV Maastricht,De Oude Meerdijk,Attendance: 7.446,https://www.transfermarkt.co.uk/fc-emmen_mvv-maastricht/index/spielbericht/4371301
,,,"Fri, 04/10/24",,,,,TOP Oss,ADO Den Haag,Frans Heesen Stadion,Attendance: 2.175,https://www.transfermarkt.co.uk/top-oss_ado-den-haag/index/spielbericht/4371306
,,,"Fri, 04/10/24",,,,,Vitesse Arnhem,FC Volendam,GelreDome,Attendance: 15.716,https://www.transfermarkt.co.uk/vitesse-arnhem_fc-volendam/index/spielbericht/4371307
,,,"Fri, 04/10/24",,,,,Helmond Sport,Ajax Amsterdam U21,GS Staalwerken Stadion,Attendance: 3.543,https://www.transfermarkt.co.uk/helmond-sport_ajax-amsterdam-u21/index/spielbericht/4371302
,,,"Fri, 04/10/24",,,,,AZ Alkmaar U21,FC Eindhoven,Sportpark De Kalverhoek (AFAS Trainingscomplex),Attendance: 425,https://www.transfermarkt.co.uk/az-alkmaar-u21_fc-eindhoven/index/spielbericht/4371303
,,,"Mon, 26/08/24",,,,,PSV Eindhoven U21,SC Telstar,"PSV Campus ""De Herdgang""",Attendance: 650,https://www.transfermarkt.co.uk/psv-eindhoven-u21_sc-telstar/index/spielbericht/4371328
,,,"Sat, 12/10/24",,,,,SC Telstar,De Graafschap Doetinchem,BUKO Stadion,Attendance: 2.363,https://www.transfermarkt.co.uk/sc-telstar_de-graafschap-doetinchem/index/spielbericht/4371419
,,,"Mon, 21/10/24",,,,,Ajax Amsterdam U21,ADO Den Haag,"Sportpark ""De Toekomst""",Attendance: 618,https://www.transfermarkt.co.uk/ajax-amsterdam-u21_ado-den-haag/index/spielbericht/4371425
,,,"Mon, 21/10/24",,,,,SC Cambuur Leeuwarden,FC Eindhoven,Kooi Stadion,Attendance: 12.114,https://www.transfermarkt.co.uk/sc-cambuur-leeuwarden_fc-eindhoven/index/spielbericht/4371428
,,,"Fri, 04/10/24",,,,,VVV-Venlo,SC Cambuur Leeuwarden,Covebo Stadion - De Koel,Attendance: 4.526,https://www.transfermarkt.co.uk/vvv-venlo_sc-cambuur-leeuwarden/index/spielbericht/4371308
,,,"Mon, 21/10/24",,,,,PSV Eindhoven U21,Excelsior Rotterdam,"PSV Campus ""De Herdgang""",Attendance: 1.141,https://www.transfermarkt.co.uk/psv-eindhoven-u21_excelsior-rotterdam/index/spielbericht/4371427
,,,"Sun, 13/10/24",,,,,MVV Maastricht,VVV-Venlo,"Stadion ""De Geusselt""",Attendance: 5.466,https://www.transfermarkt.co.uk/mvv-maastricht_vvv-venlo/index/spielbericht/4371420
,,,"Tue, 22/10/24",,,,,FC Volendam,FC Den Bosch,Kras Stadion,Attendance: 5.526,https://www.transfermarkt.co.uk/fc-volendam_fc-den-bosch/index/spielbericht/4371423
,,,"Tue, 22/10/24",,,,,FC Utrecht U21,AZ Alkmaar U21,"Sportpark ""Zoudenbalch""",Attendance: 236,https://www.transfermarkt.co.uk/fc-utrecht-u21_az-alkmaar-u21/index/spielbericht/4371426
,,,"Tue, 22/10/24",,,,,FC Dordrecht,Vitesse Arnhem,M-Scores Stadion,Attendance: 2.609,https://www.transfermarkt.co.uk/fc-dordrecht_vitesse-arnhem/index/spielbericht/4371421
,,,"Fri, 04/10/24",,,,,FC Utrecht U21,SC Telstar,"Sportpark ""Zoudenbalch""",Attendance: 418,https://www.transfermarkt.co.uk/fc-utrecht-u21_sc-telstar/index/spielbericht/4371304
,,,"Mon, 21/10/24",,,,,Helmond Sport,Roda JC Kerkrade,GS Staalwerken Stadion,Attendance: 2.850,https://www.transfermarkt.co.uk/helmond-sport_roda-jc-kerkrade/index/spielbericht/4371424
,,,"Tue, 22/10/24",,,,,FC Emmen,TOP Oss,De Oude Meerdijk,Attendance: 7.043,https://www.transfermarkt.co.uk/fc-emmen_top-oss/index/spielbericht/4371422
,,,"Fri, 18/10/24",,,,,Excelsior Rotterdam,MVV Maastricht,"Stadion ""Woudestein""",Attendance: 3.491,https://www.transfermarkt.co.uk/excelsior-rotterdam_mvv-maastricht/index/spielbericht/4371391
,,,"Fri, 18/10/24",,,,,ADO Den Haag,Roda JC Kerkrade,WerkTalent Stadion,Attendance: 7.165,https://www.transfermarkt.co.uk/ado-den-haag_roda-jc-kerkrade/index/spielbericht/4371389
,,,"Fri, 18/10/24",,,,,AZ Alkmaar U21,Helmond Sport,Sportpark De Kalverhoek (AFAS Trainingscomplex),Attendance: 450,https://www.transfermarkt.co.uk/az-alkmaar-u21_helmond-sport/index/spielbericht/4371395
,,,"Fri, 18/10/24",,,,,TOP Oss,SC Telstar,Frans Heesen Stadion,Attendance: 1.582,https://www.transfermarkt.co.uk/top-oss_sc-telstar/index/spielbericht/4371397
,,,"Fri, 18/10/24",,,,,De Graafschap Doetinchem,PSV Eindhoven U21,"Stadion ""De Vijverberg""",Attendance: 10.892,https://www.transfermarkt.co.uk/de-graafschap-doetinchem_psv-eindhoven-u21/index/spielbericht/4371390
,,,"Sat, 22/02/25",,,,,FC Metz,AC Ajaccio,Stade Saint-Symphorien,Attendance: 21.681,https://www.transfermarkt.co.uk/fc-metz_ac-ajaccio/index/spielbericht/4364556
,,,"Fri, 18/10/24",,,,,VVV-Venlo,FC Dordrecht,Covebo Stadion - De Koel,Attendance: 4.130,https://www.transfermarkt.co.uk/vvv-venlo_fc-dordrecht/index/spielbericht/4371398
,,,"Fri, 18/10/24",,,,,FC Den Bosch,Vitesse Arnhem,"Stadion ""De Vliert""",Attendance: 6.901,https://www.transfermarkt.co.uk/fc-den-bosch_vitesse-arnhem/index/spielbericht/4371392
,,,"Fri, 25/10/24",,,,,FC Dordrecht,FC Utrecht U21,M-Scores Stadion,Attendance: 2.220,https://www.transfermarkt.co.uk/fc-dordrecht_fc-utrecht-u21/index/spielbericht/4371380
,,,"Fri, 18/10/24",,,,,FC Eindhoven,FC Emmen,Jan Louwers Stadion,Attendance: 2.370,https://www.transfermarkt.co.uk/fc-eindhoven_fc-emmen/index/spielbericht/4371393
,,,"Fri, 18/10/24",,,,,Ajax Amsterdam U21,FC Utrecht U21,"Sportpark ""De Toekomst""",Attendance: 573,https://www.transfermarkt.co.uk/ajax-amsterdam-u21_fc-utrecht-u21/index/spielbericht/4371394
,,,"Fri, 25/10/24",,,,,FC Volendam,FC Eindhoven,Kras Stadion,Attendance: 6.100,https://www.transfermarkt.co.uk/fc-volendam_fc-eindhoven/index/spielbericht/4371382
,,,"Fri, 25/10/24",,,,,ADO Den Haag,De Graafschap Doetinchem,WerkTalent Stadion,Attendance: 7.675,https://www.transfermarkt.co.uk/ado-den-haag_de-graafschap-doetinchem/index/spielbericht/4371379
,,,"Fri, 25/10/24",,,,,Roda JC Kerkrade,Ajax Amsterdam U21,Parkstad Limburg Stadion,Attendance: 8.172,https://www.transfermarkt.co.uk/roda-jc-kerkrade_ajax-amsterdam-u21/index/spielbericht/4371383
,,,"Fri, 25/10/24",,,,,TOP Oss,AZ Alkmaar U21,Frans Heesen Stadion,Attendance: 2.257,https://www.transfermarkt.co.uk/top-oss_az-alkmaar-u21/index/spielbericht/4371384
,,,"Fri, 13/09/24",,,,,FC Emmen,Roda JC Kerkrade,De Oude Meerdijk,Attendance: 7.561,https://www.transfermarkt.co.uk/fc-emmen_roda-jc-kerkrade/index/spielbericht/4371353
,,,"Fri, 25/10/24",,,,,VVV-Venlo,FC Den Bosch,Covebo Stadion - De Koel,Attendance: 5.191,https://www.transfermarkt.co.uk/vvv-venlo_fc-den-bosch/index/spielbericht/4371386
,,,"Sat, 26/10/24",,,,,Excelsior Rotterdam,SC Cambuur Leeuwarden,"Stadion ""Woudestein""",Attendance: 4.500,https://www.transfermarkt.co.uk/excelsior-rotterdam_sc-cambuur-leeuwarden/index/spielbericht/4371387
,,,"Fri, 20/09/24",,,,,VVV-Venlo,PSV Eindhoven U21,Covebo Stadion - De Koel,Attendance: 4.509,https://www.transfermarkt.co.uk/vvv-venlo_psv-eindhoven-u21/index/spielbericht/4371333
,,,"Fri, 25/10/24",,,,,Vitesse Arnhem,PSV Eindhoven U21,GelreDome,Attendance: 16.023,https://www.transfermarkt.co.uk/vitesse-arnhem_psv-eindhoven-u21/index/spielbericht/4371385
,,,"Fri, 20/09/24",,,,,FC Den Bosch,FC Emmen,"Stadion ""De Vliert""",Attendance: 6.283,https://www.transfermarkt.co.uk/fc-den-bosch_fc-emmen/index/spielbericht/4371330
,,,"Fri, 01/11/24",,,,,De Graafschap Doetinchem,FC Dordrecht,"Stadion ""De Vijverberg""",Attendance: 11.563,https://www.transfermarkt.co.uk/de-graafschap-doetinchem_fc-dordrecht/index/spielbericht/4371409
,,,"Fri, 01/11/24",,,,,AZ Alkmaar U21,SC Cambuur Leeuwarden,Sportpark De Kalverhoek (AFAS Trainingscomplex),Attendance: 702,https://www.transfermarkt.co.uk/az-alkmaar-u21_sc-cambuur-leeuwarden/index/spielbericht/4371412
,,,"Fri, 01/11/24",,,,,Ajax Amsterdam U21,VVV-Venlo,"Sportpark ""De Toekomst""",Attendance: 932,https://www.transfermarkt.co.uk/ajax-amsterdam-u21_vvv-venlo/index/spielbericht/4371411
,,,"Fri, 04/10/24",,,,,FC Dordrecht,PSV Eindhoven U21,M-Scores Stadion,Attendance: 2.485,https://www.transfermarkt.co.uk/fc-dordrecht_psv-eindhoven-u21/index/spielbericht/4371300
,,,"Sun, 03/11/24",,,,,Helmond Sport,Excelsior Rotterdam,GS Staalwerken Stadion,Attendance: 3.034,https://www.transfermarkt.co.uk/helmond-sport_excelsior-rotterdam/index/spielbericht/4371416
,,,"Fri, 01/11/24",,,,,FC Eindhoven,ADO Den Haag,Jan Louwers Stadion,Attendance: 2.691,https://www.transfermarkt.co.uk/fc-eindhoven_ado-den-haag/index/spielbericht/4371410
,,,"Fri, 01/11/24",,,,,Vitesse Arnhem,TOP Oss,GelreDome,Attendance: 15.228,https://www.transfermarkt.co.uk/vitesse-arnhem_top-oss/index/spielbericht/4371414
,,,"Sun, 27/10/24",,,,,MVV Maastricht,Helmond Sport,"Stadion ""De Geusselt""",Attendance: 5.044,https://www.transfermarkt.co.uk/mvv-maastricht_helmond-sport/index/spielbericht/4371388
,,,"Sun, 27/10/24",,,,,FC Emmen,SC Telstar,De Oude Meerdijk,Attendance: 7.708,https://www.transfermarkt.co.uk/fc-emmen_sc-telstar/index/spielbericht/4371381
,,,"Sun, 03/11/24",,,,,SC Telstar,FC Volendam,BUKO Stadion,Attendance: 3.566,https://www.transfermarkt.co.uk/sc-telstar_fc-volendam/index/spielbericht/4371413
,,,"Mon, 04/11/24",,,,,FC Utrecht U21,MVV Maastricht,"Sportpark ""Zoudenbalch""",Attendance: 380,https://www.transfermarkt.co.uk/fc-utrecht-u21_mvv-maastricht/index/spielbericht/4371417
,,,"Sat, 02/11/24",,,,,FC Den Bosch,Roda JC Kerkrade,"Stadion ""De Vliert""",Attendance: 6.520,https://www.transfermarkt.co.uk/fc-den-bosch_roda-jc-kerkrade/index/spielbericht/4371415
,,,"Fri, 08/11/24",,,,,Excelsior Rotterdam,FC Eindhoven,"Stadion ""Woudestein""",Attendance: 3.350,https://www.transfermarkt.co.uk/excelsior-rotterdam_fc-eindhoven/index/spielbericht/4371360
,,,"Mon, 04/11/24",,,,,PSV Eindhoven U21,FC Emmen,"PSV Campus ""De Herdgang""",Attendance: 550,https://www.transfermarkt.co.uk/psv-eindhoven-u21_fc-emmen/index/spielbericht/4371418
,,,"Fri, 08/11/24",,,,,MVV Maastricht,De Graafschap Doetinchem,"Stadion ""De Geusselt""",Attendance: 5.124,https://www.transfermarkt.co.uk/mvv-maastricht_de-graafschap-doetinchem/index/spielbericht/4371363
,,,"Fri, 08/11/24",,,,,ADO Den Haag,Vitesse Arnhem,WerkTalent Stadion,Attendance: 8.230,https://www.transfermarkt.co.uk/ado-den-haag_vitesse-arnhem/index/spielbericht/4371359
,,,"Fri, 18/04/25",,,,,Amiens SC,EA Guingamp,Stade Crédit Agricole la Licorne,Attendance: 8.550,https://www.transfermarkt.co.uk/amiens-sc_ea-guingamp/index/spielbericht/4364663
,,,"Fri, 08/11/24",,,,,SC Cambuur Leeuwarden,PSV Eindhoven U21,Kooi Stadion,Attendance: 12.322,https://www.transfermarkt.co.uk/sc-cambuur-leeuwarden_psv-eindhoven-u21/index/spielbericht/4371364
,,,"Fri, 08/11/24",,,,,FC Volendam,FC Utrecht U21,Kras Stadion,Attendance: 5.508,https://www.transfermarkt.co.uk/fc-volendam_fc-utrecht-u21/index/spielbericht/4371362
,,,"Fri, 08/11/24",,,,,FC Emmen,Ajax Amsterdam U21,De Oude Meerdijk,Attendance: 7.826,https://www.transfermarkt.co.uk/fc-emmen_ajax-amsterdam-u21/index/spielbericht/4371361
,,,"Sun, 17/11/24",,,,,FC Eindhoven,MVV Maastricht,Jan Louwers Stadion,Attendance: 3.549,https://www.transfermarkt.co.uk/fc-eindhoven_mvv-maastricht/index/spielbericht/4371440
,,,"Fri, 15/11/24",,,,,SC Telstar,VVV-Venlo,BUKO Stadion,Attendance: 2.363,https://www.transfermarkt.co.uk/sc-telstar_vvv-venlo/index/spielbericht/4371439
,,,"Fri, 08/11/24",,,,,TOP Oss,FC Den Bosch,Frans Heesen Stadion,Attendance: 2.643,https://www.transfermarkt.co.uk/top-oss_fc-den-bosch/index/spielbericht/4371365
,,,"Mon, 25/11/24",,,,,FC Volendam,Ajax Amsterdam U21,Kras Stadion,Attendance: 5.784,https://www.transfermarkt.co.uk/fc-volendam_ajax-amsterdam-u21/index/spielbericht/4371443
,,,"Mon, 25/11/24",,,,,FC Emmen,De Graafschap Doetinchem,De Oude Meerdijk,Attendance: 7.203,https://www.transfermarkt.co.uk/fc-emmen_de-graafschap-doetinchem/index/spielbericht/4371442
,,,"Fri, 08/11/24",,,,,VVV-Venlo,AZ Alkmaar U21,Covebo Stadion - De Koel,Attendance: 5.067,https://www.transfermarkt.co.uk/vvv-venlo_az-alkmaar-u21/index/spielbericht/4371366
,,,"Tue, 26/11/24",,,,,Roda JC Kerkrade,Vitesse Arnhem,Parkstad Limburg Stadion,Attendance: 7.288,https://www.transfermarkt.co.uk/roda-jc-kerkrade_vitesse-arnhem/index/spielbericht/4371447
,,,"Tue, 26/11/24",,,,,SC Cambuur Leeuwarden,FC Den Bosch,Kooi Stadion,Attendance: 11.772,https://www.transfermarkt.co.uk/sc-cambuur-leeuwarden_fc-den-bosch/index/spielbericht/4371448
,,,"Tue, 26/11/24",,,,,FC Utrecht U21,Excelsior Rotterdam,"Sportpark ""Zoudenbalch""",Attendance: 495,https://www.transfermarkt.co.uk/fc-utrecht-u21_excelsior-rotterdam/index/spielbericht/4371445
,,,"Mon, 25/11/24",,,,,Helmond Sport,ADO Den Haag,GS Staalwerken Stadion,Attendance: 2.034,https://www.transfermarkt.co.uk/helmond-sport_ado-den-haag/index/spielbericht/4371444
,,,"Mon, 25/11/24",,,,,PSV Eindhoven U21,AZ Alkmaar U21,"PSV Campus ""De Herdgang""",Attendance: 386,https://www.transfermarkt.co.uk/psv-eindhoven-u21_az-alkmaar-u21/index/spielbericht/4371446
,,,"Fri, 22/11/24",,,,,FC Den Bosch,Excelsior Rotterdam,"Stadion ""De Vliert""",Attendance: 6.208,https://www.transfermarkt.co.uk/fc-den-bosch_excelsior-rotterdam/index/spielbericht/4371430
,,,"Fri, 22/11/24",,,,,AZ Alkmaar U21,ADO Den Haag,Sportpark De Kalverhoek (AFAS Trainingscomplex),Attendance: 603,https://www.transfermarkt.co.uk/az-alkmaar-u21_ado-den-haag/index/spielbericht/4371433
,,,"Fri, 22/11/24",,,,,Helmond Sport,FC Eindhoven,GS Staalwerken Stadion,Attendance: 4.200,https://www.transfermarkt.co.uk/helmond-sport_fc-eindhoven/index/spielbericht/4371431
,,,"Fri, 22/11/24",,,,,FC Utrecht U21,Roda JC Kerkrade,"Sportpark ""Zoudenbalch""",Attendance: 420,https://www.transfermarkt.co.uk/fc-utrecht-u21_roda-jc-kerkrade/index/spielbericht/4371434
,,,"Fri, 22/11/24",,,,,Ajax Amsterdam U21,SC Telstar,"Sportpark ""De Toekomst""",Attendance: 767,https://www.transfermarkt.co.uk/ajax-amsterdam-u21_sc-telstar/index/spielbericht/4371432
,,,"Fri, 22/11/24",,,,,VVV-Venlo,FC Emmen,Covebo Stadion - De Koel,Attendance: 5.286,https://www.transfermarkt.co.uk/vvv-venlo_fc-emmen/index/spielbericht/4371438
,,,"Fri, 22/11/24",,,,,PSV Eindhoven U21,FC Volendam,"PSV Campus ""De Herdgang""",Attendance: 1.000,https://www.transfermarkt.co.uk/psv-eindhoven-u21_fc-volendam/index/spielbericht/4371435
,,,"Fri, 22/11/24",,,,,Vitesse Arnhem,SC Cambuur Leeuwarden,GelreDome,Attendance: 15.669,https://www.transfermarkt.co.uk/vitesse-arnhem_sc-cambuur-leeuwarden/index/spielbericht/4371437
,,,"Fri, 29/11/24",,,,,FC Eindhoven,PSV Eindhoven U21,Jan Louwers Stadion,Attendance: 3.261,https://www.transfermarkt.co.uk/fc-eindhoven_psv-eindhoven-u21/index/spielbericht/4371522
,,,"Fri, 22/11/24",,,,,MVV Maastricht,FC Dordrecht,"Stadion ""De Geusselt""",Attendance: 4.429,https://www.transfermarkt.co.uk/mvv-maastricht_fc-dordrecht/index/spielbericht/4371436
,,,"Fri, 29/11/24",,,,,ADO Den Haag,FC Emmen,WerkTalent Stadion,Attendance: 7.378,https://www.transfermarkt.co.uk/ado-den-haag_fc-emmen/index/spielbericht/4371519
,,,"Fri, 29/11/24",,,,,SC Telstar,SC Cambuur Leeuwarden,BUKO Stadion,Attendance: 2.700,https://www.transfermarkt.co.uk/sc-telstar_sc-cambuur-leeuwarden/index/spielbericht/4371524
,,,"Sun, 01/12/24",,,,,FC Den Bosch,FC Dordrecht,"Stadion ""De Vliert""",Attendance: 5.773,https://www.transfermarkt.co.uk/fc-den-bosch_fc-dordrecht/index/spielbericht/4371527
,,,"Sat, 30/11/24",,,,,TOP Oss,FC Utrecht U21,Frans Heesen Stadion,Attendance: 1.708,https://www.transfermarkt.co.uk/top-oss_fc-utrecht-u21/index/spielbericht/4371526
,,,"Mon, 02/12/24",,,,,AZ Alkmaar U21,MVV Maastricht,Sportpark De Kalverhoek (AFAS Trainingscomplex),Attendance: 354,https://www.transfermarkt.co.uk/az-alkmaar-u21_mvv-maastricht/index/spielbericht/4371528
,,,"Sun, 01/12/24",,,,,De Graafschap Doetinchem,VVV-Venlo,"Stadion ""De Vijverberg""",Attendance: 11.137,https://www.transfermarkt.co.uk/de-graafschap-doetinchem_vvv-venlo/index/spielbericht/4371520
,,,"Fri, 06/12/24",,,,,FC Dordrecht,SC Telstar,M-Scores Stadion,Attendance: 2.326,https://www.transfermarkt.co.uk/fc-dordrecht_sc-telstar/index/spielbericht/4371449
,,,"Fri, 29/11/24",,,,,Vitesse Arnhem,Helmond Sport,GelreDome,Attendance: 14.512,https://www.transfermarkt.co.uk/vitesse-arnhem_helmond-sport/index/spielbericht/4371525
,,,"Fri, 06/12/24",,,,,MVV Maastricht,Vitesse Arnhem,"Stadion ""De Geusselt""",Attendance: 5.311,https://www.transfermarkt.co.uk/mvv-maastricht_vitesse-arnhem/index/spielbericht/4371452
,,,"Sat, 07/12/24",,,,,SC Cambuur Leeuwarden,ADO Den Haag,Kooi Stadion,Attendance: 12.384,https://www.transfermarkt.co.uk/sc-cambuur-leeuwarden_ado-den-haag/index/spielbericht/4371454
,,,"Sun, 08/12/24",,,,,FC Emmen,Excelsior Rotterdam,De Oude Meerdijk,Attendance: 7.954,https://www.transfermarkt.co.uk/fc-emmen_excelsior-rotterdam/index/spielbericht/4371455
,,,"Fri, 06/12/24",,,,,VVV-Venlo,TOP Oss,Covebo Stadion - De Koel,Attendance: 4.112,https://www.transfermarkt.co.uk/vvv-venlo_top-oss/index/spielbericht/4371453
,,,"Mon, 09/12/24",,,,,FC Utrecht U21,FC Eindhoven,"Sportpark ""Zoudenbalch""",Attendance: 281,https://www.transfermarkt.co.uk/fc-utrecht-u21_fc-eindhoven/index/spielbericht/4371457
,,,"Mon, 09/12/24",,,,,Ajax Amsterdam U21,De Graafschap Doetinchem,"Sportpark ""De Toekomst""",Attendance: 732,https://www.transfermarkt.co.uk/ajax-amsterdam-u21_de-graafschap-doetinchem/index/spielbericht/4371456
,,,"Fri, 13/12/24",,,,,ADO Den Haag,MVV Maastricht,WerkTalent Stadion,Attendance: 7.122,https://www.transfermarkt.co.uk/ado-den-haag_mvv-maastricht/index/spielbericht/4371489
,,,"Mon, 09/12/24",,,,,PSV Eindhoven U21,Roda JC Kerkrade,"PSV Campus ""De Herdgang""",Attendance: 885,https://www.transfermarkt.co.uk/psv-eindhoven-u21_roda-jc-kerkrade/index/spielbericht/4371458
,,,"Fri, 13/12/24",,,,,Excelsior Rotterdam,FC Volendam,"Stadion ""Woudestein""",Attendance: 3.414,https://www.transfermarkt.co.uk/excelsior-rotterdam_fc-volendam/index/spielbericht/4371491
,,,"Fri, 13/12/24",,,,,FC Den Bosch,PSV Eindhoven U21,"Stadion ""De Vliert""",Attendance: 5.770,https://www.transfermarkt.co.uk/fc-den-bosch_psv-eindhoven-u21/index/spielbericht/4371492
,,,"Fri, 13/12/24",,,,,De Graafschap Doetinchem,SC Cambuur Leeuwarden,"Stadion ""De Vijverberg""",Attendance: 10.865,https://www.transfermarkt.co.uk/de-graafschap-doetinchem_sc-cambuur-leeuwarden/index/spielbericht/4371490
,,,"Fri, 13/12/24",,,,,FC Eindhoven,VVV-Venlo,Jan Louwers Stadion,Attendance: 2.313,https://www.transfermarkt.co.uk/fc-eindhoven_vvv-venlo/index/spielbericht/4371493
,,,"Fri, 13/12/24",,,,,SC Telstar,Helmond Sport,BUKO Stadion,Attendance: 2.202,https://www.transfermarkt.co.uk/sc-telstar_helmond-sport/index/spielbericht/4371496
,,,"Fri, 13/12/24",,,,,AZ Alkmaar U21,FC Emmen,Sportpark De Kalverhoek (AFAS Trainingscomplex),Attendance: 300,https://www.transfermarkt.co.uk/az-alkmaar-u21_fc-emmen/index/spielbericht/4371494
,,,"Fri, 13/12/24",,,,,Roda JC Kerkrade,FC Dordrecht,Parkstad Limburg Stadion,Attendance: 7.119,https://www.transfermarkt.co.uk/roda-jc-kerkrade_fc-dordrecht/index/spielbericht/4371495
,,,"Fri, 20/12/24",,,,,FC Dordrecht,FC Eindhoven,M-Scores Stadion,Attendance: 2.753,https://www.transfermarkt.co.uk/fc-dordrecht_fc-eindhoven/index/spielbericht/4371469
,,,"Fri, 13/12/24",,,,,Vitesse Arnhem,FC Utrecht U21,GelreDome,Attendance: 15.065,https://www.transfermarkt.co.uk/vitesse-arnhem_fc-utrecht-u21/index/spielbericht/4371498
,,,"Fri, 20/12/24",,,,,FC Utrecht U21,Helmond Sport,"Sportpark ""Zoudenbalch""",Attendance: 341,https://www.transfermarkt.co.uk/fc-utrecht-u21_helmond-sport/index/spielbericht/4371477
,,,"Sun, 22/12/24",,,,,FC Volendam,De Graafschap Doetinchem,Kras Stadion,Attendance: 6.046,https://www.transfermarkt.co.uk/fc-volendam_de-graafschap-doetinchem/index/spielbericht/4371471
,,,"Sat, 21/12/24",,,,,VVV-Venlo,Excelsior Rotterdam,Covebo Stadion - De Koel,Attendance: 5.591,https://www.transfermarkt.co.uk/vvv-venlo_excelsior-rotterdam/index/spielbericht/4371474
,,,"Sun, 22/12/24",,,,,MVV Maastricht,SC Telstar,"Stadion ""De Geusselt""",Attendance: 4.355,https://www.transfermarkt.co.uk/mvv-maastricht_sc-telstar/index/spielbericht/4371472
,,,"Fri, 20/12/24",,,,,FC Emmen,FC Den Bosch,De Oude Meerdijk,Attendance: 7.707,https://www.transfermarkt.co.uk/fc-emmen_fc-den-bosch/index/spielbericht/4371470
,,,"Fri, 10/01/25",,,,,Excelsior Rotterdam,FC Dordrecht,"Stadion ""Woudestein""",Attendance: 3.747,https://www.transfermarkt.co.uk/excelsior-rotterdam_fc-dordrecht/index/spielbericht/4371460
,,,"Fri, 10/01/25",,,,,TOP Oss,MVV Maastricht,Frans Heesen Stadion,Attendance: 1.950,https://www.transfermarkt.co.uk/top-oss_mvv-maastricht/index/spielbericht/4371465
,,,"Sun, 12/01/25",,,,,SC Telstar,PSV Eindhoven U21,BUKO Stadion,Attendance: 1.978,https://www.transfermarkt.co.uk/sc-telstar_psv-eindhoven-u21/index/spielbericht/4371464
,,,"Sun, 12/01/25",,,,,Vitesse Arnhem,VVV-Venlo,GelreDome,Attendance: 15.480,https://www.transfermarkt.co.uk/vitesse-arnhem_vvv-venlo/index/spielbericht/4371467
,,,"Mon, 13/01/25",,,,,AZ Alkmaar U21,Ajax Amsterdam U21,Sportpark De Kalverhoek (AFAS Trainingscomplex),Attendance: 650,https://www.transfermarkt.co.uk/az-alkmaar-u21_ajax-amsterdam-u21/index/spielbericht/4371468
,,,"Fri, 10/01/25",,,,,FC Eindhoven,FC Volendam,Jan Louwers Stadion,Attendance: 2.218,https://www.transfermarkt.co.uk/fc-eindhoven_fc-volendam/index/spielbericht/4371466
,,,"Mon, 27/01/25",,,,,FC Den Bosch,FC Utrecht U21,"Stadion ""De Vliert""",Attendance: 3.773,https://www.transfermarkt.co.uk/fc-den-bosch_fc-utrecht-u21/index/spielbericht/4371461
,,,"Mon, 20/01/25",,,,,Roda JC Kerkrade,SC Cambuur Leeuwarden,Parkstad Limburg Stadion,Attendance: 6.238,https://www.transfermarkt.co.uk/roda-jc-kerkrade_sc-cambuur-leeuwarden/index/spielbericht/4371463
,,,"Mon, 03/02/25",,,,,De Graafschap Doetinchem,ADO Den Haag,"Stadion ""De Vijverberg""",Attendance: 7.512,https://www.transfermarkt.co.uk/de-graafschap-doetinchem_ado-den-haag/index/spielbericht/4371459
,,,"Mon, 24/02/25",,,,,Helmond Sport,FC Emmen,GS Staalwerken Stadion,Attendance: 3.277,https://www.transfermarkt.co.uk/helmond-sport_fc-emmen/index/spielbericht/4371462
,,,"Fri, 17/01/25",,,,,ADO Den Haag,Helmond Sport,WerkTalent Stadion,Attendance: 7.245,https://www.transfermarkt.co.uk/ado-den-haag_helmond-sport/index/spielbericht/4371529
,,,"Fri, 17/01/25",,,,,FC Dordrecht,AZ Alkmaar U21,M-Scores Stadion,Attendance: 2.203,https://www.transfermarkt.co.uk/fc-dordrecht_az-alkmaar-u21/index/spielbericht/4371530
,,,"Fri, 17/01/25",,,,,SC Cambuur Leeuwarden,Excelsior Rotterdam,Kooi Stadion,Attendance: 12.117,https://www.transfermarkt.co.uk/sc-cambuur-leeuwarden_excelsior-rotterdam/index/spielbericht/4371532
,,,"Fri, 17/01/25",,,,,TOP Oss,Roda JC Kerkrade,Frans Heesen Stadion,Attendance: 2.038,https://www.transfermarkt.co.uk/top-oss_roda-jc-kerkrade/index/spielbericht/4371533
,,,"Fri, 17/01/25",,,,,FC Volendam,Vitesse Arnhem,Kras Stadion,Attendance: 6.455,https://www.transfermarkt.co.uk/fc-volendam_vitesse-arnhem/index/spielbericht/4371531
,,,"Sun, 19/01/25",,,,,FC Emmen,FC Eindhoven,De Oude Meerdijk,Attendance: 7.203,https://www.transfermarkt.co.uk/fc-emmen_fc-eindhoven/index/spielbericht/4371536
,,,"Sat, 18/01/25",,,,,MVV Maastricht,FC Den Bosch,"Stadion ""De Geusselt""",Attendance: 4.803,https://www.transfermarkt.co.uk/mvv-maastricht_fc-den-bosch/index/spielbericht/4371535
,,,"Mon, 20/01/25",,,,,Ajax Amsterdam U21,PSV Eindhoven U21,"Sportpark ""De Toekomst""",Attendance: 589,https://www.transfermarkt.co.uk/ajax-amsterdam-u21_psv-eindhoven-u21/index/spielbericht/4371537
,,,"Mon, 20/01/25",,,,,FC Utrecht U21,De Graafschap Doetinchem,"Sportpark ""Zoudenbalch""",Attendance: 311,https://www.transfermarkt.co.uk/fc-utrecht-u21_de-graafschap-doetinchem/index/spielbericht/4371538
,,,"Fri, 24/01/25",,,,,De Graafschap Doetinchem,FC Emmen,"Stadion ""De Vijverberg""",Attendance: 10.500,https://www.transfermarkt.co.uk/de-graafschap-doetinchem_fc-emmen/index/spielbericht/4371589
,,,"Fri, 24/01/25",,,,,FC Den Bosch,TOP Oss,"Stadion ""De Vliert""",Attendance: 5.617,https://www.transfermarkt.co.uk/fc-den-bosch_top-oss/index/spielbericht/4371590
,,,"Fri, 24/01/25",,,,,FC Volendam,MVV Maastricht,Kras Stadion,Attendance: 5.837,https://www.transfermarkt.co.uk/fc-volendam_mvv-maastricht/index/spielbericht/4371592
,,,"Fri, 24/01/25",,,,,FC Eindhoven,SC Cambuur Leeuwarden,Jan Louwers Stadion,Attendance: 2.489,https://www.transfermarkt.co.uk/fc-eindhoven_sc-cambuur-leeuwarden/index/spielbericht/4371591
,,,"Fri, 24/01/25",,,,,Roda JC Kerkrade,FC Utrecht U21,Parkstad Limburg Stadion,Attendance: 6.371,https://www.transfermarkt.co.uk/roda-jc-kerkrade_fc-utrecht-u21/index/spielbericht/4371593
,,,"Sat, 09/11/24",,,,,Roda JC Kerkrade,SC Telstar,Parkstad Limburg Stadion,Attendance: 7.135,https://www.transfermarkt.co.uk/roda-jc-kerkrade_sc-telstar/index/spielbericht/4371367
,,,"Fri, 24/01/25",,,,,Vitesse Arnhem,FC Dordrecht,GelreDome,Attendance: 14.890,https://www.transfermarkt.co.uk/vitesse-arnhem_fc-dordrecht/index/spielbericht/4371594
,,,"Sat, 25/01/25",,,,,SC Telstar,Ajax Amsterdam U21,BUKO Stadion,Attendance: 3.102,https://www.transfermarkt.co.uk/sc-telstar_ajax-amsterdam-u21/index/spielbericht/4371595
,,,"Sun, 26/01/25",,,,,Helmond Sport,AZ Alkmaar U21,GS Staalwerken Stadion,Attendance: 1.652,https://www.transfermarkt.co.uk/helmond-sport_az-alkmaar-u21/index/spielbericht/4371597
,,,"Sun, 26/01/25",,,,,Excelsior Rotterdam,ADO Den Haag,"Stadion ""Woudestein""",Attendance: 3.268,https://www.transfermarkt.co.uk/excelsior-rotterdam_ado-den-haag/index/spielbericht/4371596
,,,"Fri, 31/01/25",,,,,ADO Den Haag,FC Eindhoven,WerkTalent Stadion,Attendance: 14.015,https://www.transfermarkt.co.uk/ado-den-haag_fc-eindhoven/index/spielbericht/4371499
,,,"Fri, 31/01/25",,,,,FC Den Bosch,FC Volendam,"Stadion ""De Vliert""",Attendance: 5.803,https://www.transfermarkt.co.uk/fc-den-bosch_fc-volendam/index/spielbericht/4371500
,,,"Fri, 02/08/24",,,,,Górnik Zabrze,Pogon Szczecin,Arena Zabrze,Attendance: 18.700,https://www.transfermarkt.co.uk/gornik-zabrze_pogon-szczecin/index/spielbericht/4355910
,,,"Fri, 31/01/25",,,,,FC Dordrecht,De Graafschap Doetinchem,M-Scores Stadion,Attendance: 2.907,https://www.transfermarkt.co.uk/fc-dordrecht_de-graafschap-doetinchem/index/spielbericht/4371501
,,,"Fri, 18/10/24",,,,,SC Cambuur Leeuwarden,FC Volendam,Kooi Stadion,Attendance: 13.472,https://www.transfermarkt.co.uk/sc-cambuur-leeuwarden_fc-volendam/index/spielbericht/4371396
,,,"Sat, 01/02/25",,,,,Excelsior Rotterdam,Vitesse Arnhem,"Stadion ""Woudestein""",Attendance: 3.766,https://www.transfermarkt.co.uk/excelsior-rotterdam_vitesse-arnhem/index/spielbericht/4371504
,,,"Fri, 31/01/25",,,,,SC Cambuur Leeuwarden,SC Telstar,Kooi Stadion,Attendance: 12.233,https://www.transfermarkt.co.uk/sc-cambuur-leeuwarden_sc-telstar/index/spielbericht/4371503
,,,"Fri, 31/01/25",,,,,FC Emmen,PSV Eindhoven U21,De Oude Meerdijk,Attendance: 7.621,https://www.transfermarkt.co.uk/fc-emmen_psv-eindhoven-u21/index/spielbericht/4371502
,,,"Sat, 01/02/25",,,,,MVV Maastricht,Roda JC Kerkrade,"Stadion ""De Geusselt""",Attendance: 6.461,https://www.transfermarkt.co.uk/mvv-maastricht_roda-jc-kerkrade/index/spielbericht/4371505
,,,"Sun, 02/02/25",,,,,TOP Oss,Helmond Sport,Frans Heesen Stadion,Attendance: 3.169,https://www.transfermarkt.co.uk/top-oss_helmond-sport/index/spielbericht/4371506
,,,"Sun, 10/11/24",,,,,FC Dordrecht,Helmond Sport,M-Scores Stadion,Attendance: 2.628,https://www.transfermarkt.co.uk/fc-dordrecht_helmond-sport/index/spielbericht/4371368
,,,"Mon, 03/02/25",,,,,AZ Alkmaar U21,VVV-Venlo,Sportpark De Kalverhoek (AFAS Trainingscomplex),Attendance: 411,https://www.transfermarkt.co.uk/az-alkmaar-u21_vvv-venlo/index/spielbericht/4371507
,,,"Fri, 07/02/25",,,,,FC Eindhoven,TOP Oss,Jan Louwers Stadion,Attendance: 2.311,https://www.transfermarkt.co.uk/fc-eindhoven_top-oss/index/spielbericht/4371480
,,,"Fri, 07/02/25",,,,,Roda JC Kerkrade,AZ Alkmaar U21,Parkstad Limburg Stadion,Attendance: 6.541,https://www.transfermarkt.co.uk/roda-jc-kerkrade_az-alkmaar-u21/index/spielbericht/4371482
,,,"Sat, 08/02/25",,,,,Helmond Sport,FC Dordrecht,GS Staalwerken Stadion,Attendance: 1.700,https://www.transfermarkt.co.uk/helmond-sport_fc-dordrecht/index/spielbericht/4371483
,,,"Fri, 07/02/25",,,,,FC Volendam,ADO Den Haag,Kras Stadion,Attendance: 6.623,https://www.transfermarkt.co.uk/fc-volendam_ado-den-haag/index/spielbericht/4371481
,,,"Fri, 28/02/25",,,,,FC Utrecht U21,Ajax Amsterdam U21,"Sportpark ""Zoudenbalch""",Attendance: 334,https://www.transfermarkt.co.uk/fc-utrecht-u21_ajax-amsterdam-u21/index/spielbericht/4371508
,,,"Mon, 25/11/24",,,,,FC Dordrecht,TOP Oss,M-Scores Stadion,Attendance: 1.823,https://www.transfermarkt.co.uk/fc-dordrecht_top-oss/index/spielbericht/4371441
,,,"Sun, 09/02/25",,,,,VVV-Venlo,MVV Maastricht,Covebo Stadion - De Koel,Attendance: 5.278,https://www.transfermarkt.co.uk/vvv-venlo_mvv-maastricht/index/spielbericht/4371484
,,,"Sat, 31/08/24",,,,,Zaglebie Lubin,GKS Katowice,KGHM Zagłębie Arena,Attendance: 5.753,https://www.transfermarkt.co.uk/zaglebie-lubin_gks-katowice/index/spielbericht/4360359
,,,"Mon, 10/02/25",,,,,Ajax Amsterdam U21,Excelsior Rotterdam,"Sportpark ""De Toekomst""",Attendance: 616,https://www.transfermarkt.co.uk/ajax-amsterdam-u21_excelsior-rotterdam/index/spielbericht/4371486
,,,"Mon, 10/02/25",,,,,Vitesse Arnhem,FC Emmen,GelreDome,Attendance: 14.293,https://www.transfermarkt.co.uk/vitesse-arnhem_fc-emmen/index/spielbericht/4371488
,,,"Mon, 10/02/25",,,,,PSV Eindhoven U21,SC Cambuur Leeuwarden,"PSV Campus ""De Herdgang""",Attendance: 403,https://www.transfermarkt.co.uk/psv-eindhoven-u21_sc-cambuur-leeuwarden/index/spielbericht/4371487
,,,"Sun, 09/02/25",,,,,SC Telstar,FC Utrecht U21,BUKO Stadion,Attendance: 1.816,https://www.transfermarkt.co.uk/sc-telstar_fc-utrecht-u21/index/spielbericht/4371485
,,,"Sun, 30/03/25",,,,,GKS Katowice,Górnik Zabrze,Arena Katowice,Attendance: 15.048,https://www.transfermarkt.co.uk/gks-katowice_gornik-zabrze/index/spielbericht/4365311
,,,"Fri, 14/02/25",,,,,SC Cambuur Leeuwarden,TOP Oss,Kooi Stadion,Attendance: 11.483,https://www.transfermarkt.co.uk/sc-cambuur-leeuwarden_top-oss/index/spielbericht/4371553
,,,"Fri, 14/02/25",,,,,FC Dordrecht,Roda JC Kerkrade,M-Scores Stadion,Attendance: 2.388,https://www.transfermarkt.co.uk/fc-dordrecht_roda-jc-kerkrade/index/spielbericht/4371556
,,,"Fri, 14/02/25",,,,,FC Den Bosch,SC Telstar,"Stadion ""De Vliert""",Attendance: 5.211,https://www.transfermarkt.co.uk/fc-den-bosch_sc-telstar/index/spielbericht/4371551
,,,"Fri, 14/02/25",,,,,ADO Den Haag,Ajax Amsterdam U21,WerkTalent Stadion,Attendance: 8.235,https://www.transfermarkt.co.uk/ado-den-haag_ajax-amsterdam-u21/index/spielbericht/4371549
,,,"Sat, 15/02/25",,,,,FC Emmen,FC Volendam,De Oude Meerdijk,Attendance: 7.792,https://www.transfermarkt.co.uk/fc-emmen_fc-volendam/index/spielbericht/4371554
,,,"Sun, 16/02/25",,,,,Excelsior Rotterdam,Helmond Sport,"Stadion ""Woudestein""",Attendance: 2.749,https://www.transfermarkt.co.uk/excelsior-rotterdam_helmond-sport/index/spielbericht/4371550
,,,"Tue, 01/04/25",,,,,FC Utrecht U21,VVV-Venlo,"Sportpark ""Zoudenbalch""",Attendance: 334,https://www.transfermarkt.co.uk/fc-utrecht-u21_vvv-venlo/index/spielbericht/4371558
,,,"Sun, 16/02/25",,,,,Vitesse Arnhem,De Graafschap Doetinchem,GelreDome,Attendance: 17.422,https://www.transfermarkt.co.uk/vitesse-arnhem_de-graafschap-doetinchem/index/spielbericht/4371555
,,,"Mon, 07/04/25",,,,,AZ Alkmaar U21,PSV Eindhoven U21,Sportpark De Kalverhoek (AFAS Trainingscomplex),Attendance: 527,https://www.transfermarkt.co.uk/az-alkmaar-u21_psv-eindhoven-u21/index/spielbericht/4371557
,,,"Fri, 21/02/25",,,,,Roda JC Kerkrade,FC Den Bosch,Parkstad Limburg Stadion,Attendance: 8.121,https://www.transfermarkt.co.uk/roda-jc-kerkrade_fc-den-bosch/index/spielbericht/4371512
,,,"Fri, 21/02/25",,,,,Helmond Sport,Vitesse Arnhem,GS Staalwerken Stadion,Attendance: 4.200,https://www.transfermarkt.co.uk/helmond-sport_vitesse-arnhem/index/spielbericht/4371511
,,,"Sun, 08/12/24",,,,,Puszcza Niepolomice,Jagiellonia Bialystok,Stadion Cracovii im. Józefa Piłsudskiego,Attendance: 2.124,https://www.transfermarkt.co.uk/puszcza-niepolomice_jagiellonia-bialystok/index/spielbericht/4361238
,,,"Fri, 21/02/25",,,,,De Graafschap Doetinchem,AZ Alkmaar U21,"Stadion ""De Vijverberg""",Attendance: 10.540,https://www.transfermarkt.co.uk/de-graafschap-doetinchem_az-alkmaar-u21/index/spielbericht/4371509
,,,"Sun, 23/02/25",,,,,FC Eindhoven,FC Utrecht U21,Jan Louwers Stadion,Attendance: 2.288,https://www.transfermarkt.co.uk/fc-eindhoven_fc-utrecht-u21/index/spielbericht/4371510
,,,"Fri, 21/02/25",,,,,TOP Oss,FC Emmen,Frans Heesen Stadion,Attendance: 2.050,https://www.transfermarkt.co.uk/top-oss_fc-emmen/index/spielbericht/4371514
,,,"Sat, 22/02/25",,,,,VVV-Venlo,FC Volendam,Covebo Stadion - De Koel,Attendance: 5.312,https://www.transfermarkt.co.uk/vvv-venlo_fc-volendam/index/spielbericht/4371515
,,,"Sat, 03/08/24",,,,,Lech Poznan,Lechia Gdansk,Enea Poznań,Attendance: 20.383,https://www.transfermarkt.co.uk/lech-poznan_lechia-gdansk/index/spielbericht/4355913
,,,"Fri, 21/02/25",,,,,SC Telstar,Excelsior Rotterdam,BUKO Stadion,Attendance: 2.683,https://www.transfermarkt.co.uk/sc-telstar_excelsior-rotterdam/index/spielbericht/4371513
,,,"Mon, 24/02/25",,,,,Ajax Amsterdam U21,SC Cambuur Leeuwarden,"Sportpark ""De Toekomst""",Attendance: 623,https://www.transfermarkt.co.uk/ajax-amsterdam-u21_sc-cambuur-leeuwarden/index/spielbericht/4371517
,,,"Fri, 28/02/25",,,,,SC Cambuur Leeuwarden,VVV-Venlo,Kooi Stadion,Attendance: 11.733,https://www.transfermarkt.co.uk/sc-cambuur-leeuwarden_vvv-venlo/index/spielbericht/4371563
,,,"Fri, 22/11/24",,,,,De Graafschap Doetinchem,TOP Oss,"Stadion ""De Vijverberg""",Attendance: 10.248,https://www.transfermarkt.co.uk/de-graafschap-doetinchem_top-oss/index/spielbericht/4371429
,,,"Fri, 28/02/25",,,,,FC Volendam,Helmond Sport,Kras Stadion,Attendance: 5.992,https://www.transfermarkt.co.uk/fc-volendam_helmond-sport/index/spielbericht/4371560
,,,"Sun, 02/03/25",,,,,ADO Den Haag,FC Den Bosch,WerkTalent Stadion,Attendance: 10.398,https://www.transfermarkt.co.uk/ado-den-haag_fc-den-bosch/index/spielbericht/4371564
,,,"Sun, 04/05/25",,,,,Piast Gliwice,Radomiak Radom,Stadion Miejski w Gliwicach,Attendance: 4.045,https://www.transfermarkt.co.uk/piast-gliwice_radomiak-radom/index/spielbericht/4365361
,,,"Sat, 01/03/25",,,,,Vitesse Arnhem,MVV Maastricht,GelreDome,Attendance: 16.778,https://www.transfermarkt.co.uk/vitesse-arnhem_mvv-maastricht/index/spielbericht/4371562
,,,"Sun, 02/03/25",,,,,Excelsior Rotterdam,Roda JC Kerkrade,"Stadion ""Woudestein""",Attendance: 2.873,https://www.transfermarkt.co.uk/excelsior-rotterdam_roda-jc-kerkrade/index/spielbericht/4371565
,,,"Fri, 28/02/25",,,,,FC Dordrecht,FC Emmen,M-Scores Stadion,Attendance: 3.323,https://www.transfermarkt.co.uk/fc-dordrecht_fc-emmen/index/spielbericht/4371559
,,,"Mon, 03/03/25",,,,,Ajax Amsterdam U21,FC Eindhoven,"Sportpark ""De Toekomst""",Attendance: 560,https://www.transfermarkt.co.uk/ajax-amsterdam-u21_fc-eindhoven/index/spielbericht/4371566
,,,"Mon, 03/03/25",,,,,FC Utrecht U21,TOP Oss,"Sportpark ""Zoudenbalch""",Attendance: 240,https://www.transfermarkt.co.uk/fc-utrecht-u21_top-oss/index/spielbericht/4371568
,,,"Mon, 03/03/25",,,,,AZ Alkmaar U21,SC Telstar,Sportpark De Kalverhoek (AFAS Trainingscomplex),Attendance: 650,https://www.transfermarkt.co.uk/az-alkmaar-u21_sc-telstar/index/spielbericht/4371567
,,,"Fri, 13/12/24",,,,,TOP Oss,Ajax Amsterdam U21,Frans Heesen Stadion,Attendance: 2.188,https://www.transfermarkt.co.uk/top-oss_ajax-amsterdam-u21/index/spielbericht/4371497
,,,"Fri, 20/12/24",,,,,SC Cambuur Leeuwarden,AZ Alkmaar U21,Kooi Stadion,Attendance: 11.256,https://www.transfermarkt.co.uk/sc-cambuur-leeuwarden_az-alkmaar-u21/index/spielbericht/4371473
,,,"Fri, 07/03/25",,,,,AZ Alkmaar U21,FC Utrecht U21,Sportpark De Kalverhoek (AFAS Trainingscomplex),Attendance: 450,https://www.transfermarkt.co.uk/az-alkmaar-u21_fc-utrecht-u21/index/spielbericht/4371544
,,,"Fri, 07/03/25",,,,,FC Emmen,ADO Den Haag,De Oude Meerdijk,Attendance: 7.855,https://www.transfermarkt.co.uk/fc-emmen_ado-den-haag/index/spielbericht/4371542
,,,"Fri, 07/03/25",,,,,FC Den Bosch,SC Cambuur Leeuwarden,"Stadion ""De Vliert""",Attendance: 5.408,https://www.transfermarkt.co.uk/fc-den-bosch_sc-cambuur-leeuwarden/index/spielbericht/4371540
,,,"Fri, 29/11/24",,,,,Excelsior Rotterdam,Ajax Amsterdam U21,"Stadion ""Woudestein""",Attendance: 4.157,https://www.transfermarkt.co.uk/excelsior-rotterdam_ajax-amsterdam-u21/index/spielbericht/4371521
,,,"Mon, 23/12/24",,,,,Ajax Amsterdam U21,Roda JC Kerkrade,"Sportpark ""De Toekomst""",Attendance: 1.135,https://www.transfermarkt.co.uk/ajax-amsterdam-u21_roda-jc-kerkrade/index/spielbericht/4371476
,,,"Fri, 07/03/25",,,,,VVV-Venlo,Ajax Amsterdam U21,Covebo Stadion - De Koel,Attendance: 6.107,https://www.transfermarkt.co.uk/vvv-venlo_ajax-amsterdam-u21/index/spielbericht/4371548
,,,"Sun, 16/03/25",,,,,Zaglebie Lubin,Korona Kielce,KGHM Zagłębie Arena,Attendance: 3.464,https://www.transfermarkt.co.uk/zaglebie-lubin_korona-kielce/index/spielbericht/4361335
,,,"Sat, 02/11/24",,,,,Puszcza Niepolomice,Lech Poznan,Stadion Cracovii im. Józefa Piłsudskiego,Attendance: 2.266,https://www.transfermarkt.co.uk/puszcza-niepolomice_lech-poznan/index/spielbericht/4360890
,,,"Fri, 07/03/25",,,,,Helmond Sport,MVV Maastricht,GS Staalwerken Stadion,Attendance: 3.000,https://www.transfermarkt.co.uk/helmond-sport_mvv-maastricht/index/spielbericht/4371543
,,,"Fri, 07/03/25",,,,,FC Eindhoven,Vitesse Arnhem,Jan Louwers Stadion,Attendance: 2.649,https://www.transfermarkt.co.uk/fc-eindhoven_vitesse-arnhem/index/spielbericht/4371541
,,,"Fri, 07/03/25",,,,,SC Telstar,FC Dordrecht,BUKO Stadion,Attendance: 2.362,https://www.transfermarkt.co.uk/sc-telstar_fc-dordrecht/index/spielbericht/4371546
,,,"Sat, 30/11/24",,,,,GKS Katowice,Lechia Gdansk,Stadion GKS Katowice,Attendance: 6.699,https://www.transfermarkt.co.uk/gks-katowice_lechia-gdansk/index/spielbericht/4361226
,,,"Sat, 05/10/24",,,,,Lech Poznan,Motor Lublin,Enea Poznań,Attendance: 24.368,https://www.transfermarkt.co.uk/lech-poznan_motor-lublin/index/spielbericht/4360794
,,,"Fri, 07/03/25",,,,,De Graafschap Doetinchem,Excelsior Rotterdam,"Stadion ""De Vijverberg""",Attendance: 11.353,https://www.transfermarkt.co.uk/de-graafschap-doetinchem_excelsior-rotterdam/index/spielbericht/4371539
,,,"Fri, 07/03/25",,,,,TOP Oss,FC Volendam,Frans Heesen Stadion,Attendance: 1.800,https://www.transfermarkt.co.uk/top-oss_fc-volendam/index/spielbericht/4371547
,,,"Fri, 14/03/25",,,,,FC Dordrecht,VVV-Venlo,M-Scores Stadion,Attendance: 3.420,https://www.transfermarkt.co.uk/fc-dordrecht_vvv-venlo/index/spielbericht/4371579
,,,"Fri, 14/03/25",,,,,SC Telstar,Roda JC Kerkrade,BUKO Stadion,Attendance: 2.500,https://www.transfermarkt.co.uk/sc-telstar_roda-jc-kerkrade/index/spielbericht/4371584
,,,"Fri, 14/03/25",,,,,Helmond Sport,PSV Eindhoven U21,GS Staalwerken Stadion,Attendance: 2.600,https://www.transfermarkt.co.uk/helmond-sport_psv-eindhoven-u21/index/spielbericht/4371582
,,,"Sat, 15/03/25",,,,,FC Volendam,SC Cambuur Leeuwarden,Kras Stadion,Attendance: 6.794,https://www.transfermarkt.co.uk/fc-volendam_sc-cambuur-leeuwarden/index/spielbericht/4371587
,,,"Sun, 16/03/25",,,,,FC Den Bosch,Ajax Amsterdam U21,"Stadion ""De Vliert""",Attendance: 5.660,https://www.transfermarkt.co.uk/fc-den-bosch_ajax-amsterdam-u21/index/spielbericht/4371588
,,,"Fri, 29/11/24",,,,,Roda JC Kerkrade,FC Volendam,Parkstad Limburg Stadion,Attendance: 8.041,https://www.transfermarkt.co.uk/roda-jc-kerkrade_fc-volendam/index/spielbericht/4371523
,,,"Mon, 10/03/25",,,,,FC Utrecht U21,Vitesse Arnhem,"Sportpark ""Zoudenbalch""",Attendance: 711,https://www.transfermarkt.co.uk/fc-utrecht-u21_vitesse-arnhem/index/spielbericht/4371573
,,,"Sun, 16/03/25",,,,,TOP Oss,De Graafschap Doetinchem,Frans Heesen Stadion,Attendance: 2.098,https://www.transfermarkt.co.uk/top-oss_de-graafschap-doetinchem/index/spielbericht/4371585
,,,"Tue, 11/03/25",,,,,FC Volendam,SC Telstar,Kras Stadion,Attendance: 5.919,https://www.transfermarkt.co.uk/fc-volendam_sc-telstar/index/spielbericht/4371571
,,,"Fri, 14/03/25",,,,,Vitesse Arnhem,ADO Den Haag,GelreDome,Attendance: 16.225,https://www.transfermarkt.co.uk/vitesse-arnhem_ado-den-haag/index/spielbericht/4371586
,,,"Mon, 10/03/25",,,,,SC Cambuur Leeuwarden,FC Dordrecht,Kooi Stadion,Attendance: 12.315,https://www.transfermarkt.co.uk/sc-cambuur-leeuwarden_fc-dordrecht/index/spielbericht/4371576
,,,"Tue, 11/03/25",,,,,ADO Den Haag,AZ Alkmaar U21,WerkTalent Stadion,Attendance: 6.980,https://www.transfermarkt.co.uk/ado-den-haag_az-alkmaar-u21/index/spielbericht/4371569
,,,"Mon, 10/03/25",,,,,PSV Eindhoven U21,TOP Oss,"PSV Campus ""De Herdgang""",Attendance: 324,https://www.transfermarkt.co.uk/psv-eindhoven-u21_top-oss/index/spielbericht/4371574
,,,"Fri, 14/02/25",,,,,MVV Maastricht,FC Eindhoven,"Stadion ""De Geusselt""",Attendance: 4.810,https://www.transfermarkt.co.uk/mvv-maastricht_fc-eindhoven/index/spielbericht/4371552
,,,"Tue, 11/03/25",,,,,Ajax Amsterdam U21,FC Emmen,"Sportpark ""De Toekomst""",Attendance: 678,https://www.transfermarkt.co.uk/ajax-amsterdam-u21_fc-emmen/index/spielbericht/4371572
,,,"Fri, 06/12/24",,,,,FC Volendam,AZ Alkmaar U21,Kras Stadion,Attendance: 5.676,https://www.transfermarkt.co.uk/fc-volendam_az-alkmaar-u21/index/spielbericht/4371450
,,,"Fri, 28/03/25",,,,,MVV Maastricht,FC Emmen,"Stadion ""De Geusselt""",Attendance: 3.500,https://www.transfermarkt.co.uk/mvv-maastricht_fc-emmen/index/spielbericht/4371621
,,,"Fri, 28/03/25",,,,,FC Eindhoven,Helmond Sport,Jan Louwers Stadion,Attendance: 2.771,https://www.transfermarkt.co.uk/fc-eindhoven_helmond-sport/index/spielbericht/4371620
,,,"Fri, 28/02/25",,,,,PSV Eindhoven U21,De Graafschap Doetinchem,"PSV Campus ""De Herdgang""",Attendance: 392,https://www.transfermarkt.co.uk/psv-eindhoven-u21_de-graafschap-doetinchem/index/spielbericht/4371561
,,,"Sun, 23/03/25",,,,,VVV-Venlo,FC Eindhoven,Covebo Stadion - De Koel,Attendance: 4.914,https://www.transfermarkt.co.uk/vvv-venlo_fc-eindhoven/index/spielbericht/4371578
,,,"Fri, 28/03/25",,,,,SC Telstar,Vitesse Arnhem,BUKO Stadion,Attendance: 3.381,https://www.transfermarkt.co.uk/sc-telstar_vitesse-arnhem/index/spielbericht/4371623
,,,"Fri, 28/03/25",,,,,SC Cambuur Leeuwarden,De Graafschap Doetinchem,Kooi Stadion,Attendance: 14.280,https://www.transfermarkt.co.uk/sc-cambuur-leeuwarden_de-graafschap-doetinchem/index/spielbericht/4371622
,,,"Mon, 10/03/25",,,,,Motor Lublin,Legia Warszawa,Motor Lublin Arena,Attendance: 15.200,https://www.transfermarkt.co.uk/motor-lublin_legia-warszawa/index/spielbericht/4361323
,,,"Sat, 24/05/25",,,,,Radomiak Radom,Motor Lublin,Stadion im. Braci Czachorów,Attendance: 8.555,https://www.transfermarkt.co.uk/radomiak-radom_motor-lublin/index/spielbericht/4365390
,,,"Mon, 31/03/25",,,,,Ajax Amsterdam U21,FC Volendam,"Sportpark ""De Toekomst""",Attendance: 1.644,https://www.transfermarkt.co.uk/ajax-amsterdam-u21_fc-volendam/index/spielbericht/4371626
,,,"Sat, 29/03/25",,,,,Roda JC Kerkrade,VVV-Venlo,Parkstad Limburg Stadion,Attendance: 10.345,https://www.transfermarkt.co.uk/roda-jc-kerkrade_vvv-venlo/index/spielbericht/4371624
,,,"Sun, 23/03/25",,,,,De Graafschap Doetinchem,MVV Maastricht,"Stadion ""De Vijverberg""",Attendance: 11.765,https://www.transfermarkt.co.uk/de-graafschap-doetinchem_mvv-maastricht/index/spielbericht/4371577
,,,"Mon, 31/03/25",,,,,AZ Alkmaar U21,TOP Oss,Sportpark De Kalverhoek (AFAS Trainingscomplex),Attendance: 425,https://www.transfermarkt.co.uk/az-alkmaar-u21_top-oss/index/spielbericht/4371627
,,,"Mon, 31/03/25",,,,,PSV Eindhoven U21,FC Den Bosch,"PSV Campus ""De Herdgang""",Attendance: 740,https://www.transfermarkt.co.uk/psv-eindhoven-u21_fc-den-bosch/index/spielbericht/4371628
,,,"Fri, 04/04/25",,,,,FC Emmen,SC Cambuur Leeuwarden,De Oude Meerdijk,Attendance: 8.326,https://www.transfermarkt.co.uk/fc-emmen_sc-cambuur-leeuwarden/index/spielbericht/4371611
,,,"Fri, 06/12/24",,,,,Helmond Sport,FC Den Bosch,GS Staalwerken Stadion,Attendance: 2.913,https://www.transfermarkt.co.uk/helmond-sport_fc-den-bosch/index/spielbericht/4371451
,,,"Fri, 28/03/25",,,,,Excelsior Rotterdam,FC Utrecht U21,"Stadion ""Woudestein""",Attendance: 3.373,https://www.transfermarkt.co.uk/excelsior-rotterdam_fc-utrecht-u21/index/spielbericht/4371619
,,,"Fri, 04/04/25",,,,,MVV Maastricht,Excelsior Rotterdam,"Stadion ""De Geusselt""",Attendance: 3.800,https://www.transfermarkt.co.uk/mvv-maastricht_excelsior-rotterdam/index/spielbericht/4371613
,,,"Fri, 04/04/25",,,,,TOP Oss,VVV-Venlo,Frans Heesen Stadion,Attendance: 2.093,https://www.transfermarkt.co.uk/top-oss_vvv-venlo/index/spielbericht/4371614
,,,"Tue, 11/03/25",,,,,Roda JC Kerkrade,Helmond Sport,Parkstad Limburg Stadion,Attendance: 6.378,https://www.transfermarkt.co.uk/roda-jc-kerkrade_helmond-sport/index/spielbericht/4371575
,,,"Fri, 20/12/24",,,,,PSV Eindhoven U21,Vitesse Arnhem,"PSV Campus ""De Herdgang""",Attendance: 1.250,https://www.transfermarkt.co.uk/psv-eindhoven-u21_vitesse-arnhem/index/spielbericht/4371478
,,,"Fri, 04/04/25",,,,,Vitesse Arnhem,AZ Alkmaar U21,GelreDome,Attendance: 15.763,https://www.transfermarkt.co.uk/vitesse-arnhem_az-alkmaar-u21/index/spielbericht/4371615
,,,"Sun, 30/03/25",,,,,ADO Den Haag,FC Dordrecht,WerkTalent Stadion,Attendance: 13.532,https://www.transfermarkt.co.uk/ado-den-haag_fc-dordrecht/index/spielbericht/4371625
,,,"Sat, 12/04/25",,,,,FC Dordrecht,FC Den Bosch,M-Scores Stadion,Attendance: 3.108,https://www.transfermarkt.co.uk/fc-dordrecht_fc-den-bosch/index/spielbericht/4371604
,,,"Fri, 11/04/25",,,,,FC Eindhoven,De Graafschap Doetinchem,Jan Louwers Stadion,Attendance: 3.608,https://www.transfermarkt.co.uk/fc-eindhoven_de-graafschap-doetinchem/index/spielbericht/4371600
,,,"Sun, 13/04/25",,,,,SC Cambuur Leeuwarden,FC Utrecht U21,Kooi Stadion,Attendance: 14.118,https://www.transfermarkt.co.uk/sc-cambuur-leeuwarden_fc-utrecht-u21/index/spielbericht/4371602
,,,"Mon, 14/04/25",,,,,Ajax Amsterdam U21,Vitesse Arnhem,"Sportpark ""De Toekomst""",Attendance: 968,https://www.transfermarkt.co.uk/ajax-amsterdam-u21_vitesse-arnhem/index/spielbericht/4371606
,,,"Mon, 14/04/25",,,,,AZ Alkmaar U21,FC Volendam,AFAS Stadion,Attendance: 2.458,https://www.transfermarkt.co.uk/az-alkmaar-u21_fc-volendam/index/spielbericht/4371607
,,,"Fri, 11/04/25",,,,,Excelsior Rotterdam,TOP Oss,"Stadion ""Woudestein""",Attendance: 3.472,https://www.transfermarkt.co.uk/excelsior-rotterdam_top-oss/index/spielbericht/4371599
,,,"Sun, 06/04/25",,,,,FC Den Bosch,FC Eindhoven,"Stadion ""De Vliert""",Attendance: 5.943,https://www.transfermarkt.co.uk/fc-den-bosch_fc-eindhoven/index/spielbericht/4371609
,,,"Fri, 11/04/25",,,,,SC Telstar,ADO Den Haag,BUKO Stadion,Attendance: 3.404,https://www.transfermarkt.co.uk/sc-telstar_ado-den-haag/index/spielbericht/4371603
,,,"Fri, 18/04/25",,,,,FC Eindhoven,SC Telstar,Jan Louwers Stadion,Attendance: 2.734,https://www.transfermarkt.co.uk/fc-eindhoven_sc-telstar/index/spielbericht/4371650
,,,"Mon, 14/04/25",,,,,PSV Eindhoven U21,MVV Maastricht,"PSV Campus ""De Herdgang""",Attendance: 556,https://www.transfermarkt.co.uk/psv-eindhoven-u21_mvv-maastricht/index/spielbericht/4371608
,,,"Mon, 07/04/25",,,,,FC Utrecht U21,ADO Den Haag,"Sportpark ""Zoudenbalch""",Attendance: 752,https://www.transfermarkt.co.uk/fc-utrecht-u21_ado-den-haag/index/spielbericht/4371618
,,,"Fri, 11/04/25",,,,,Roda JC Kerkrade,FC Emmen,Parkstad Limburg Stadion,Attendance: 7.896,https://www.transfermarkt.co.uk/roda-jc-kerkrade_fc-emmen/index/spielbericht/4371601
,,,"Sun, 06/04/25",,,,,De Graafschap Doetinchem,Roda JC Kerkrade,"Stadion ""De Vijverberg""",Attendance: 11.737,https://www.transfermarkt.co.uk/de-graafschap-doetinchem_roda-jc-kerkrade/index/spielbericht/4371617
,,,"Fri, 18/04/25",,,,,FC Emmen,AZ Alkmaar U21,De Oude Meerdijk,Attendance: 7.951,https://www.transfermarkt.co.uk/fc-emmen_az-alkmaar-u21/index/spielbericht/4371651
,,,"Sat, 19/04/25",,,,,TOP Oss,FC Dordrecht,Frans Heesen Stadion,Attendance: 3.233,https://www.transfermarkt.co.uk/top-oss_fc-dordrecht/index/spielbericht/4371655
,,,"Sat, 19/04/25",,,,,De Graafschap Doetinchem,Ajax Amsterdam U21,"Stadion ""De Vijverberg""",Attendance: 11.560,https://www.transfermarkt.co.uk/de-graafschap-doetinchem_ajax-amsterdam-u21/index/spielbericht/4371656
,,,"Sat, 19/04/25",,,,,Vitesse Arnhem,Roda JC Kerkrade,GelreDome,Attendance: 18.194,https://www.transfermarkt.co.uk/vitesse-arnhem_roda-jc-kerkrade/index/spielbericht/4371654
,,,"Mon, 27/01/25",,,,,PSV Eindhoven U21,VVV-Venlo,"PSV Campus ""De Herdgang""",Attendance: 600,https://www.transfermarkt.co.uk/psv-eindhoven-u21_vvv-venlo/index/spielbericht/4371598
,,,"Sun, 20/04/25",,,,,ADO Den Haag,PSV Eindhoven U21,WerkTalent Stadion,Attendance: 10.948,https://www.transfermarkt.co.uk/ado-den-haag_psv-eindhoven-u21/index/spielbericht/4371657
,,,"Sun, 27/04/25",,,,,Excelsior Rotterdam,FC Emmen,"Stadion ""Woudestein""",Attendance: 3.447,https://www.transfermarkt.co.uk/excelsior-rotterdam_fc-emmen/index/spielbericht/4371634
,,,"Mon, 16/09/24",,,,,FC Emmen,Vitesse Arnhem,De Oude Meerdijk,Attendance: 7.626,https://www.transfermarkt.co.uk/fc-emmen_vitesse-arnhem/index/spielbericht/4371342
,,,"Fri, 18/04/25",,,,,FC Den Bosch,VVV-Venlo,"Stadion ""De Vliert""",Attendance: 5.550,https://www.transfermarkt.co.uk/fc-den-bosch_vvv-venlo/index/spielbericht/4371649
,,,"Fri, 25/04/25",,,,,FC Dordrecht,MVV Maastricht,M-Scores Stadion,Attendance: 2.609,https://www.transfermarkt.co.uk/fc-dordrecht_mvv-maastricht/index/spielbericht/4371629
,,,"Thu, 24/04/25",,,,,Roda JC Kerkrade,ADO Den Haag,Parkstad Limburg Stadion,Attendance: 6.754,https://www.transfermarkt.co.uk/roda-jc-kerkrade_ado-den-haag/index/spielbericht/4371630
,,,"Fri, 25/04/25",,,,,SC Cambuur Leeuwarden,Vitesse Arnhem,Kooi Stadion,Attendance: 14.080,https://www.transfermarkt.co.uk/sc-cambuur-leeuwarden_vitesse-arnhem/index/spielbericht/4371631
,,,"Mon, 28/04/25",,,,,VVV-Venlo,De Graafschap Doetinchem,Covebo Stadion - De Koel,Attendance: 5.045,https://www.transfermarkt.co.uk/vvv-venlo_de-graafschap-doetinchem/index/spielbericht/4371633
,,,"Mon, 28/04/25",,,,,AZ Alkmaar U21,FC Den Bosch,Sportpark De Kalverhoek (AFAS Trainingscomplex),Attendance: 587,https://www.transfermarkt.co.uk/az-alkmaar-u21_fc-den-bosch/index/spielbericht/4371636
,,,"Sun, 20/04/25",,,,,FC Volendam,Excelsior Rotterdam,Kras Stadion,Attendance: 6.957,https://www.transfermarkt.co.uk/fc-volendam_excelsior-rotterdam/index/spielbericht/4371658
,,,"Fri, 02/05/25",,,,,ADO Den Haag,SC Cambuur Leeuwarden,WerkTalent Stadion,Attendance: 11.277,https://www.transfermarkt.co.uk/ado-den-haag_sc-cambuur-leeuwarden/index/spielbericht/4371659
,,,"Mon, 28/04/25",,,,,FC Utrecht U21,FC Volendam,"Sportpark ""Zoudenbalch""",Attendance: 1.234,https://www.transfermarkt.co.uk/fc-utrecht-u21_fc-volendam/index/spielbericht/4371637
,,,"Fri, 17/01/25",,,,,VVV-Venlo,SC Telstar,Covebo Stadion - De Koel,Attendance: 4.077,https://www.transfermarkt.co.uk/vvv-venlo_sc-telstar/index/spielbericht/4371534
,,,"Mon, 28/04/25",,,,,PSV Eindhoven U21,FC Eindhoven,"PSV Campus ""De Herdgang""",Attendance: 892,https://www.transfermarkt.co.uk/psv-eindhoven-u21_fc-eindhoven/index/spielbericht/4371638
,,,"Mon, 28/04/25",,,,,Ajax Amsterdam U21,Helmond Sport,"Sportpark ""De Toekomst""",Attendance: 590,https://www.transfermarkt.co.uk/ajax-amsterdam-u21_helmond-sport/index/spielbericht/4371635
,,,"Fri, 02/05/25",,,,,De Graafschap Doetinchem,SC Telstar,"Stadion ""De Vijverberg""",Attendance: 11.642,https://www.transfermarkt.co.uk/de-graafschap-doetinchem_sc-telstar/index/spielbericht/4371660
,,,"Fri, 02/05/25",,,,,FC Emmen,VVV-Venlo,De Oude Meerdijk,Attendance: 7.738,https://www.transfermarkt.co.uk/fc-emmen_vvv-venlo/index/spielbericht/4371664
,,,"Fri, 02/05/25",,,,,MVV Maastricht,Ajax Amsterdam U21,"Stadion ""De Geusselt""",Attendance: 3.400,https://www.transfermarkt.co.uk/mvv-maastricht_ajax-amsterdam-u21/index/spielbericht/4371667
,,,"Fri, 02/05/25",,,,,FC Eindhoven,AZ Alkmaar U21,Jan Louwers Stadion,Attendance: 3.022,https://www.transfermarkt.co.uk/fc-eindhoven_az-alkmaar-u21/index/spielbericht/4371663
,,,"Fri, 02/05/25",,,,,FC Utrecht U21,FC Dordrecht,"Sportpark ""Zoudenbalch""",Attendance: 302,https://www.transfermarkt.co.uk/fc-utrecht-u21_fc-dordrecht/index/spielbericht/4371666
,,,"Fri, 02/05/25",,,,,Excelsior Rotterdam,PSV Eindhoven U21,"Stadion ""Woudestein""",Attendance: 4.211,https://www.transfermarkt.co.uk/excelsior-rotterdam_psv-eindhoven-u21/index/spielbericht/4371661
,,,"Fri, 09/05/25",,,,,AZ Alkmaar U21,Excelsior Rotterdam,Sportpark De Kalverhoek (AFAS Trainingscomplex),Attendance: 775,https://www.transfermarkt.co.uk/az-alkmaar-u21_excelsior-rotterdam/index/spielbericht/4371642
,,,"Fri, 09/05/25",,,,,Ajax Amsterdam U21,TOP Oss,"Sportpark ""De Toekomst""",Attendance: 680,https://www.transfermarkt.co.uk/ajax-amsterdam-u21_top-oss/index/spielbericht/4371641
,,,"Fri, 09/05/25",,,,,PSV Eindhoven U21,FC Utrecht U21,"PSV Campus ""De Herdgang""",Attendance: 639,https://www.transfermarkt.co.uk/psv-eindhoven-u21_fc-utrecht-u21/index/spielbericht/4371643
,,,"Fri, 09/05/25",,,,,Roda JC Kerkrade,FC Eindhoven,Parkstad Limburg Stadion,Attendance: 8.218,https://www.transfermarkt.co.uk/roda-jc-kerkrade_fc-eindhoven/index/spielbericht/4371644
,,,"Fri, 09/05/25",,,,,VVV-Venlo,ADO Den Haag,Covebo Stadion - De Koel,Attendance: 6.242,https://www.transfermarkt.co.uk/vvv-venlo_ado-den-haag/index/spielbericht/4371648
,,,"Fri, 09/05/25",,,,,Helmond Sport,De Graafschap Doetinchem,GS Staalwerken Stadion,Attendance: 3.350,https://www.transfermarkt.co.uk/helmond-sport_de-graafschap-doetinchem/index/spielbericht/4371640
,,,"Fri, 02/05/25",,,,,FC Volendam,Roda JC Kerkrade,Kras Stadion,Attendance: 6.500,https://www.transfermarkt.co.uk/fc-volendam_roda-jc-kerkrade/index/spielbericht/4371665
,,,"Sat, 03/08/24",,,,,HNK Gorica,NK Varazdin,SRC Velika Gorica,Attendance: 660,https://www.transfermarkt.co.uk/hnk-gorica_nk-varazdin/index/spielbericht/4366680
,,,"Fri, 09/05/25",,,,,FC Dordrecht,FC Volendam,M-Scores Stadion,Attendance: 3.797,https://www.transfermarkt.co.uk/fc-dordrecht_fc-volendam/index/spielbericht/4371639
,,,"Fri, 02/05/25",,,,,TOP Oss,Vitesse Arnhem,Frans Heesen Stadion,Attendance: 2.527,https://www.transfermarkt.co.uk/top-oss_vitesse-arnhem/index/spielbericht/4371668
,,,"Sun, 04/08/24",,,,,HNK Hajduk Split,Slaven Belupo Koprivnica,Poljud,Attendance: 26.189,https://www.transfermarkt.co.uk/hnk-hajduk-split_slaven-belupo-koprivnica/index/spielbericht/4366682
,,,"Sun, 11/08/24",,,,,NK Osijek,GNK Dinamo Zagreb,Opus Arena,Attendance: 9.172,https://www.transfermarkt.co.uk/nk-osijek_gnk-dinamo-zagreb/index/spielbericht/4366687
,,,"Fri, 09/05/25",,,,,SC Cambuur Leeuwarden,MVV Maastricht,Kooi Stadion,Attendance: 13.830,https://www.transfermarkt.co.uk/sc-cambuur-leeuwarden_mvv-maastricht/index/spielbericht/4371645
,,,"Sat, 10/08/24",,,,,NK Istra 1961,HNK Gorica,Aldo Drosina,Attendance: 2.069,https://www.transfermarkt.co.uk/nk-istra-1961_hnk-gorica/index/spielbericht/4366686
,,,"Fri, 02/08/24",,,,,GNK Dinamo Zagreb,NK Istra 1961,Maksimir,Attendance: 6.057,https://www.transfermarkt.co.uk/gnk-dinamo-zagreb_nk-istra-1961/index/spielbericht/4366679
,,,"Sun, 11/08/24",,,,,NK Lokomotiva Zagreb,HNK Hajduk Split,Kranjceviceva,Attendance: 2.845,https://www.transfermarkt.co.uk/nk-lokomotiva-zagreb_hnk-hajduk-split/index/spielbericht/4366684
,,,"Fri, 09/05/25",,,,,Vitesse Arnhem,FC Den Bosch,GelreDome,Attendance: 18.189,https://www.transfermarkt.co.uk/vitesse-arnhem_fc-den-bosch/index/spielbericht/4371647
,,,"Mon, 24/02/25",,,,,PSV Eindhoven U21,FC Dordrecht,"PSV Campus ""De Herdgang""",Attendance: 420,https://www.transfermarkt.co.uk/psv-eindhoven-u21_fc-dordrecht/index/spielbericht/4371518
,,,"Sun, 18/08/24",,,,,HNK Hajduk Split,NK Varazdin,Poljud,Attendance: 16.809,https://www.transfermarkt.co.uk/hnk-hajduk-split_nk-varazdin/index/spielbericht/4366712
,,,"Sun, 04/08/24",,,,,HNK Rijeka,NK Lokomotiva Zagreb,Stadion Rujevica,Attendance: 3.552,https://www.transfermarkt.co.uk/hnk-rijeka_nk-lokomotiva-zagreb/index/spielbericht/4366681
,,,"Sun, 22/12/24",,,,,ADO Den Haag,TOP Oss,WerkTalent Stadion,Attendance: 7.473,https://www.transfermarkt.co.uk/ado-den-haag_top-oss/index/spielbericht/4371475
,,,"Fri, 16/08/24",,,,,GNK Dinamo Zagreb,HNK Sibenik,Maksimir,Attendance: 11.924,https://www.transfermarkt.co.uk/gnk-dinamo-zagreb_hnk-sibenik/index/spielbericht/4366709
,,,"Sat, 24/08/24",,,,,NK Varazdin,Slaven Belupo Koprivnica,Gradski stadion Andelko Herjavec,Attendance: 929,https://www.transfermarkt.co.uk/nk-varazdin_slaven-belupo-koprivnica/index/spielbericht/4366715
,,,"Sun, 18/08/24",,,,,HNK Rijeka,NK Istra 1961,Stadion Rujevica,Attendance: 4.159,https://www.transfermarkt.co.uk/hnk-rijeka_nk-istra-1961/index/spielbericht/4366711
,,,"Sun, 25/08/24",,,,,NK Osijek,HNK Rijeka,Opus Arena,Attendance: 7.014,https://www.transfermarkt.co.uk/nk-osijek_hnk-rijeka/index/spielbericht/4366717
,,,"Sat, 31/08/24",,,,,Slaven Belupo Koprivnica,NK Istra 1961,Gradski Stadion Ivan Kusek Apas,Attendance: 547,https://www.transfermarkt.co.uk/slaven-belupo-koprivnica_nk-istra-1961/index/spielbericht/4366722
,,,"Sun, 25/08/24",,,,,NK Istra 1961,HNK Hajduk Split,Aldo Drosina,Attendance: 7.443,https://www.transfermarkt.co.uk/nk-istra-1961_hnk-hajduk-split/index/spielbericht/4366716
,,,"Sun, 11/08/24",,,,,NK Varazdin,HNK Rijeka,Gradski stadion Andelko Herjavec,Attendance: 1.956,https://www.transfermarkt.co.uk/nk-varazdin_hnk-rijeka/index/spielbericht/4366685
,,,"Fri, 30/08/24",,,,,HNK Gorica,HNK Sibenik,SRC Velika Gorica,Attendance: 1.168,https://www.transfermarkt.co.uk/hnk-gorica_hnk-sibenik/index/spielbericht/4366719
,,,"Sun, 01/09/24",,,,,NK Lokomotiva Zagreb,NK Varazdin,Kranjceviceva,Attendance: 343,https://www.transfermarkt.co.uk/nk-lokomotiva-zagreb_nk-varazdin/index/spielbericht/4366723
,,,"Sat, 17/08/24",,,,,Slaven Belupo Koprivnica,NK Lokomotiva Zagreb,Gradski Stadion Ivan Kusek Apas,Attendance: 654,https://www.transfermarkt.co.uk/slaven-belupo-koprivnica_nk-lokomotiva-zagreb/index/spielbericht/4366713
,,,"Sat, 14/09/24",,,,,NK Istra 1961,NK Lokomotiva Zagreb,Aldo Drosina,Attendance: 1.525,https://www.transfermarkt.co.uk/nk-istra-1961_nk-lokomotiva-zagreb/index/spielbericht/4366725
,,,"Fri, 20/09/24",,,,,NK Varazdin,NK Istra 1961,Gradski stadion Andelko Herjavec,Attendance: 1.077,https://www.transfermarkt.co.uk/nk-varazdin_nk-istra-1961/index/spielbericht/4366733
,,,"Fri, 23/08/24",,,,,NK Lokomotiva Zagreb,HNK Sibenik,Kranjceviceva,Attendance: 859,https://www.transfermarkt.co.uk/nk-lokomotiva-zagreb_hnk-sibenik/index/spielbericht/4366714
,,,"Sat, 21/09/24",,,,,HNK Hajduk Split,HNK Gorica,Poljud,Attendance: 18.764,https://www.transfermarkt.co.uk/hnk-hajduk-split_hnk-gorica/index/spielbericht/4366730
,,,"Sun, 15/09/24",,,,,NK Osijek,Slaven Belupo Koprivnica,Opus Arena,Attendance: 3.240,https://www.transfermarkt.co.uk/nk-osijek_slaven-belupo-koprivnica/index/spielbericht/4366726
,,,"Fri, 13/09/24",,,,,GNK Dinamo Zagreb,HNK Hajduk Split,Maksimir,Attendance: 20.948,https://www.transfermarkt.co.uk/gnk-dinamo-zagreb_hnk-hajduk-split/index/spielbericht/4366727
,,,"Sun, 22/09/24",,,,,NK Lokomotiva Zagreb,NK Osijek,Kranjceviceva,Attendance: 738,https://www.transfermarkt.co.uk/nk-lokomotiva-zagreb_nk-osijek/index/spielbericht/4366732
,,,"Sat, 14/09/24",,,,,HNK Gorica,HNK Rijeka,SRC Velika Gorica,Attendance: 512,https://www.transfermarkt.co.uk/hnk-gorica_hnk-rijeka/index/spielbericht/4366728
,,,"Sat, 24/08/24",,,,,GNK Dinamo Zagreb,HNK Gorica,Maksimir,Attendance: 9.644,https://www.transfermarkt.co.uk/gnk-dinamo-zagreb_hnk-gorica/index/spielbericht/4366718
,,,"Sat, 28/09/24",,,,,GNK Dinamo Zagreb,NK Lokomotiva Zagreb,Maksimir,Attendance: 8.396,https://www.transfermarkt.co.uk/gnk-dinamo-zagreb_nk-lokomotiva-zagreb/index/spielbericht/4366736
,,,"Sat, 21/09/24",,,,,Slaven Belupo Koprivnica,GNK Dinamo Zagreb,Gradski Stadion Ivan Kusek Apas,Attendance: 2.897,https://www.transfermarkt.co.uk/slaven-belupo-koprivnica_gnk-dinamo-zagreb/index/spielbericht/4366731
,,,"Fri, 27/09/24",,,,,HNK Sibenik,NK Istra 1961,Subicevac,Attendance: 2.004,https://www.transfermarkt.co.uk/hnk-sibenik_nk-istra-1961/index/spielbericht/4366734
,,,"Sun, 29/09/24",,,,,NK Osijek,NK Varazdin,Opus Arena,Attendance: 3.727,https://www.transfermarkt.co.uk/nk-osijek_nk-varazdin/index/spielbericht/4366735
,,,"Sun, 29/09/24",,,,,HNK Rijeka,HNK Hajduk Split,Stadion Rujevica,Attendance: 7.505,https://www.transfermarkt.co.uk/hnk-rijeka_hnk-hajduk-split/index/spielbericht/4366738
,,,"Sun, 04/08/24",,,,,NK Osijek,HNK Sibenik,Opus Arena,Attendance: 6.144,https://www.transfermarkt.co.uk/nk-osijek_hnk-sibenik/index/spielbericht/4366678
,,,"Fri, 14/03/25",,,,,FC Eindhoven,Excelsior Rotterdam,Jan Louwers Stadion,Attendance: 2.325,https://www.transfermarkt.co.uk/fc-eindhoven_excelsior-rotterdam/index/spielbericht/4371580
,,,"Fri, 25/04/25",,,,,SC Telstar,TOP Oss,BUKO Stadion,Attendance: 2.858,https://www.transfermarkt.co.uk/sc-telstar_top-oss/index/spielbericht/4371632
,,,"Mon, 30/09/24",,,,,HNK Gorica,Slaven Belupo Koprivnica,SRC Velika Gorica,Attendance: 586,https://www.transfermarkt.co.uk/hnk-gorica_slaven-belupo-koprivnica/index/spielbericht/4366737
,,,"Sun, 06/10/24",,,,,HNK Hajduk Split,HNK Sibenik,Poljud,Attendance: 21.538,https://www.transfermarkt.co.uk/hnk-hajduk-split_hnk-sibenik/index/spielbericht/4366739
,,,"Sat, 05/10/24",,,,,NK Lokomotiva Zagreb,HNK Gorica,Kranjceviceva,Attendance: 372,https://www.transfermarkt.co.uk/nk-lokomotiva-zagreb_hnk-gorica/index/spielbericht/4366741
,,,"Sun, 20/10/24",,,,,Slaven Belupo Koprivnica,HNK Hajduk Split,Gradski Stadion Ivan Kusek Apas,Attendance: 3.200,https://www.transfermarkt.co.uk/slaven-belupo-koprivnica_hnk-hajduk-split/index/spielbericht/4366748
,,,"Sat, 05/10/24",,,,,Slaven Belupo Koprivnica,HNK Rijeka,Gradski Stadion Ivan Kusek Apas,Attendance: 913,https://www.transfermarkt.co.uk/slaven-belupo-koprivnica_hnk-rijeka/index/spielbericht/4366740
,,,"Sat, 19/10/24",,,,,NK Istra 1961,GNK Dinamo Zagreb,Aldo Drosina,Attendance: 3.287,https://www.transfermarkt.co.uk/nk-istra-1961_gnk-dinamo-zagreb/index/spielbericht/4366745
,,,"Fri, 04/10/24",,,,,NK Istra 1961,NK Osijek,Aldo Drosina,Attendance: 1.174,https://www.transfermarkt.co.uk/nk-istra-1961_nk-osijek/index/spielbericht/4366743
,,,"Sun, 20/10/24",,,,,NK Varazdin,HNK Gorica,Gradski stadion Andelko Herjavec,Attendance: 1.387,https://www.transfermarkt.co.uk/nk-varazdin_hnk-gorica/index/spielbericht/4366746
,,,"Fri, 25/10/24",,,,,Slaven Belupo Koprivnica,HNK Sibenik,Gradski Stadion Ivan Kusek Apas,Attendance: 785,https://www.transfermarkt.co.uk/slaven-belupo-koprivnica_hnk-sibenik/index/spielbericht/4366749
,,,"Sat, 26/10/24",,,,,HNK Hajduk Split,NK Lokomotiva Zagreb,Poljud,Attendance: 22.784,https://www.transfermarkt.co.uk/hnk-hajduk-split_nk-lokomotiva-zagreb/index/spielbericht/4366750
,,,"Fri, 18/10/24",,,,,NK Lokomotiva Zagreb,HNK Rijeka,Kranjceviceva,Attendance: 924,https://www.transfermarkt.co.uk/nk-lokomotiva-zagreb_hnk-rijeka/index/spielbericht/4366747
,,,"Sun, 27/10/24",,,,,GNK Dinamo Zagreb,NK Osijek,Maksimir,Attendance: 13.477,https://www.transfermarkt.co.uk/gnk-dinamo-zagreb_nk-osijek/index/spielbericht/4366753
,,,"Sat, 26/10/24",,,,,HNK Rijeka,NK Varazdin,Stadion Rujevica,Attendance: 3.827,https://www.transfermarkt.co.uk/hnk-rijeka_nk-varazdin/index/spielbericht/4366751
,,,"Fri, 01/11/24",,,,,HNK Sibenik,GNK Dinamo Zagreb,Subicevac,Attendance: 3.017,https://www.transfermarkt.co.uk/hnk-sibenik_gnk-dinamo-zagreb/index/spielbericht/4366754
,,,"Sat, 19/10/24",,,,,HNK Sibenik,NK Osijek,Subicevac,Attendance: 1.100,https://www.transfermarkt.co.uk/hnk-sibenik_nk-osijek/index/spielbericht/4366744
,,,"Sat, 02/11/24",,,,,NK Osijek,HNK Gorica,Opus Arena,Attendance: 6.875,https://www.transfermarkt.co.uk/nk-osijek_hnk-gorica/index/spielbericht/4366755
,,,"Sun, 03/11/24",,,,,NK Istra 1961,HNK Rijeka,Aldo Drosina,Attendance: 3.569,https://www.transfermarkt.co.uk/nk-istra-1961_hnk-rijeka/index/spielbericht/4366756
,,,"Sun, 03/11/24",,,,,NK Varazdin,HNK Hajduk Split,Gradski stadion Andelko Herjavec,Attendance: 10.428,https://www.transfermarkt.co.uk/nk-varazdin_hnk-hajduk-split/index/spielbericht/4366757
,,,"Fri, 08/11/24",,,,,HNK Sibenik,NK Lokomotiva Zagreb,Subicevac,Attendance: 847,https://www.transfermarkt.co.uk/hnk-sibenik_nk-lokomotiva-zagreb/index/spielbericht/4366759
,,,"Sat, 02/11/24",,,,,NK Lokomotiva Zagreb,Slaven Belupo Koprivnica,Kranjceviceva,Attendance: 537,https://www.transfermarkt.co.uk/nk-lokomotiva-zagreb_slaven-belupo-koprivnica/index/spielbericht/4366758
,,,"Fri, 07/03/25",,,,,Roda JC Kerkrade,PSV Eindhoven U21,Parkstad Limburg Stadion,Attendance: 7.076,https://www.transfermarkt.co.uk/roda-jc-kerkrade_psv-eindhoven-u21/index/spielbericht/4371545
,,,"Sun, 27/10/24",,,,,HNK Gorica,NK Istra 1961,SRC Velika Gorica,Attendance: 813,https://www.transfermarkt.co.uk/hnk-gorica_nk-istra-1961/index/spielbericht/4366752
,,,"Fri, 18/04/25",,,,,MVV Maastricht,FC Utrecht U21,"Stadion ""De Geusselt""",Attendance: 3.000,https://www.transfermarkt.co.uk/mvv-maastricht_fc-utrecht-u21/index/spielbericht/4371653
,,,"Sat, 23/11/24",,,,,NK Varazdin,NK Lokomotiva Zagreb,Gradski stadion Andelko Herjavec,Attendance: 997,https://www.transfermarkt.co.uk/nk-varazdin_nk-lokomotiva-zagreb/index/spielbericht/4366776
,,,"Sat, 09/11/24",,,,,HNK Gorica,GNK Dinamo Zagreb,SRC Velika Gorica,Attendance: 5.138,https://www.transfermarkt.co.uk/hnk-gorica_gnk-dinamo-zagreb/index/spielbericht/4366763
,,,"Sat, 09/11/24",,,,,HNK Hajduk Split,NK Istra 1961,Poljud,Attendance: 18.720,https://www.transfermarkt.co.uk/hnk-hajduk-split_nk-istra-1961/index/spielbericht/4366761
,,,"Fri, 09/05/25",,,,,SC Telstar,FC Emmen,BUKO Stadion,Attendance: 4.177,https://www.transfermarkt.co.uk/sc-telstar_fc-emmen/index/spielbericht/4371646
,,,"Sat, 23/11/24",,,,,GNK Dinamo Zagreb,HNK Rijeka,Maksimir,Attendance: 12.066,https://www.transfermarkt.co.uk/gnk-dinamo-zagreb_hnk-rijeka/index/spielbericht/4366774
,,,"Sun, 24/11/24",,,,,NK Osijek,HNK Hajduk Split,Opus Arena,Attendance: 11.532,https://www.transfermarkt.co.uk/nk-osijek_hnk-hajduk-split/index/spielbericht/4366778
,,,"Sun, 13/04/25",,,,,VVV-Venlo,Helmond Sport,Covebo Stadion - De Koel,Attendance: 5.147,https://www.transfermarkt.co.uk/vvv-venlo_helmond-sport/index/spielbericht/4371605
,,,"Sun, 10/11/24",,,,,HNK Rijeka,NK Osijek,Stadion Rujevica,Attendance: 5.106,https://www.transfermarkt.co.uk/hnk-rijeka_nk-osijek/index/spielbericht/4366762
,,,"Sun, 10/11/24",,,,,Slaven Belupo Koprivnica,NK Varazdin,Gradski Stadion Ivan Kusek Apas,Attendance: 976,https://www.transfermarkt.co.uk/slaven-belupo-koprivnica_nk-varazdin/index/spielbericht/4366760
,,,"Sat, 30/11/24",,,,,HNK Rijeka,HNK Gorica,Stadion Rujevica,Attendance: 3.643,https://www.transfermarkt.co.uk/hnk-rijeka_hnk-gorica/index/spielbericht/4366789
,,,"Sun, 01/12/24",,,,,NK Lokomotiva Zagreb,NK Istra 1961,Kranjceviceva,Attendance: 291,https://www.transfermarkt.co.uk/nk-lokomotiva-zagreb_nk-istra-1961/index/spielbericht/4366786
,,,"Sat, 30/11/24",,,,,Slaven Belupo Koprivnica,NK Osijek,Gradski Stadion Ivan Kusek Apas,Attendance: 1.216,https://www.transfermarkt.co.uk/slaven-belupo-koprivnica_nk-osijek/index/spielbericht/4366787
,,,"Fri, 06/12/24",,,,,GNK Dinamo Zagreb,Slaven Belupo Koprivnica,Maksimir,Attendance: 7.510,https://www.transfermarkt.co.uk/gnk-dinamo-zagreb_slaven-belupo-koprivnica/index/spielbericht/4366794
,,,"Sun, 24/11/24",,,,,HNK Sibenik,HNK Gorica,Subicevac,Attendance: 546,https://www.transfermarkt.co.uk/hnk-sibenik_hnk-gorica/index/spielbericht/4366773
,,,"Sat, 07/12/24",,,,,NK Istra 1961,NK Varazdin,Aldo Drosina,Attendance: 1.019,https://www.transfermarkt.co.uk/nk-istra-1961_nk-varazdin/index/spielbericht/4366796
,,,"Sat, 05/04/25",,,,,Helmond Sport,SC Telstar,GS Staalwerken Stadion,Attendance: 2.900,https://www.transfermarkt.co.uk/helmond-sport_sc-telstar/index/spielbericht/4371616
,,,"Sun, 08/12/24",,,,,HNK Sibenik,HNK Rijeka,Subicevac,Attendance: 684,https://www.transfermarkt.co.uk/hnk-sibenik_hnk-rijeka/index/spielbericht/4366792
,,,"Fri, 04/04/25",,,,,FC Dordrecht,Ajax Amsterdam U21,M-Scores Stadion,Attendance: 4.045,https://www.transfermarkt.co.uk/fc-dordrecht_ajax-amsterdam-u21/index/spielbericht/4371610
,,,"Sun, 15/12/24",,,,,HNK Hajduk Split,HNK Rijeka,Poljud,Attendance: 29.489,https://www.transfermarkt.co.uk/hnk-hajduk-split_hnk-rijeka/index/spielbericht/4366801
,,,"Sun, 15/12/24",,,,,NK Varazdin,NK Osijek,Gradski stadion Andelko Herjavec,Attendance: 1.434,https://www.transfermarkt.co.uk/nk-varazdin_nk-osijek/index/spielbericht/4366798
,,,"Sun, 01/12/24",,,,,HNK Hajduk Split,GNK Dinamo Zagreb,Poljud,Attendance: 33.502,https://www.transfermarkt.co.uk/hnk-hajduk-split_gnk-dinamo-zagreb/index/spielbericht/4366788
,,,"Fri, 13/12/24",,,,,Slaven Belupo Koprivnica,HNK Gorica,Gradski Stadion Ivan Kusek Apas,Attendance: 1.367,https://www.transfermarkt.co.uk/slaven-belupo-koprivnica_hnk-gorica/index/spielbericht/4366800
,,,"Sat, 14/12/24",,,,,NK Istra 1961,HNK Sibenik,Aldo Drosina,Attendance: 943,https://www.transfermarkt.co.uk/nk-istra-1961_hnk-sibenik/index/spielbericht/4366797
,,,"Sat, 14/12/24",,,,,NK Lokomotiva Zagreb,GNK Dinamo Zagreb,Kranjceviceva,Attendance: 2.765,https://www.transfermarkt.co.uk/nk-lokomotiva-zagreb_gnk-dinamo-zagreb/index/spielbericht/4366799
,,,"Sun, 08/12/24",,,,,NK Osijek,NK Lokomotiva Zagreb,Opus Arena,Attendance: 6.052,https://www.transfermarkt.co.uk/nk-osijek_nk-lokomotiva-zagreb/index/spielbericht/4366795
,,,"Sat, 07/12/24",,,,,HNK Gorica,HNK Hajduk Split,SRC Velika Gorica,Attendance: 5.146,https://www.transfermarkt.co.uk/hnk-gorica_hnk-hajduk-split/index/spielbericht/4366793
,,,"Fri, 22/11/24",,,,,NK Istra 1961,Slaven Belupo Koprivnica,Aldo Drosina,Attendance: 861,https://www.transfermarkt.co.uk/nk-istra-1961_slaven-belupo-koprivnica/index/spielbericht/4366775
,,,"Sat, 31/08/24",,,,,HNK Hajduk Split,NK Osijek,Poljud,Attendance: 17.137,https://www.transfermarkt.co.uk/hnk-hajduk-split_nk-osijek/index/spielbericht/4366721
,,,"Sun, 22/09/24",,,,,HNK Rijeka,HNK Sibenik,Stadion Rujevica,Attendance: 4.431,https://www.transfermarkt.co.uk/hnk-rijeka_hnk-sibenik/index/spielbericht/4366729
,,,"Sun, 22/12/24",,,,,GNK Dinamo Zagreb,NK Varazdin,Maksimir,,https://www.transfermarkt.co.uk/gnk-dinamo-zagreb_nk-varazdin/index/spielbericht/4366805
,,,"Sun, 22/12/24",,,,,HNK Rijeka,Slaven Belupo Koprivnica,Stadion Rujevica,Attendance: 5.244,https://www.transfermarkt.co.uk/hnk-rijeka_slaven-belupo-koprivnica/index/spielbericht/4366803
,,,"Sat, 21/12/24",,,,,HNK Gorica,NK Lokomotiva Zagreb,SRC Velika Gorica,,https://www.transfermarkt.co.uk/hnk-gorica_nk-lokomotiva-zagreb/index/spielbericht/4366804
,,,"Fri, 24/01/25",,,,,NK Osijek,HNK Sibenik,Opus Arena,Attendance: 3.463,https://www.transfermarkt.co.uk/nk-osijek_hnk-sibenik/index/spielbericht/4366807
,,,"Sat, 25/01/25",,,,,GNK Dinamo Zagreb,NK Istra 1961,Maksimir,Attendance: 9.150,https://www.transfermarkt.co.uk/gnk-dinamo-zagreb_nk-istra-1961/index/spielbericht/4366808
,,,"Fri, 07/02/25",,,,,GNK Dinamo Zagreb,HNK Sibenik,Maksimir,Attendance: 8.191,https://www.transfermarkt.co.uk/gnk-dinamo-zagreb_hnk-sibenik/index/spielbericht/4366817
,,,"Sun, 26/01/25",,,,,HNK Hajduk Split,Slaven Belupo Koprivnica,Poljud,Attendance: 20.227,https://www.transfermarkt.co.uk/hnk-hajduk-split_slaven-belupo-koprivnica/index/spielbericht/4366811
,,,"Sat, 25/01/25",,,,,HNK Gorica,NK Varazdin,SRC Velika Gorica,Attendance: 685,https://www.transfermarkt.co.uk/hnk-gorica_nk-varazdin/index/spielbericht/4366809
,,,"Sun, 26/01/25",,,,,HNK Rijeka,NK Lokomotiva Zagreb,Stadion Rujevica,Attendance: 3.172,https://www.transfermarkt.co.uk/hnk-rijeka_nk-lokomotiva-zagreb/index/spielbericht/4366810
,,,"Fri, 31/01/25",,,,,NK Istra 1961,HNK Gorica,Aldo Drosina,Attendance: 1.068,https://www.transfermarkt.co.uk/nk-istra-1961_hnk-gorica/index/spielbericht/4366815
,,,"Sat, 08/02/25",,,,,HNK Gorica,NK Osijek,SRC Velika Gorica,Attendance: 783,https://www.transfermarkt.co.uk/hnk-gorica_nk-osijek/index/spielbericht/4366818
,,,"Sun, 02/02/25",,,,,NK Osijek,GNK Dinamo Zagreb,Opus Arena,Attendance: 9.453,https://www.transfermarkt.co.uk/nk-osijek_gnk-dinamo-zagreb/index/spielbericht/4366816
,,,"Sun, 16/02/25",,,,,NK Varazdin,Slaven Belupo Koprivnica,Gradski stadion Andelko Herjavec,Attendance: 1.201,https://www.transfermarkt.co.uk/nk-varazdin_slaven-belupo-koprivnica/index/spielbericht/4366823
,,,"Sat, 01/02/25",,,,,HNK Sibenik,Slaven Belupo Koprivnica,Subicevac,Attendance: 964,https://www.transfermarkt.co.uk/hnk-sibenik_slaven-belupo-koprivnica/index/spielbericht/4366812
,,,"Sat, 15/02/25",,,,,GNK Dinamo Zagreb,HNK Gorica,Maksimir,Attendance: 8.368,https://www.transfermarkt.co.uk/gnk-dinamo-zagreb_hnk-gorica/index/spielbericht/4366826
,,,"Sun, 09/02/25",,,,,HNK Rijeka,NK Istra 1961,Stadion Rujevica,Attendance: 4.893,https://www.transfermarkt.co.uk/hnk-rijeka_nk-istra-1961/index/spielbericht/4366819
,,,"Fri, 21/02/25",,,,,NK Lokomotiva Zagreb,NK Varazdin,Kranjceviceva,Attendance: 288,https://www.transfermarkt.co.uk/nk-lokomotiva-zagreb_nk-varazdin/index/spielbericht/4366831
,,,"Sat, 01/02/25",,,,,NK Varazdin,HNK Rijeka,Gradski stadion Andelko Herjavec,Attendance: 1.738,https://www.transfermarkt.co.uk/nk-varazdin_hnk-rijeka/index/spielbericht/4366814
,,,"Fri, 29/11/24",,,,,NK Varazdin,HNK Sibenik,Gradski stadion Andelko Herjavec,Attendance: 968,https://www.transfermarkt.co.uk/nk-varazdin_hnk-sibenik/index/spielbericht/4366785
,,,"Sat, 15/02/25",,,,,NK Istra 1961,HNK Hajduk Split,Aldo Drosina,Attendance: 7.010,https://www.transfermarkt.co.uk/nk-istra-1961_hnk-hajduk-split/index/spielbericht/4366824
,,,"Sun, 23/02/25",,,,,HNK Gorica,HNK Sibenik,SRC Velika Gorica,Attendance: 821,https://www.transfermarkt.co.uk/hnk-gorica_hnk-sibenik/index/spielbericht/4366827
,,,"Sun, 09/02/25",,,,,Slaven Belupo Koprivnica,NK Lokomotiva Zagreb,Gradski Stadion Ivan Kusek Apas,Attendance: 789,https://www.transfermarkt.co.uk/slaven-belupo-koprivnica_nk-lokomotiva-zagreb/index/spielbericht/4366821
,,,"Fri, 14/02/25",,,,,HNK Sibenik,NK Lokomotiva Zagreb,Subicevac,Attendance: 309,https://www.transfermarkt.co.uk/hnk-sibenik_nk-lokomotiva-zagreb/index/spielbericht/4366822
,,,"Sat, 08/02/25",,,,,HNK Hajduk Split,NK Varazdin,Poljud,Attendance: 15.911,https://www.transfermarkt.co.uk/hnk-hajduk-split_nk-varazdin/index/spielbericht/4366820
,,,"Sat, 01/03/25",,,,,HNK Gorica,HNK Rijeka,SRC Velika Gorica,Attendance: 1.859,https://www.transfermarkt.co.uk/hnk-gorica_hnk-rijeka/index/spielbericht/4366836
,,,"Sun, 02/03/25",,,,,HNK Sibenik,NK Varazdin,Subicevac,Attendance: 544,https://www.transfermarkt.co.uk/hnk-sibenik_nk-varazdin/index/spielbericht/4366832
,,,"Sun, 02/02/25",,,,,NK Lokomotiva Zagreb,HNK Hajduk Split,Kranjceviceva,Attendance: 3.759,https://www.transfermarkt.co.uk/nk-lokomotiva-zagreb_hnk-hajduk-split/index/spielbericht/4366813
,,,"Fri, 07/03/25",,,,,HNK Rijeka,HNK Sibenik,Stadion Rujevica,Attendance: 5.348,https://www.transfermarkt.co.uk/hnk-rijeka_hnk-sibenik/index/spielbericht/4366837
,,,"Sun, 16/02/25",,,,,NK Osijek,HNK Rijeka,Opus Arena,Attendance: 4.780,https://www.transfermarkt.co.uk/nk-osijek_hnk-rijeka/index/spielbericht/4366825
,,,"Sat, 01/03/25",,,,,NK Osijek,Slaven Belupo Koprivnica,Opus Arena,Attendance: 3.885,https://www.transfermarkt.co.uk/nk-osijek_slaven-belupo-koprivnica/index/spielbericht/4366834
,,,"Sat, 22/02/25",,,,,HNK Rijeka,GNK Dinamo Zagreb,Stadion Rujevica,Attendance: 7.091,https://www.transfermarkt.co.uk/hnk-rijeka_gnk-dinamo-zagreb/index/spielbericht/4366828
,,,"Sun, 09/03/25",,,,,HNK Hajduk Split,HNK Gorica,Poljud,Attendance: 21.548,https://www.transfermarkt.co.uk/hnk-hajduk-split_hnk-gorica/index/spielbericht/4366838
,,,"Sun, 02/03/25",,,,,GNK Dinamo Zagreb,HNK Hajduk Split,Maksimir,Attendance: 16.901,https://www.transfermarkt.co.uk/gnk-dinamo-zagreb_hnk-hajduk-split/index/spielbericht/4366835
,,,"Sat, 15/03/25",,,,,HNK Sibenik,NK Istra 1961,Subicevac,Attendance: 712,https://www.transfermarkt.co.uk/hnk-sibenik_nk-istra-1961/index/spielbericht/4366842
,,,"Fri, 14/03/25",,,,,HNK Gorica,Slaven Belupo Koprivnica,SRC Velika Gorica,Attendance: 628,https://www.transfermarkt.co.uk/hnk-gorica_slaven-belupo-koprivnica/index/spielbericht/4366845
,,,"Sat, 08/03/25",,,,,NK Lokomotiva Zagreb,NK Osijek,Kranjceviceva,Attendance: 913,https://www.transfermarkt.co.uk/nk-lokomotiva-zagreb_nk-osijek/index/spielbericht/4366840
,,,"Sun, 09/03/25",,,,,Slaven Belupo Koprivnica,GNK Dinamo Zagreb,Gradski Stadion Ivan Kusek Apas,Attendance: 3.200,https://www.transfermarkt.co.uk/slaven-belupo-koprivnica_gnk-dinamo-zagreb/index/spielbericht/4366839
,,,"Sun, 16/03/25",,,,,NK Osijek,NK Varazdin,Opus Arena,Attendance: 2.674,https://www.transfermarkt.co.uk/nk-osijek_nk-varazdin/index/spielbericht/4366843
,,,"Fri, 28/03/25",,,,,NK Lokomotiva Zagreb,HNK Gorica,Kranjceviceva,Attendance: 284,https://www.transfermarkt.co.uk/nk-lokomotiva-zagreb_hnk-gorica/index/spielbericht/4366850
,,,"Sun, 30/03/25",,,,,HNK Hajduk Split,HNK Sibenik,Poljud,Attendance: 19.929,https://www.transfermarkt.co.uk/hnk-hajduk-split_hnk-sibenik/index/spielbericht/4366848
,,,"Sat, 15/03/25",,,,,GNK Dinamo Zagreb,NK Lokomotiva Zagreb,Maksimir,Attendance: 6.414,https://www.transfermarkt.co.uk/gnk-dinamo-zagreb_nk-lokomotiva-zagreb/index/spielbericht/4366844
,,,"Sat, 29/03/25",,,,,NK Istra 1961,NK Osijek,Aldo Drosina,Attendance: 1.620,https://www.transfermarkt.co.uk/nk-istra-1961_nk-osijek/index/spielbericht/4366852
,,,"Sat, 05/04/25",,,,,NK Istra 1961,GNK Dinamo Zagreb,Aldo Drosina,Attendance: 4.685,https://www.transfermarkt.co.uk/nk-istra-1961_gnk-dinamo-zagreb/index/spielbericht/4366854
,,,"Fri, 04/04/25",,,,,NK Varazdin,HNK Gorica,Gradski stadion Andelko Herjavec,Attendance: 1.102,https://www.transfermarkt.co.uk/nk-varazdin_hnk-gorica/index/spielbericht/4366855
,,,"Sat, 05/04/25",,,,,Slaven Belupo Koprivnica,HNK Hajduk Split,Gradski Stadion Ivan Kusek Apas,Attendance: 3.200,https://www.transfermarkt.co.uk/slaven-belupo-koprivnica_hnk-hajduk-split/index/spielbericht/4366857
,,,"Fri, 28/02/25",,,,,NK Istra 1961,NK Lokomotiva Zagreb,Aldo Drosina,Attendance: 1.271,https://www.transfermarkt.co.uk/nk-istra-1961_nk-lokomotiva-zagreb/index/spielbericht/4366833
,,,"Sat, 08/03/25",,,,,NK Varazdin,NK Istra 1961,Gradski stadion Andelko Herjavec,Attendance: 1.086,https://www.transfermarkt.co.uk/nk-varazdin_nk-istra-1961/index/spielbericht/4366841
,,,"Sun, 23/02/25",,,,,Slaven Belupo Koprivnica,NK Istra 1961,Gradski Stadion Ivan Kusek Apas,Attendance: 977,https://www.transfermarkt.co.uk/slaven-belupo-koprivnica_nk-istra-1961/index/spielbericht/4366830
,,,"Sat, 12/04/25",,,,,HNK Gorica,NK Istra 1961,SRC Velika Gorica,Attendance: 610,https://www.transfermarkt.co.uk/hnk-gorica_nk-istra-1961/index/spielbericht/4408993
,,,"Sun, 06/04/25",,,,,HNK Sibenik,NK Osijek,Subicevac,Attendance: 507,https://www.transfermarkt.co.uk/hnk-sibenik_nk-osijek/index/spielbericht/4366853
,,,"Sun, 13/04/25",,,,,HNK Rijeka,NK Varazdin,Stadion Rujevica,Attendance: 5.277,https://www.transfermarkt.co.uk/hnk-rijeka_nk-varazdin/index/spielbericht/4408992
,,,"Sun, 06/04/25",,,,,NK Lokomotiva Zagreb,HNK Rijeka,Kranjceviceva,Attendance: 1.481,https://www.transfermarkt.co.uk/nk-lokomotiva-zagreb_hnk-rijeka/index/spielbericht/4366856
,,,"Sun, 16/03/25",,,,,HNK Rijeka,HNK Hajduk Split,Stadion Rujevica,Attendance: 8.095,https://www.transfermarkt.co.uk/hnk-rijeka_hnk-hajduk-split/index/spielbericht/4366846
,,,"Fri, 02/05/25",,,,,FC Den Bosch,Helmond Sport,"Stadion ""De Vliert""",Attendance: 6.200,https://www.transfermarkt.co.uk/fc-den-bosch_helmond-sport/index/spielbericht/4371662
,,,"Sun, 13/04/25",,,,,HNK Hajduk Split,NK Lokomotiva Zagreb,Poljud,Attendance: 24.272,https://www.transfermarkt.co.uk/hnk-hajduk-split_nk-lokomotiva-zagreb/index/spielbericht/4408991
,,,"Sun, 30/03/25",,,,,NK Varazdin,GNK Dinamo Zagreb,Gradski stadion Andelko Herjavec,Attendance: 7.812,https://www.transfermarkt.co.uk/nk-varazdin_gnk-dinamo-zagreb/index/spielbericht/4366851
,,,"Fri, 18/04/25",,,,,NK Varazdin,HNK Hajduk Split,Gradski stadion Andelko Herjavec,Attendance: 10.402,https://www.transfermarkt.co.uk/nk-varazdin_hnk-hajduk-split/index/spielbericht/4366866
,,,"Sat, 19/04/25",,,,,NK Istra 1961,HNK Rijeka,Aldo Drosina,Attendance: 6.088,https://www.transfermarkt.co.uk/nk-istra-1961_hnk-rijeka/index/spielbericht/4366865
,,,"Wed, 23/04/25",,,,,HNK Hajduk Split,NK Istra 1961,Poljud,Attendance: 23.163,https://www.transfermarkt.co.uk/hnk-hajduk-split_nk-istra-1961/index/spielbericht/4366870
,,,"Fri, 18/04/25",,,,,NK Lokomotiva Zagreb,Slaven Belupo Koprivnica,Kranjceviceva,Attendance: 719,https://www.transfermarkt.co.uk/nk-lokomotiva-zagreb_slaven-belupo-koprivnica/index/spielbericht/4366867
,,,"Sat, 12/04/25",,,,,GNK Dinamo Zagreb,NK Osijek,Maksimir,Attendance: 7.497,https://www.transfermarkt.co.uk/gnk-dinamo-zagreb_nk-osijek/index/spielbericht/4408994
,,,"Fri, 11/04/25",,,,,Slaven Belupo Koprivnica,HNK Sibenik,Gradski Stadion Ivan Kusek Apas,Attendance: 1.113,https://www.transfermarkt.co.uk/slaven-belupo-koprivnica_hnk-sibenik/index/spielbericht/4408990
,,,"Wed, 23/04/25",,,,,HNK Gorica,GNK Dinamo Zagreb,SRC Velika Gorica,Attendance: 4.993,https://www.transfermarkt.co.uk/hnk-gorica_gnk-dinamo-zagreb/index/spielbericht/4366872
,,,"Fri, 02/05/25",,,,,NK Varazdin,HNK Sibenik,Gradski stadion Andelko Herjavec,Attendance: 2.190,https://www.transfermarkt.co.uk/nk-varazdin_hnk-sibenik/index/spielbericht/4366878
,,,"Sat, 03/05/25",,,,,HNK Hajduk Split,GNK Dinamo Zagreb,Poljud,Attendance: 32.111,https://www.transfermarkt.co.uk/hnk-hajduk-split_gnk-dinamo-zagreb/index/spielbericht/4366881
,,,"Sat, 26/04/25",,,,,NK Varazdin,NK Lokomotiva Zagreb,Gradski stadion Andelko Herjavec,Attendance: 1.752,https://www.transfermarkt.co.uk/nk-varazdin_nk-lokomotiva-zagreb/index/spielbericht/4366877
,,,"Sun, 27/04/25",,,,,NK Osijek,HNK Hajduk Split,Opus Arena,Attendance: 9.672,https://www.transfermarkt.co.uk/nk-osijek_hnk-hajduk-split/index/spielbericht/4366875
,,,"Mon, 28/04/25",,,,,NK Istra 1961,Slaven Belupo Koprivnica,Aldo Drosina,Attendance: 5.054,https://www.transfermarkt.co.uk/nk-istra-1961_slaven-belupo-koprivnica/index/spielbericht/4366876
,,,"Tue, 22/04/25",,,,,NK Lokomotiva Zagreb,HNK Sibenik,Kranjceviceva,Attendance: 885,https://www.transfermarkt.co.uk/nk-lokomotiva-zagreb_hnk-sibenik/index/spielbericht/4366868
,,,"Mon, 28/04/25",,,,,HNK Sibenik,HNK Gorica,Subicevac,Attendance: 1.445,https://www.transfermarkt.co.uk/hnk-sibenik_hnk-gorica/index/spielbericht/4366873
,,,"Sat, 03/05/25",,,,,NK Lokomotiva Zagreb,NK Istra 1961,Maksimir,Attendance: 340,https://www.transfermarkt.co.uk/nk-lokomotiva-zagreb_nk-istra-1961/index/spielbericht/4366879
,,,"Sun, 04/05/25",,,,,HNK Rijeka,HNK Gorica,Stadion Rujevica,Attendance: 5.883,https://www.transfermarkt.co.uk/hnk-rijeka_hnk-gorica/index/spielbericht/4366882
,,,"Fri, 09/05/25",,,,,NK Osijek,NK Lokomotiva Zagreb,Opus Arena,Attendance: 4.076,https://www.transfermarkt.co.uk/nk-osijek_nk-lokomotiva-zagreb/index/spielbericht/4366886
,,,"Sun, 11/05/25",,,,,NK Istra 1961,NK Varazdin,Aldo Drosina,Attendance: 4.743,https://www.transfermarkt.co.uk/nk-istra-1961_nk-varazdin/index/spielbericht/4366887
,,,"Sat, 19/04/25",,,,,NK Osijek,HNK Gorica,Opus Arena,Attendance: 3.622,https://www.transfermarkt.co.uk/nk-osijek_hnk-gorica/index/spielbericht/4366864
,,,"Sun, 15/09/24",,,,,HNK Sibenik,NK Varazdin,Subicevac,Attendance: 2.071,https://www.transfermarkt.co.uk/hnk-sibenik_nk-varazdin/index/spielbericht/4366724
,,,"Sun, 11/05/25",,,,,HNK Gorica,HNK Hajduk Split,SRC Velika Gorica,Attendance: 4.540,https://www.transfermarkt.co.uk/hnk-gorica_hnk-hajduk-split/index/spielbericht/4366884
,,,"Fri, 16/05/25",,,,,NK Istra 1961,HNK Sibenik,Aldo Drosina,Attendance: 4.051,https://www.transfermarkt.co.uk/nk-istra-1961_hnk-sibenik/index/spielbericht/4366888
,,,"Sun, 04/05/25",,,,,Slaven Belupo Koprivnica,NK Osijek,Gradski Stadion Ivan Kusek Apas,Attendance: 1.212,https://www.transfermarkt.co.uk/slaven-belupo-koprivnica_nk-osijek/index/spielbericht/4366880
,,,"Sat, 17/05/25",,,,,NK Lokomotiva Zagreb,GNK Dinamo Zagreb,Maksimir,Attendance: 8.981,https://www.transfermarkt.co.uk/nk-lokomotiva-zagreb_gnk-dinamo-zagreb/index/spielbericht/4366890
,,,"Sat, 10/05/25",,,,,HNK Sibenik,HNK Rijeka,Subicevac,Attendance: 2.224,https://www.transfermarkt.co.uk/hnk-sibenik_hnk-rijeka/index/spielbericht/4366883
,,,"Sun, 18/05/25",,,,,Slaven Belupo Koprivnica,HNK Gorica,Gradski Stadion Ivan Kusek Apas,Attendance: 987,https://www.transfermarkt.co.uk/slaven-belupo-koprivnica_hnk-gorica/index/spielbericht/4366891
,,,"Fri, 02/08/24",,,,,1.FC Köln,Hamburger SV,RheinEnergieSTADION,Attendance: 50.000,https://www.transfermarkt.co.uk/1-fc-koln_hamburger-sv/index/spielbericht/4373302
,,,"Sun, 25/05/25",,,,,HNK Rijeka,Slaven Belupo Koprivnica,Stadion Rujevica,Attendance: 8.187,https://www.transfermarkt.co.uk/hnk-rijeka_slaven-belupo-koprivnica/index/spielbericht/4366894
,,,"Sun, 25/05/25",,,,,NK Osijek,NK Istra 1961,Opus Arena,Attendance: 4.024,https://www.transfermarkt.co.uk/nk-osijek_nk-istra-1961/index/spielbericht/4366897
,,,"Sun, 25/05/25",,,,,GNK Dinamo Zagreb,NK Varazdin,Maksimir,Attendance: 23.075,https://www.transfermarkt.co.uk/gnk-dinamo-zagreb_nk-varazdin/index/spielbericht/4366896
,,,"Sat, 24/05/25",,,,,HNK Gorica,NK Lokomotiva Zagreb,SRC Velika Gorica,Attendance: 687,https://www.transfermarkt.co.uk/hnk-gorica_nk-lokomotiva-zagreb/index/spielbericht/4366895
,,,"Sun, 25/05/25",,,,,HNK Sibenik,HNK Hajduk Split,Subicevac,Attendance: 3.438,https://www.transfermarkt.co.uk/hnk-sibenik_hnk-hajduk-split/index/spielbericht/4366893
,,,"Sat, 03/08/24",,,,,Karlsruher SC,1.FC Nuremberg,BBBank Wildpark,Attendance: 30.707,https://www.transfermarkt.co.uk/karlsruher-sc_1-fc-nuremberg/index/spielbericht/4373304
,,,"Sun, 18/05/25",,,,,HNK Hajduk Split,HNK Rijeka,Poljud,Attendance: 16.954,https://www.transfermarkt.co.uk/hnk-hajduk-split_hnk-rijeka/index/spielbericht/4366892
,,,"Fri, 07/02/25",,,,,De Graafschap Doetinchem,FC Den Bosch,"Stadion ""De Vijverberg""",Attendance: 10.826,https://www.transfermarkt.co.uk/de-graafschap-doetinchem_fc-den-bosch/index/spielbericht/4371479
,,,"Sun, 04/08/24",,,,,SV Darmstadt 98,Fortuna Düsseldorf,Merck-Stadion am Böllenfalltor,Attendance: 17.810,https://www.transfermarkt.co.uk/sv-darmstadt-98_fortuna-dusseldorf/index/spielbericht/4373303
,,,"Sun, 04/08/24",,,,,SpVgg Greuther Fürth,Preußen Münster,Sportpark Ronhof | Thomas Sommer,Attendance: 12.664,https://www.transfermarkt.co.uk/spvgg-greuther-furth_preussen-munster/index/spielbericht/4373306
,,,"Sun, 04/08/24",,,,,SSV Ulm 1846,1.FC Kaiserslautern,Donaustadion,Attendance: 17.400,https://www.transfermarkt.co.uk/ssv-ulm-1846_1-fc-kaiserslautern/index/spielbericht/4373310
,,,"Fri, 09/08/24",,,,,SSV Jahn Regensburg,SSV Ulm 1846,Jahnstadion Regensburg,Attendance: 12.095,https://www.transfermarkt.co.uk/ssv-jahn-regensburg_ssv-ulm-1846/index/spielbericht/4373337
,,,"Sat, 10/08/24",,,,,Fortuna Düsseldorf,Karlsruher SC,MERKUR SPIEL-ARENA,Attendance: 36.103,https://www.transfermarkt.co.uk/fortuna-dusseldorf_karlsruher-sc/index/spielbericht/4373329
,,,"Sat, 03/08/24",,,,,FC Schalke 04,Eintracht Braunschweig,Veltins-Arena,Attendance: 60.534,https://www.transfermarkt.co.uk/fc-schalke-04_eintracht-braunschweig/index/spielbericht/4373308
,,,"Sun, 06/10/24",,,,,NK Varazdin,GNK Dinamo Zagreb,Gradski stadion Andelko Herjavec,Attendance: 7.314,https://www.transfermarkt.co.uk/nk-varazdin_gnk-dinamo-zagreb/index/spielbericht/4366742
,,,"Sat, 10/08/24",,,,,SV 07 Elversberg,1.FC Köln,Ursapharm-Arena an der Kaiserlinde,Attendance: 9.502,https://www.transfermarkt.co.uk/sv-07-elversberg_1-fc-koln/index/spielbericht/4373332
,,,"Fri, 09/08/24",,,,,1.FC Kaiserslautern,SpVgg Greuther Fürth,Fritz-Walter-Stadion,Attendance: 41.623,https://www.transfermarkt.co.uk/1-fc-kaiserslautern_spvgg-greuther-furth/index/spielbericht/4373334
,,,"Sat, 10/08/24",,,,,Hamburger SV,Hertha BSC,Volksparkstadion,Attendance: 57.000,https://www.transfermarkt.co.uk/hamburger-sv_hertha-bsc/index/spielbericht/4373330
,,,"Sun, 11/08/24",,,,,SC Paderborn 07,SV Darmstadt 98,Home Deluxe Arena,Attendance: 12.972,https://www.transfermarkt.co.uk/sc-paderborn-07_sv-darmstadt-98/index/spielbericht/4373331
,,,"Sat, 24/08/24",,,,,Preußen Münster,1.FC Kaiserslautern,LVM-Preußenstadion,Attendance: 12.422,https://www.transfermarkt.co.uk/preussen-munster_1-fc-kaiserslautern/index/spielbericht/4373355
,,,"Sat, 22/02/25",,,,,HNK Hajduk Split,NK Osijek,Poljud,Attendance: 17.451,https://www.transfermarkt.co.uk/hnk-hajduk-split_nk-osijek/index/spielbericht/4366829
,,,"Fri, 23/08/24",,,,,Karlsruher SC,SV 07 Elversberg,BBBank Wildpark,Attendance: 26.838,https://www.transfermarkt.co.uk/karlsruher-sc_sv-07-elversberg/index/spielbericht/4373349
,,,"Sat, 24/08/24",,,,,SpVgg Greuther Fürth,SC Paderborn 07,Sportpark Ronhof | Thomas Sommer,Attendance: 10.261,https://www.transfermarkt.co.uk/spvgg-greuther-furth_sc-paderborn-07/index/spielbericht/4373351
,,,"Sat, 24/08/24",,,,,Hertha BSC,SSV Jahn Regensburg,Olympiastadion Berlin,Attendance: 42.355,https://www.transfermarkt.co.uk/hertha-bsc_ssv-jahn-regensburg/index/spielbericht/4373352
,,,"Sun, 25/08/24",,,,,SSV Ulm 1846,Fortuna Düsseldorf,Donaustadion,Attendance: 13.226,https://www.transfermarkt.co.uk/ssv-ulm-1846_fortuna-dusseldorf/index/spielbericht/4373354
,,,"Fri, 23/08/24",,,,,Hannover 96,Hamburger SV,Heinz-von-Heiden-Arena,Attendance: 49.000,https://www.transfermarkt.co.uk/hannover-96_hamburger-sv/index/spielbericht/4373350
,,,"Sun, 11/08/24",,,,,Preußen Münster,Hannover 96,LVM-Preußenstadion,Attendance: 12.422,https://www.transfermarkt.co.uk/preussen-munster_hannover-96/index/spielbericht/4373336
,,,"Sun, 25/08/24",,,,,1.FC Magdeburg,FC Schalke 04,Avnet-Arena,Attendance: 27.146,https://www.transfermarkt.co.uk/1-fc-magdeburg_fc-schalke-04/index/spielbericht/4373353
,,,"Sat, 24/08/24",,,,,1.FC Köln,Eintracht Braunschweig,RheinEnergieSTADION,Attendance: 50.000,https://www.transfermarkt.co.uk/1-fc-koln_eintracht-braunschweig/index/spielbericht/4373347
,,,"Fri, 30/08/24",,,,,Fortuna Düsseldorf,Hannover 96,MERKUR SPIEL-ARENA,Attendance: 35.416,https://www.transfermarkt.co.uk/fortuna-dusseldorf_hannover-96/index/spielbericht/4373356
,,,"Fri, 30/08/24",,,,,SSV Jahn Regensburg,SpVgg Greuther Fürth,Jahnstadion Regensburg,Attendance: 13.105,https://www.transfermarkt.co.uk/ssv-jahn-regensburg_spvgg-greuther-furth/index/spielbericht/4373364
,,,"Tue, 22/04/25",,,,,Slaven Belupo Koprivnica,NK Varazdin,Gradski Stadion Ivan Kusek Apas,Attendance: 1.513,https://www.transfermarkt.co.uk/slaven-belupo-koprivnica_nk-varazdin/index/spielbericht/4366869
,,,"Sat, 31/08/24",,,,,Hamburger SV,Preußen Münster,Volksparkstadion,Attendance: 57.000,https://www.transfermarkt.co.uk/hamburger-sv_preussen-munster/index/spielbericht/4373357
,,,"Sun, 22/12/24",,,,,HNK Sibenik,HNK Hajduk Split,Subicevac,Attendance: 3.083,https://www.transfermarkt.co.uk/hnk-sibenik_hnk-hajduk-split/index/spielbericht/4366802
,,,"Sat, 31/08/24",,,,,1.FC Nuremberg,1.FC Magdeburg,Max-Morlock-Stadion,Attendance: 29.500,https://www.transfermarkt.co.uk/1-fc-nuremberg_1-fc-magdeburg/index/spielbericht/4373361
,,,"Sun, 01/09/24",,,,,Eintracht Braunschweig,Karlsruher SC,EINTRACHT-Stadion,Attendance: 19.908,https://www.transfermarkt.co.uk/eintracht-braunschweig_karlsruher-sc/index/spielbericht/4373363
,,,"Sat, 31/08/24",,,,,1.FC Kaiserslautern,Hertha BSC,Fritz-Walter-Stadion,Attendance: 48.608,https://www.transfermarkt.co.uk/1-fc-kaiserslautern_hertha-bsc/index/spielbericht/4373362
,,,"Fri, 13/09/24",,,,,Preußen Münster,SC Paderborn 07,LVM-Preußenstadion,Attendance: 12.422,https://www.transfermarkt.co.uk/preussen-munster_sc-paderborn-07/index/spielbericht/4373382
,,,"Sun, 01/09/24",,,,,SC Paderborn 07,SSV Ulm 1846,Home Deluxe Arena,Attendance: 11.985,https://www.transfermarkt.co.uk/sc-paderborn-07_ssv-ulm-1846/index/spielbericht/4373358
,,,"Sat, 31/08/24",,,,,SV 07 Elversberg,SV Darmstadt 98,Ursapharm-Arena an der Kaiserlinde,Attendance: 9.443,https://www.transfermarkt.co.uk/sv-07-elversberg_sv-darmstadt-98/index/spielbericht/4373360
,,,"Sun, 23/02/25",,,,,MVV Maastricht,ADO Den Haag,"Stadion ""De Geusselt""",Attendance: 4.944,https://www.transfermarkt.co.uk/mvv-maastricht_ado-den-haag/index/spielbericht/4371516
,,,"Sat, 14/09/24",,,,,1.FC Köln,1.FC Magdeburg,RheinEnergieSTADION,Attendance: 50.000,https://www.transfermarkt.co.uk/1-fc-koln_1-fc-magdeburg/index/spielbericht/4373374
,,,"Sat, 14/09/24",,,,,SV Darmstadt 98,Eintracht Braunschweig,Merck-Stadion am Böllenfalltor,Attendance: 17.076,https://www.transfermarkt.co.uk/sv-darmstadt-98_eintracht-braunschweig/index/spielbericht/4373375
,,,"Sun, 15/09/24",,,,,SpVgg Greuther Fürth,SV 07 Elversberg,Sportpark Ronhof | Thomas Sommer,Attendance: 10.877,https://www.transfermarkt.co.uk/spvgg-greuther-furth_sv-07-elversberg/index/spielbericht/4373379
,,,"Sat, 14/09/24",,,,,SSV Ulm 1846,1.FC Nuremberg,Donaustadion,Attendance: 17.400,https://www.transfermarkt.co.uk/ssv-ulm-1846_1-fc-nuremberg/index/spielbericht/4373381
,,,"Sat, 14/09/24",,,,,Hannover 96,1.FC Kaiserslautern,Heinz-von-Heiden-Arena,Attendance: 38.100,https://www.transfermarkt.co.uk/hannover-96_1-fc-kaiserslautern/index/spielbericht/4373378
,,,"Sun, 15/09/24",,,,,Hertha BSC,Fortuna Düsseldorf,Olympiastadion Berlin,Attendance: 50.135,https://www.transfermarkt.co.uk/hertha-bsc_fortuna-dusseldorf/index/spielbericht/4373380
,,,"Fri, 13/09/24",,,,,Karlsruher SC,FC Schalke 04,BBBank Wildpark,Attendance: 31.845,https://www.transfermarkt.co.uk/karlsruher-sc_fc-schalke-04/index/spielbericht/4373377
,,,"Fri, 20/09/24",,,,,SC Paderborn 07,Hannover 96,Home Deluxe Arena,Attendance: 15.000,https://www.transfermarkt.co.uk/sc-paderborn-07_hannover-96/index/spielbericht/4373393
,,,"Sun, 15/09/24",,,,,Hamburger SV,SSV Jahn Regensburg,Volksparkstadion,Attendance: 53.779,https://www.transfermarkt.co.uk/hamburger-sv_ssv-jahn-regensburg/index/spielbericht/4373376
,,,"Sun, 22/09/24",,,,,SSV Jahn Regensburg,Preußen Münster,Jahnstadion Regensburg,Attendance: 12.554,https://www.transfermarkt.co.uk/ssv-jahn-regensburg_preussen-munster/index/spielbericht/4373400
,,,"Sat, 21/09/24",,,,,1.FC Kaiserslautern,Hamburger SV,Fritz-Walter-Stadion,Attendance: 49.327,https://www.transfermarkt.co.uk/1-fc-kaiserslautern_hamburger-sv/index/spielbericht/4373397
,,,"Sat, 21/09/24",,,,,1.FC Nuremberg,Hertha BSC,Max-Morlock-Stadion,Attendance: 36.553,https://www.transfermarkt.co.uk/1-fc-nuremberg_hertha-bsc/index/spielbericht/4373396
,,,"Fri, 27/09/24",,,,,SpVgg Greuther Fürth,Fortuna Düsseldorf,Sportpark Ronhof | Thomas Sommer,Attendance: 12.405,https://www.transfermarkt.co.uk/spvgg-greuther-furth_fortuna-dusseldorf/index/spielbericht/4373414
,,,"Sun, 22/09/24",,,,,1.FC Magdeburg,Karlsruher SC,Avnet-Arena,Attendance: 26.043,https://www.transfermarkt.co.uk/1-fc-magdeburg_karlsruher-sc/index/spielbericht/4373398
,,,"Fri, 27/09/24",,,,,SSV Ulm 1846,Eintracht Braunschweig,Donaustadion,Attendance: 13.607,https://www.transfermarkt.co.uk/ssv-ulm-1846_eintracht-braunschweig/index/spielbericht/4373416
,,,"Sat, 21/09/24",,,,,Eintracht Braunschweig,SpVgg Greuther Fürth,EINTRACHT-Stadion,Attendance: 19.018,https://www.transfermarkt.co.uk/eintracht-braunschweig_spvgg-greuther-furth/index/spielbericht/4373399
,,,"Sun, 22/09/24",,,,,SV 07 Elversberg,SSV Ulm 1846,Ursapharm-Arena an der Kaiserlinde,Attendance: 8.451,https://www.transfermarkt.co.uk/sv-07-elversberg_ssv-ulm-1846/index/spielbericht/4373395
,,,"Sat, 21/09/24",,,,,Fortuna Düsseldorf,1.FC Köln,MERKUR SPIEL-ARENA,Attendance: 51.500,https://www.transfermarkt.co.uk/fortuna-dusseldorf_1-fc-koln/index/spielbericht/4373392
,,,"Sun, 29/09/24",,,,,1.FC Köln,Karlsruher SC,RheinEnergieSTADION,Attendance: 50.000,https://www.transfermarkt.co.uk/1-fc-koln_karlsruher-sc/index/spielbericht/4373410
,,,"Sat, 28/09/24",,,,,SV Darmstadt 98,1.FC Magdeburg,Merck-Stadion am Böllenfalltor,Attendance: 16.800,https://www.transfermarkt.co.uk/sv-darmstadt-98_1-fc-magdeburg/index/spielbericht/4373411
,,,"Sat, 28/09/24",,,,,Preußen Münster,FC Schalke 04,LVM-Preußenstadion,Attendance: 12.422,https://www.transfermarkt.co.uk/preussen-munster_fc-schalke-04/index/spielbericht/4373417
,,,"Sat, 28/09/24",,,,,SSV Jahn Regensburg,1.FC Kaiserslautern,Jahnstadion Regensburg,Attendance: 14.431,https://www.transfermarkt.co.uk/ssv-jahn-regensburg_1-fc-kaiserslautern/index/spielbericht/4373418
,,,"Sun, 27/04/25",,,,,GNK Dinamo Zagreb,HNK Rijeka,Maksimir,Attendance: 15.711,https://www.transfermarkt.co.uk/gnk-dinamo-zagreb_hnk-rijeka/index/spielbericht/4366874
,,,"Sun, 29/09/24",,,,,Hannover 96,1.FC Nuremberg,Heinz-von-Heiden-Arena,Attendance: 36.500,https://www.transfermarkt.co.uk/hannover-96_1-fc-nuremberg/index/spielbericht/4373413
,,,"Sat, 28/09/24",,,,,Hamburger SV,SC Paderborn 07,Volksparkstadion,Attendance: 57.000,https://www.transfermarkt.co.uk/hamburger-sv_sc-paderborn-07/index/spielbericht/4373412
,,,"Sat, 05/10/24",,,,,SV 07 Elversberg,1.FC Kaiserslautern,Ursapharm-Arena an der Kaiserlinde,Attendance: 9.502,https://www.transfermarkt.co.uk/sv-07-elversberg_1-fc-kaiserslautern/index/spielbericht/4373433
,,,"Fri, 04/10/24",,,,,Karlsruher SC,SV Darmstadt 98,BBBank Wildpark,Attendance: 31.034,https://www.transfermarkt.co.uk/karlsruher-sc_sv-darmstadt-98/index/spielbericht/4373430
,,,"Sun, 06/10/24",,,,,Fortuna Düsseldorf,Hamburger SV,MERKUR SPIEL-ARENA,Attendance: 51.500,https://www.transfermarkt.co.uk/fortuna-dusseldorf_hamburger-sv/index/spielbericht/4373429
,,,"Sun, 06/10/24",,,,,1.FC Magdeburg,SpVgg Greuther Fürth,Avnet-Arena,Attendance: 22.615,https://www.transfermarkt.co.uk/1-fc-magdeburg_spvgg-greuther-furth/index/spielbericht/4373435
,,,"Sat, 05/10/24",,,,,FC Schalke 04,Hertha BSC,Veltins-Arena,Attendance: 61.939,https://www.transfermarkt.co.uk/fc-schalke-04_hertha-bsc/index/spielbericht/4373432
,,,"Fri, 04/10/24",,,,,SC Paderborn 07,SSV Jahn Regensburg,Home Deluxe Arena,Attendance: 12.615,https://www.transfermarkt.co.uk/sc-paderborn-07_ssv-jahn-regensburg/index/spielbericht/4373431
,,,"Fri, 18/10/24",,,,,Hertha BSC,Eintracht Braunschweig,Olympiastadion Berlin,Attendance: 45.457,https://www.transfermarkt.co.uk/hertha-bsc_eintracht-braunschweig/index/spielbericht/4373450
,,,"Sat, 05/10/24",,,,,1.FC Köln,SSV Ulm 1846,RheinEnergieSTADION,Attendance: 49.900,https://www.transfermarkt.co.uk/1-fc-koln_ssv-ulm-1846/index/spielbericht/4373428
,,,"Sat, 19/10/24",,,,,Hannover 96,FC Schalke 04,Heinz-von-Heiden-Arena,Attendance: 49.000,https://www.transfermarkt.co.uk/hannover-96_fc-schalke-04/index/spielbericht/4373448
,,,"Fri, 18/10/24",,,,,SV Darmstadt 98,1.FC Köln,Merck-Stadion am Böllenfalltor,Attendance: 17.810,https://www.transfermarkt.co.uk/sv-darmstadt-98_1-fc-koln/index/spielbericht/4373446
,,,"Sun, 06/10/24",,,,,Eintracht Braunschweig,Hannover 96,EINTRACHT-Stadion,Attendance: 19.919,https://www.transfermarkt.co.uk/eintracht-braunschweig_hannover-96/index/spielbericht/4373436
,,,"Sat, 19/10/24",,,,,Preußen Münster,SV 07 Elversberg,LVM-Preußenstadion,Attendance: 11.507,https://www.transfermarkt.co.uk/preussen-munster_sv-07-elversberg/index/spielbericht/4373453
,,,"Sat, 05/10/24",,,,,1.FC Nuremberg,Preußen Münster,Max-Morlock-Stadion,Attendance: 27.312,https://www.transfermarkt.co.uk/1-fc-nuremberg_preussen-munster/index/spielbericht/4373434
,,,"Sun, 20/10/24",,,,,SSV Ulm 1846,Karlsruher SC,Donaustadion,Attendance: 17.400,https://www.transfermarkt.co.uk/ssv-ulm-1846_karlsruher-sc/index/spielbericht/4373452
,,,"Thu, 17/04/25",,,,,HNK Sibenik,GNK Dinamo Zagreb,Subicevac,Attendance: 1.991,https://www.transfermarkt.co.uk/hnk-sibenik_gnk-dinamo-zagreb/index/spielbericht/4366863
,,,"Fri, 25/10/24",,,,,1.FC Köln,SC Paderborn 07,RheinEnergieSTADION,Attendance: 50.000,https://www.transfermarkt.co.uk/1-fc-koln_sc-paderborn-07/index/spielbericht/4373464
,,,"Sun, 20/10/24",,,,,SpVgg Greuther Fürth,1.FC Nuremberg,Sportpark Ronhof | Thomas Sommer,Attendance: 16.126,https://www.transfermarkt.co.uk/spvgg-greuther-furth_1-fc-nuremberg/index/spielbericht/4373449
,,,"Sat, 26/10/24",,,,,SV 07 Elversberg,Hamburger SV,Ursapharm-Arena an der Kaiserlinde,Attendance: 9.502,https://www.transfermarkt.co.uk/sv-07-elversberg_hamburger-sv/index/spielbericht/4373469
,,,"Fri, 01/11/24",,,,,SSV Ulm 1846,FC Schalke 04,Donaustadion,Attendance: 17.400,https://www.transfermarkt.co.uk/ssv-ulm-1846_fc-schalke-04/index/spielbericht/4373488
,,,"Sat, 26/10/24",,,,,Fortuna Düsseldorf,1.FC Kaiserslautern,MERKUR SPIEL-ARENA,Attendance: 44.557,https://www.transfermarkt.co.uk/fortuna-dusseldorf_1-fc-kaiserslautern/index/spielbericht/4373466
,,,"Sat, 03/08/24",,,,,Hertha BSC,SC Paderborn 07,Olympiastadion Berlin,Attendance: 48.591,https://www.transfermarkt.co.uk/hertha-bsc_sc-paderborn-07/index/spielbericht/4373307
,,,"Wed, 23/04/25",,,,,HNK Rijeka,NK Osijek,Stadion Rujevica,Attendance: 5.704,https://www.transfermarkt.co.uk/hnk-rijeka_nk-osijek/index/spielbericht/4366871
,,,"Sat, 03/08/24",,,,,Hannover 96,SSV Jahn Regensburg,Heinz-von-Heiden-Arena,Attendance: 31.800,https://www.transfermarkt.co.uk/hannover-96_ssv-jahn-regensburg/index/spielbericht/4373305
,,,"Sun, 27/10/24",,,,,SV Darmstadt 98,SSV Ulm 1846,Merck-Stadion am Böllenfalltor,Attendance: 17.455,https://www.transfermarkt.co.uk/sv-darmstadt-98_ssv-ulm-1846/index/spielbericht/4373465
,,,"Sat, 19/10/24",,,,,1.FC Kaiserslautern,SC Paderborn 07,Fritz-Walter-Stadion,Attendance: 42.028,https://www.transfermarkt.co.uk/1-fc-kaiserslautern_sc-paderborn-07/index/spielbericht/4373451
,,,"Fri, 01/11/24",,,,,Preußen Münster,Fortuna Düsseldorf,LVM-Preußenstadion,Attendance: 12.422,https://www.transfermarkt.co.uk/preussen-munster_fortuna-dusseldorf/index/spielbericht/4373489
,,,"Sun, 11/08/24",,,,,Eintracht Braunschweig,1.FC Magdeburg,EINTRACHT-Stadion,Attendance: 22.791,https://www.transfermarkt.co.uk/eintracht-braunschweig_1-fc-magdeburg/index/spielbericht/4373335
,,,"Sat, 02/11/24",,,,,SpVgg Greuther Fürth,SV Darmstadt 98,Sportpark Ronhof | Thomas Sommer,Attendance: 11.161,https://www.transfermarkt.co.uk/spvgg-greuther-furth_sv-darmstadt-98/index/spielbericht/4373485
,,,"Sat, 26/10/24",,,,,FC Schalke 04,SpVgg Greuther Fürth,Veltins-Arena,Attendance: 60.344,https://www.transfermarkt.co.uk/fc-schalke-04_spvgg-greuther-furth/index/spielbericht/4373468
,,,"Sat, 02/11/24",,,,,Hertha BSC,1.FC Köln,Olympiastadion Berlin,Attendance: 68.763,https://www.transfermarkt.co.uk/hertha-bsc_1-fc-koln/index/spielbericht/4373486
,,,"Sun, 03/11/24",,,,,1.FC Kaiserslautern,1.FC Magdeburg,Fritz-Walter-Stadion,Attendance: 45.104,https://www.transfermarkt.co.uk/1-fc-kaiserslautern_1-fc-magdeburg/index/spielbericht/4373487
,,,"Sun, 03/11/24",,,,,SC Paderborn 07,Eintracht Braunschweig,Home Deluxe Arena,Attendance: 13.949,https://www.transfermarkt.co.uk/sc-paderborn-07_eintracht-braunschweig/index/spielbericht/4373484
,,,"Sat, 02/11/24",,,,,Hannover 96,Karlsruher SC,Heinz-von-Heiden-Arena,Attendance: 39.500,https://www.transfermarkt.co.uk/hannover-96_karlsruher-sc/index/spielbericht/4373483
,,,"Sat, 09/11/24",,,,,1.FC Köln,SpVgg Greuther Fürth,RheinEnergieSTADION,Attendance: 49.600,https://www.transfermarkt.co.uk/1-fc-koln_spvgg-greuther-furth/index/spielbericht/4373500
,,,"Sat, 02/11/24",,,,,SSV Jahn Regensburg,SV 07 Elversberg,Jahnstadion Regensburg,Attendance: 9.048,https://www.transfermarkt.co.uk/ssv-jahn-regensburg_sv-07-elversberg/index/spielbericht/4373490
,,,"Sun, 03/11/24",,,,,Hamburger SV,1.FC Nuremberg,Volksparkstadion,Attendance: 57.000,https://www.transfermarkt.co.uk/hamburger-sv_1-fc-nuremberg/index/spielbericht/4373482
,,,"Fri, 08/11/24",,,,,1.FC Nuremberg,1.FC Kaiserslautern,Max-Morlock-Stadion,Attendance: 37.731,https://www.transfermarkt.co.uk/1-fc-nuremberg_1-fc-kaiserslautern/index/spielbericht/4373506
,,,"Fri, 14/03/25",,,,,MVV Maastricht,AZ Alkmaar U21,"Stadion ""De Geusselt""",Attendance: 3.000,https://www.transfermarkt.co.uk/mvv-maastricht_az-alkmaar-u21/index/spielbericht/4371583
,,,"Sat, 09/11/24",,,,,Fortuna Düsseldorf,SC Paderborn 07,MERKUR SPIEL-ARENA,Attendance: 35.969,https://www.transfermarkt.co.uk/fortuna-dusseldorf_sc-paderborn-07/index/spielbericht/4373502
,,,"Sat, 09/11/24",,,,,1.FC Magdeburg,SSV Ulm 1846,Avnet-Arena,Attendance: 21.933,https://www.transfermarkt.co.uk/1-fc-magdeburg_ssv-ulm-1846/index/spielbericht/4373507
,,,"Sat, 09/11/24",,,,,SV Darmstadt 98,Hertha BSC,Merck-Stadion am Böllenfalltor,Attendance: 17.810,https://www.transfermarkt.co.uk/sv-darmstadt-98_hertha-bsc/index/spielbericht/4373501
,,,"Sun, 10/11/24",,,,,Karlsruher SC,Preußen Münster,BBBank Wildpark,Attendance: 30.083,https://www.transfermarkt.co.uk/karlsruher-sc_preussen-munster/index/spielbericht/4373503
,,,"Sun, 10/11/24",,,,,FC Schalke 04,SSV Jahn Regensburg,Veltins-Arena,Attendance: 60.755,https://www.transfermarkt.co.uk/fc-schalke-04_ssv-jahn-regensburg/index/spielbericht/4373504
,,,"Sun, 10/11/24",,,,,SV 07 Elversberg,Hannover 96,Ursapharm-Arena an der Kaiserlinde,Attendance: 9.337,https://www.transfermarkt.co.uk/sv-07-elversberg_hannover-96/index/spielbericht/4373505
,,,"Fri, 22/11/24",,,,,SC Paderborn 07,1.FC Nuremberg,Home Deluxe Arena,Attendance: 13.799,https://www.transfermarkt.co.uk/sc-paderborn-07_1-fc-nuremberg/index/spielbericht/4373521
,,,"Fri, 22/11/24",,,,,Preußen Münster,1.FC Köln,LVM-Preußenstadion,Attendance: 12.422,https://www.transfermarkt.co.uk/preussen-munster_1-fc-koln/index/spielbericht/4373525
,,,"Sat, 23/11/24",,,,,Hannover 96,SV Darmstadt 98,Heinz-von-Heiden-Arena,Attendance: 31.500,https://www.transfermarkt.co.uk/hannover-96_sv-darmstadt-98/index/spielbericht/4373520
,,,"Sat, 23/11/24",,,,,Fortuna Düsseldorf,SV 07 Elversberg,MERKUR SPIEL-ARENA,Attendance: 52.000,https://www.transfermarkt.co.uk/fortuna-dusseldorf_sv-07-elversberg/index/spielbericht/4373518
,,,"Fri, 29/11/24",,,,,FC Schalke 04,1.FC Kaiserslautern,Veltins-Arena,Attendance: 62.075,https://www.transfermarkt.co.uk/fc-schalke-04_1-fc-kaiserslautern/index/spielbericht/4373539
,,,"Sat, 23/11/24",,,,,Hamburger SV,FC Schalke 04,Volksparkstadion,Attendance: 57.000,https://www.transfermarkt.co.uk/hamburger-sv_fc-schalke-04/index/spielbericht/4373519
,,,"Sat, 23/11/24",,,,,Hertha BSC,SSV Ulm 1846,Olympiastadion Berlin,Attendance: 41.758,https://www.transfermarkt.co.uk/hertha-bsc_ssv-ulm-1846/index/spielbericht/4373523
,,,"Sat, 23/11/24",,,,,SpVgg Greuther Fürth,Karlsruher SC,Sportpark Ronhof | Thomas Sommer,Attendance: 12.143,https://www.transfermarkt.co.uk/spvgg-greuther-furth_karlsruher-sc/index/spielbericht/4373522
,,,"Fri, 14/03/25",,,,,FC Emmen,FC Utrecht U21,De Oude Meerdijk,Attendance: 7.336,https://www.transfermarkt.co.uk/fc-emmen_fc-utrecht-u21/index/spielbericht/4371581
,,,"Sun, 24/11/24",,,,,1.FC Kaiserslautern,Eintracht Braunschweig,Fritz-Walter-Stadion,Attendance: 45.615,https://www.transfermarkt.co.uk/1-fc-kaiserslautern_eintracht-braunschweig/index/spielbericht/4373524
,,,"Sun, 25/08/24",,,,,SV Darmstadt 98,1.FC Nuremberg,Merck-Stadion am Böllenfalltor,Attendance: 17.600,https://www.transfermarkt.co.uk/sv-darmstadt-98_1-fc-nuremberg/index/spielbericht/4373348
,,,"Mon, 10/03/25",,,,,Excelsior Rotterdam,FC Den Bosch,"Stadion ""Woudestein""",Attendance: 2.650,https://www.transfermarkt.co.uk/excelsior-rotterdam_fc-den-bosch/index/spielbericht/4371570
,,,"Sun, 24/11/24",,,,,SSV Jahn Regensburg,1.FC Magdeburg,Jahnstadion Regensburg,Attendance: 11.047,https://www.transfermarkt.co.uk/ssv-jahn-regensburg_1-fc-magdeburg/index/spielbericht/4373526
,,,"Sat, 30/11/24",,,,,SV 07 Elversberg,SC Paderborn 07,Ursapharm-Arena an der Kaiserlinde,Attendance: 8.922,https://www.transfermarkt.co.uk/sv-07-elversberg_sc-paderborn-07/index/spielbericht/4373540
,,,"Fri, 06/12/24",,,,,SC Paderborn 07,FC Schalke 04,Home Deluxe Arena,Attendance: 15.000,https://www.transfermarkt.co.uk/sc-paderborn-07_fc-schalke-04/index/spielbericht/4373557
,,,"Sun, 01/12/24",,,,,Karlsruher SC,Hamburger SV,BBBank Wildpark,Attendance: 31.805,https://www.transfermarkt.co.uk/karlsruher-sc_hamburger-sv/index/spielbericht/4373538
,,,"Sat, 30/11/24",,,,,SV Darmstadt 98,Preußen Münster,Merck-Stadion am Böllenfalltor,Attendance: 17.569,https://www.transfermarkt.co.uk/sv-darmstadt-98_preussen-munster/index/spielbericht/4373537
,,,"Sat, 07/12/24",,,,,Hannover 96,SSV Ulm 1846,Heinz-von-Heiden-Arena,Attendance: 25.600,https://www.transfermarkt.co.uk/hannover-96_ssv-ulm-1846/index/spielbericht/4373556
,,,"Sat, 07/12/24",,,,,SpVgg Greuther Fürth,Hertha BSC,Sportpark Ronhof | Thomas Sommer,Attendance: 12.125,https://www.transfermarkt.co.uk/spvgg-greuther-furth_hertha-bsc/index/spielbericht/4373558
,,,"Sat, 07/12/24",,,,,Preußen Münster,1.FC Magdeburg,LVM-Preußenstadion,Attendance: 12.422,https://www.transfermarkt.co.uk/preussen-munster_1-fc-magdeburg/index/spielbericht/4373561
,,,"Fri, 06/12/24",,,,,SV 07 Elversberg,1.FC Nuremberg,Ursapharm-Arena an der Kaiserlinde,Attendance: 9.323,https://www.transfermarkt.co.uk/sv-07-elversberg_1-fc-nuremberg/index/spielbericht/4373559
,,,"Fri, 13/12/24",,,,,Karlsruher SC,SSV Jahn Regensburg,BBBank Wildpark,Attendance: 24.158,https://www.transfermarkt.co.uk/karlsruher-sc_ssv-jahn-regensburg/index/spielbericht/4373574
,,,"Sun, 08/12/24",,,,,SSV Jahn Regensburg,1.FC Köln,Jahnstadion Regensburg,Attendance: 14.232,https://www.transfermarkt.co.uk/ssv-jahn-regensburg_1-fc-koln/index/spielbericht/4373562
,,,"Sun, 08/12/24",,,,,Hamburger SV,SV Darmstadt 98,Volksparkstadion,Attendance: 51.616,https://www.transfermarkt.co.uk/hamburger-sv_sv-darmstadt-98/index/spielbericht/4373555
,,,"Sun, 01/12/24",,,,,SSV Ulm 1846,SpVgg Greuther Fürth,Donaustadion,Attendance: 15.599,https://www.transfermarkt.co.uk/ssv-ulm-1846_spvgg-greuther-furth/index/spielbericht/4373544
,,,"Sun, 01/12/24",,,,,1.FC Nuremberg,Fortuna Düsseldorf,Max-Morlock-Stadion,Attendance: 36.111,https://www.transfermarkt.co.uk/1-fc-nuremberg_fortuna-dusseldorf/index/spielbericht/4373541
,,,"Fri, 13/12/24",,,,,Hertha BSC,Preußen Münster,Olympiastadion Berlin,Attendance: 45.767,https://www.transfermarkt.co.uk/hertha-bsc_preussen-munster/index/spielbericht/4373576
,,,"Sun, 08/12/24",,,,,Fortuna Düsseldorf,Eintracht Braunschweig,MERKUR SPIEL-ARENA,Attendance: 34.500,https://www.transfermarkt.co.uk/fortuna-dusseldorf_eintracht-braunschweig/index/spielbericht/4373554
,,,"Sat, 07/12/24",,,,,1.FC Kaiserslautern,Karlsruher SC,Fritz-Walter-Stadion,Attendance: 48.567,https://www.transfermarkt.co.uk/1-fc-kaiserslautern_karlsruher-sc/index/spielbericht/4373560
,,,"Sun, 20/10/24",,,,,Hamburger SV,1.FC Magdeburg,Volksparkstadion,Attendance: 57.000,https://www.transfermarkt.co.uk/hamburger-sv_1-fc-magdeburg/index/spielbericht/4373447
,,,"Sat, 14/12/24",,,,,FC Schalke 04,Fortuna Düsseldorf,Veltins-Arena,Attendance: 61.955,https://www.transfermarkt.co.uk/fc-schalke-04_fortuna-dusseldorf/index/spielbericht/4373577
,,,"Sat, 14/12/24",,,,,SV Darmstadt 98,1.FC Kaiserslautern,Merck-Stadion am Böllenfalltor,Attendance: 17.810,https://www.transfermarkt.co.uk/sv-darmstadt-98_1-fc-kaiserslautern/index/spielbericht/4373573
,,,"Fri, 25/10/24",,,,,1.FC Nuremberg,SSV Jahn Regensburg,Max-Morlock-Stadion,Attendance: 36.152,https://www.transfermarkt.co.uk/1-fc-nuremberg_ssv-jahn-regensburg/index/spielbericht/4373470
,,,"Fri, 04/04/25",,,,,FC Volendam,PSV Eindhoven U21,Kras Stadion,Attendance: 6.507,https://www.transfermarkt.co.uk/fc-volendam_psv-eindhoven-u21/index/spielbericht/4371612
,,,"Sun, 15/12/24",,,,,SpVgg Greuther Fürth,Hannover 96,Sportpark Ronhof | Thomas Sommer,Attendance: 12.334,https://www.transfermarkt.co.uk/spvgg-greuther-furth_hannover-96/index/spielbericht/4373575
,,,"Sat, 21/12/24",,,,,Hamburger SV,SpVgg Greuther Fürth,Volksparkstadion,Attendance: 54.786,https://www.transfermarkt.co.uk/hamburger-sv_spvgg-greuther-furth/index/spielbericht/4373600
,,,"Sun, 15/12/24",,,,,1.FC Köln,1.FC Nuremberg,RheinEnergieSTADION,Attendance: 50.000,https://www.transfermarkt.co.uk/1-fc-koln_1-fc-nuremberg/index/spielbericht/4373572
,,,"Fri, 20/12/24",,,,,Fortuna Düsseldorf,1.FC Magdeburg,MERKUR SPIEL-ARENA,Attendance: 33.527,https://www.transfermarkt.co.uk/fortuna-dusseldorf_1-fc-magdeburg/index/spielbericht/4373599
,,,"Sat, 21/12/24",,,,,1.FC Nuremberg,Eintracht Braunschweig,Max-Morlock-Stadion,Attendance: 30.676,https://www.transfermarkt.co.uk/1-fc-nuremberg_eintracht-braunschweig/index/spielbericht/4373604
,,,"Sat, 21/12/24",,,,,Preußen Münster,SSV Ulm 1846,LVM-Preußenstadion,Attendance: 11.941,https://www.transfermarkt.co.uk/preussen-munster_ssv-ulm-1846/index/spielbericht/4373606
,,,"Sat, 14/12/24",,,,,SSV Ulm 1846,Hamburger SV,Donaustadion,Attendance: 17.400,https://www.transfermarkt.co.uk/ssv-ulm-1846_hamburger-sv/index/spielbericht/4373580
,,,"Sat, 21/12/24",,,,,SC Paderborn 07,Karlsruher SC,Home Deluxe Arena,Attendance: 14.362,https://www.transfermarkt.co.uk/sc-paderborn-07_karlsruher-sc/index/spielbericht/4373602
,,,"Sun, 22/12/24",,,,,SSV Jahn Regensburg,SV Darmstadt 98,Jahnstadion Regensburg,Attendance: 10.008,https://www.transfermarkt.co.uk/ssv-jahn-regensburg_sv-darmstadt-98/index/spielbericht/4373607
,,,"Sun, 22/12/24",,,,,1.FC Kaiserslautern,1.FC Köln,Fritz-Walter-Stadion,Attendance: 49.327,https://www.transfermarkt.co.uk/1-fc-kaiserslautern_1-fc-koln/index/spielbericht/4373605
,,,"Fri, 17/01/25",,,,,SSV Jahn Regensburg,Hannover 96,Jahnstadion Regensburg,Attendance: 11.310,https://www.transfermarkt.co.uk/ssv-jahn-regensburg_hannover-96/index/spielbericht/4373625
,,,"Sun, 22/12/24",,,,,Hannover 96,Hertha BSC,Heinz-von-Heiden-Arena,Attendance: 49.000,https://www.transfermarkt.co.uk/hannover-96_hertha-bsc/index/spielbericht/4373601
,,,"Sat, 26/10/24",,,,,Karlsruher SC,Hertha BSC,BBBank Wildpark,Attendance: 31.845,https://www.transfermarkt.co.uk/karlsruher-sc_hertha-bsc/index/spielbericht/4373467
,,,"Fri, 17/01/25",,,,,Fortuna Düsseldorf,SV Darmstadt 98,MERKUR SPIEL-ARENA,Attendance: 51.200,https://www.transfermarkt.co.uk/fortuna-dusseldorf_sv-darmstadt-98/index/spielbericht/4373617
,,,"Sat, 18/01/25",,,,,Eintracht Braunschweig,FC Schalke 04,EINTRACHT-Stadion,Attendance: 22.389,https://www.transfermarkt.co.uk/eintracht-braunschweig_fc-schalke-04/index/spielbericht/4373623
,,,"Sat, 18/01/25",,,,,Hamburger SV,1.FC Köln,Volksparkstadion,Attendance: 57.000,https://www.transfermarkt.co.uk/hamburger-sv_1-fc-koln/index/spielbericht/4373618
,,,"Fri, 24/01/25",,,,,SpVgg Greuther Fürth,1.FC Kaiserslautern,Sportpark Ronhof | Thomas Sommer,Attendance: 13.590,https://www.transfermarkt.co.uk/spvgg-greuther-furth_1-fc-kaiserslautern/index/spielbericht/4373639
,,,"Sun, 19/01/25",,,,,1.FC Nuremberg,Karlsruher SC,Max-Morlock-Stadion,Attendance: 31.507,https://www.transfermarkt.co.uk/1-fc-nuremberg_karlsruher-sc/index/spielbericht/4373621
,,,"Sun, 19/01/25",,,,,SV 07 Elversberg,1.FC Magdeburg,Ursapharm-Arena an der Kaiserlinde,Attendance: 9.351,https://www.transfermarkt.co.uk/sv-07-elversberg_1-fc-magdeburg/index/spielbericht/4373620
,,,"Sun, 27/10/24",,,,,1.FC Magdeburg,Hannover 96,Avnet-Arena,Attendance: 27.065,https://www.transfermarkt.co.uk/1-fc-magdeburg_hannover-96/index/spielbericht/4373471
,,,"Fri, 24/01/25",,,,,1.FC Magdeburg,Eintracht Braunschweig,Avnet-Arena,Attendance: 27.863,https://www.transfermarkt.co.uk/1-fc-magdeburg_eintracht-braunschweig/index/spielbericht/4373642
,,,"Sat, 25/01/25",,,,,1.FC Köln,SV 07 Elversberg,RheinEnergieSTADION,Attendance: 49.800,https://www.transfermarkt.co.uk/1-fc-koln_sv-07-elversberg/index/spielbericht/4373635
,,,"Sat, 25/01/25",,,,,Karlsruher SC,Fortuna Düsseldorf,BBBank Wildpark,Attendance: 30.374,https://www.transfermarkt.co.uk/karlsruher-sc_fortuna-dusseldorf/index/spielbericht/4373637
,,,"Sat, 25/01/25",,,,,FC Schalke 04,1.FC Nuremberg,Veltins-Arena,Attendance: 61.955,https://www.transfermarkt.co.uk/fc-schalke-04_1-fc-nuremberg/index/spielbericht/4373641
,,,"Sat, 30/11/24",,,,,1.FC Köln,Hannover 96,RheinEnergieSTADION,Attendance: 50.000,https://www.transfermarkt.co.uk/1-fc-koln_hannover-96/index/spielbericht/4373536
,,,"Sat, 18/01/25",,,,,1.FC Kaiserslautern,SSV Ulm 1846,Fritz-Walter-Stadion,Attendance: 42.367,https://www.transfermarkt.co.uk/1-fc-kaiserslautern_ssv-ulm-1846/index/spielbericht/4373622
,,,"Fri, 18/04/25",,,,,Helmond Sport,SC Cambuur Leeuwarden,GS Staalwerken Stadion,Attendance: 3.150,https://www.transfermarkt.co.uk/helmond-sport_sc-cambuur-leeuwarden/index/spielbericht/4371652
,,,"Sat, 25/01/25",,,,,Hertha BSC,Hamburger SV,Olympiastadion Berlin,Attendance: 71.500,https://www.transfermarkt.co.uk/hertha-bsc_hamburger-sv/index/spielbericht/4373640
,,,"Sun, 26/01/25",,,,,SSV Ulm 1846,SSV Jahn Regensburg,Donaustadion,Attendance: 14.012,https://www.transfermarkt.co.uk/ssv-ulm-1846_ssv-jahn-regensburg/index/spielbericht/4373643
,,,"Fri, 31/01/25",,,,,1.FC Nuremberg,SV Darmstadt 98,Max-Morlock-Stadion,Attendance: 25.968,https://www.transfermarkt.co.uk/1-fc-nuremberg_sv-darmstadt-98/index/spielbericht/4373658
,,,"Sat, 01/02/25",,,,,Fortuna Düsseldorf,SSV Ulm 1846,MERKUR SPIEL-ARENA,Attendance: 32.047,https://www.transfermarkt.co.uk/fortuna-dusseldorf_ssv-ulm-1846/index/spielbericht/4373653
,,,"Sun, 02/02/25",,,,,SC Paderborn 07,SpVgg Greuther Fürth,Home Deluxe Arena,Attendance: 12.310,https://www.transfermarkt.co.uk/sc-paderborn-07_spvgg-greuther-furth/index/spielbericht/4373655
,,,"Sat, 01/02/25",,,,,SSV Jahn Regensburg,Hertha BSC,Jahnstadion Regensburg,Attendance: 12.025,https://www.transfermarkt.co.uk/ssv-jahn-regensburg_hertha-bsc/index/spielbericht/4373661
,,,"Sun, 26/01/25",,,,,SV Darmstadt 98,SC Paderborn 07,Merck-Stadion am Böllenfalltor,Attendance: 16.951,https://www.transfermarkt.co.uk/sv-darmstadt-98_sc-paderborn-07/index/spielbericht/4373636
,,,"Fri, 31/01/25",,,,,SV 07 Elversberg,Karlsruher SC,Ursapharm-Arena an der Kaiserlinde,Attendance: 10.102,https://www.transfermarkt.co.uk/sv-07-elversberg_karlsruher-sc/index/spielbericht/4373657
,,,"Sat, 01/02/25",,,,,Eintracht Braunschweig,1.FC Köln,EINTRACHT-Stadion,Attendance: 21.864,https://www.transfermarkt.co.uk/eintracht-braunschweig_1-fc-koln/index/spielbericht/4373660
,,,"Sat, 08/02/25",,,,,SSV Ulm 1846,SC Paderborn 07,Donaustadion,Attendance: 12.098,https://www.transfermarkt.co.uk/ssv-ulm-1846_sc-paderborn-07/index/spielbericht/4373678
,,,"Fri, 07/02/25",,,,,Preußen Münster,Hamburger SV,LVM-Preußenstadion,Attendance: 12.422,https://www.transfermarkt.co.uk/preussen-munster_hamburger-sv/index/spielbericht/4373679
,,,"Sun, 02/02/25",,,,,1.FC Kaiserslautern,Preußen Münster,Fritz-Walter-Stadion,Attendance: 42.901,https://www.transfermarkt.co.uk/1-fc-kaiserslautern_preussen-munster/index/spielbericht/4373659
,,,"Sat, 01/02/25",,,,,FC Schalke 04,1.FC Magdeburg,Veltins-Arena,Attendance: 61.681,https://www.transfermarkt.co.uk/fc-schalke-04_1-fc-magdeburg/index/spielbericht/4373656
,,,"Sun, 02/02/25",,,,,Hamburger SV,Hannover 96,Volksparkstadion,Attendance: 57.000,https://www.transfermarkt.co.uk/hamburger-sv_hannover-96/index/spielbericht/4373654
,,,"Fri, 09/08/24",,,,,HNK Sibenik,Slaven Belupo Koprivnica,Subicevac,Attendance: 2.578,https://www.transfermarkt.co.uk/hnk-sibenik_slaven-belupo-koprivnica/index/spielbericht/4366683
,,,"Sat, 08/02/25",,,,,Hertha BSC,1.FC Kaiserslautern,Olympiastadion Berlin,Attendance: 47.443,https://www.transfermarkt.co.uk/hertha-bsc_1-fc-kaiserslautern/index/spielbericht/4373676
,,,"Sat, 08/02/25",,,,,SV Darmstadt 98,SV 07 Elversberg,Merck-Stadion am Böllenfalltor,Attendance: 16.855,https://www.transfermarkt.co.uk/sv-darmstadt-98_sv-07-elversberg/index/spielbericht/4373672
,,,"Sun, 09/02/25",,,,,1.FC Köln,FC Schalke 04,RheinEnergieSTADION,Attendance: 50.000,https://www.transfermarkt.co.uk/1-fc-koln_fc-schalke-04/index/spielbericht/4373671
,,,"Fri, 14/02/25",,,,,SC Paderborn 07,Preußen Münster,Home Deluxe Arena,Attendance: 14.534,https://www.transfermarkt.co.uk/sc-paderborn-07_preussen-munster/index/spielbericht/4373681
,,,"Sun, 18/08/24",,,,,HNK Gorica,NK Osijek,SRC Velika Gorica,Attendance: 1.077,https://www.transfermarkt.co.uk/hnk-gorica_nk-osijek/index/spielbericht/4366710
,,,"Fri, 21/02/25",,,,,Hertha BSC,1.FC Nuremberg,Olympiastadion Berlin,Attendance: 41.752,https://www.transfermarkt.co.uk/hertha-bsc_1-fc-nuremberg/index/spielbericht/4373704
,,,"Sun, 16/02/25",,,,,1.FC Nuremberg,SSV Ulm 1846,Max-Morlock-Stadion,Attendance: 29.355,https://www.transfermarkt.co.uk/1-fc-nuremberg_ssv-ulm-1846/index/spielbericht/4373684
,,,"Sun, 09/02/25",,,,,Karlsruher SC,Eintracht Braunschweig,BBBank Wildpark,Attendance: 27.152,https://www.transfermarkt.co.uk/karlsruher-sc_eintracht-braunschweig/index/spielbericht/4373673
,,,"Sun, 16/02/25",,,,,FC Schalke 04,Karlsruher SC,Veltins-Arena,Attendance: 61.804,https://www.transfermarkt.co.uk/fc-schalke-04_karlsruher-sc/index/spielbericht/4373682
,,,"Fri, 21/02/25",,,,,Hamburger SV,1.FC Kaiserslautern,Volksparkstadion,Attendance: 57.000,https://www.transfermarkt.co.uk/hamburger-sv_1-fc-kaiserslautern/index/spielbericht/4373700
,,,"Sat, 15/02/25",,,,,Fortuna Düsseldorf,Hertha BSC,MERKUR SPIEL-ARENA,Attendance: 38.912,https://www.transfermarkt.co.uk/fortuna-dusseldorf_hertha-bsc/index/spielbericht/4373680
,,,"Sun, 27/10/24",,,,,Eintracht Braunschweig,Preußen Münster,EINTRACHT-Stadion,Attendance: 21.809,https://www.transfermarkt.co.uk/eintracht-braunschweig_preussen-munster/index/spielbericht/4373472
,,,"Sun, 16/02/25",,,,,SSV Jahn Regensburg,Hamburger SV,Jahnstadion Regensburg,Attendance: 15.210,https://www.transfermarkt.co.uk/ssv-jahn-regensburg_hamburger-sv/index/spielbericht/4373688
,,,"Sat, 15/02/25",,,,,1.FC Kaiserslautern,Hannover 96,Fritz-Walter-Stadion,Attendance: 45.779,https://www.transfermarkt.co.uk/1-fc-kaiserslautern_hannover-96/index/spielbericht/4373685
,,,"Sat, 15/02/25",,,,,Eintracht Braunschweig,SV Darmstadt 98,EINTRACHT-Stadion,Attendance: 18.714,https://www.transfermarkt.co.uk/eintracht-braunschweig_sv-darmstadt-98/index/spielbericht/4373687
,,,"Sat, 22/02/25",,,,,Karlsruher SC,1.FC Magdeburg,BBBank Wildpark,Attendance: 26.148,https://www.transfermarkt.co.uk/karlsruher-sc_1-fc-magdeburg/index/spielbericht/4373701
,,,"Sun, 26/01/25",,,,,Hannover 96,Preußen Münster,Heinz-von-Heiden-Arena,Attendance: 36.100,https://www.transfermarkt.co.uk/hannover-96_preussen-munster/index/spielbericht/4373638
,,,"Sat, 22/02/25",,,,,SSV Ulm 1846,SV 07 Elversberg,Donaustadion,Attendance: 11.735,https://www.transfermarkt.co.uk/ssv-ulm-1846_sv-07-elversberg/index/spielbericht/4373705
,,,"Sat, 22/02/25",,,,,Hannover 96,SC Paderborn 07,Heinz-von-Heiden-Arena,Attendance: 36.200,https://www.transfermarkt.co.uk/hannover-96_sc-paderborn-07/index/spielbericht/4373702
,,,"Sun, 23/02/25",,,,,1.FC Köln,Fortuna Düsseldorf,RheinEnergieSTADION,Attendance: 50.000,https://www.transfermarkt.co.uk/1-fc-koln_fortuna-dusseldorf/index/spielbericht/4373698
,,,"Sun, 23/02/25",,,,,SpVgg Greuther Fürth,Eintracht Braunschweig,Sportpark Ronhof | Thomas Sommer,Attendance: 11.032,https://www.transfermarkt.co.uk/spvgg-greuther-furth_eintracht-braunschweig/index/spielbericht/4373703
,,,"Fri, 28/02/25",,,,,Fortuna Düsseldorf,SpVgg Greuther Fürth,MERKUR SPIEL-ARENA,Attendance: 32.598,https://www.transfermarkt.co.uk/fortuna-dusseldorf_spvgg-greuther-furth/index/spielbericht/4373716
,,,"Sun, 15/12/24",,,,,Eintracht Braunschweig,SV 07 Elversberg,EINTRACHT-Stadion,Attendance: 18.308,https://www.transfermarkt.co.uk/eintracht-braunschweig_sv-07-elversberg/index/spielbericht/4373579
,,,"Sun, 23/02/25",,,,,SV Darmstadt 98,FC Schalke 04,Merck-Stadion am Böllenfalltor,Attendance: 17.810,https://www.transfermarkt.co.uk/sv-darmstadt-98_fc-schalke-04/index/spielbericht/4373699
,,,"Sat, 01/03/25",,,,,Karlsruher SC,1.FC Köln,BBBank Wildpark,Attendance: 32.190,https://www.transfermarkt.co.uk/karlsruher-sc_1-fc-koln/index/spielbericht/4373717
,,,"Fri, 28/02/25",,,,,FC Schalke 04,Preußen Münster,Veltins-Arena,Attendance: 62.077,https://www.transfermarkt.co.uk/fc-schalke-04_preussen-munster/index/spielbericht/4373719
,,,"Sat, 01/03/25",,,,,1.FC Nuremberg,Hannover 96,Max-Morlock-Stadion,Attendance: 31.961,https://www.transfermarkt.co.uk/1-fc-nuremberg_hannover-96/index/spielbericht/4373721
,,,"Sat, 01/03/25",,,,,1.FC Kaiserslautern,SSV Jahn Regensburg,Fritz-Walter-Stadion,Attendance: 41.579,https://www.transfermarkt.co.uk/1-fc-kaiserslautern_ssv-jahn-regensburg/index/spielbericht/4373722
,,,"Fri, 29/11/24",,,,,1.FC Magdeburg,Hertha BSC,Avnet-Arena,Attendance: 27.300,https://www.transfermarkt.co.uk/1-fc-magdeburg_hertha-bsc/index/spielbericht/4373542
,,,"Sat, 18/01/25",,,,,Preußen Münster,SpVgg Greuther Fürth,LVM-Preußenstadion,Attendance: 11.791,https://www.transfermarkt.co.uk/preussen-munster_spvgg-greuther-furth/index/spielbericht/4373624
,,,"Sat, 01/03/25",,,,,Eintracht Braunschweig,SSV Ulm 1846,EINTRACHT-Stadion,Attendance: 19.615,https://www.transfermarkt.co.uk/eintracht-braunschweig_ssv-ulm-1846/index/spielbericht/4373724
,,,"Sun, 02/03/25",,,,,SV 07 Elversberg,Hertha BSC,Ursapharm-Arena an der Kaiserlinde,Attendance: 10.607,https://www.transfermarkt.co.uk/sv-07-elversberg_hertha-bsc/index/spielbericht/4373720
,,,"Fri, 07/03/25",,,,,SV Darmstadt 98,Karlsruher SC,Merck-Stadion am Böllenfalltor,Attendance: 17.810,https://www.transfermarkt.co.uk/sv-darmstadt-98_karlsruher-sc/index/spielbericht/4373734
,,,"Sun, 02/03/25",,,,,SC Paderborn 07,Hamburger SV,Home Deluxe Arena,Attendance: 15.000,https://www.transfermarkt.co.uk/sc-paderborn-07_hamburger-sv/index/spielbericht/4373718
,,,"Sun, 02/03/25",,,,,1.FC Magdeburg,SV Darmstadt 98,Avnet-Arena,Attendance: 22.430,https://www.transfermarkt.co.uk/1-fc-magdeburg_sv-darmstadt-98/index/spielbericht/4373723
,,,"Sun, 01/09/24",,,,,HNK Rijeka,GNK Dinamo Zagreb,Stadion Rujevica,Attendance: 5.624,https://www.transfermarkt.co.uk/hnk-rijeka_gnk-dinamo-zagreb/index/spielbericht/4366720
,,,"Sat, 08/03/25",,,,,Hertha BSC,FC Schalke 04,Olympiastadion Berlin,Attendance: 70.159,https://www.transfermarkt.co.uk/hertha-bsc_fc-schalke-04/index/spielbericht/4373738
,,,"Fri, 07/03/25",,,,,1.FC Kaiserslautern,SV 07 Elversberg,Fritz-Walter-Stadion,Attendance: 49.068,https://www.transfermarkt.co.uk/1-fc-kaiserslautern_sv-07-elversberg/index/spielbericht/4373739
,,,"Sat, 08/03/25",,,,,SSV Ulm 1846,1.FC Köln,Donaustadion,Attendance: 17.400,https://www.transfermarkt.co.uk/ssv-ulm-1846_1-fc-koln/index/spielbericht/4373740
,,,"Sun, 09/03/25",,,,,Preußen Münster,1.FC Nuremberg,LVM-Preußenstadion,Attendance: 12.422,https://www.transfermarkt.co.uk/preussen-munster_1-fc-nuremberg/index/spielbericht/4373741
,,,"Sun, 09/03/25",,,,,Hannover 96,Eintracht Braunschweig,Heinz-von-Heiden-Arena,Attendance: 32.100,https://www.transfermarkt.co.uk/hannover-96_eintracht-braunschweig/index/spielbericht/4373736
,,,"Sat, 08/03/25",,,,,Hamburger SV,Fortuna Düsseldorf,Volksparkstadion,Attendance: 57.000,https://www.transfermarkt.co.uk/hamburger-sv_fortuna-dusseldorf/index/spielbericht/4373735
,,,"Sat, 30/11/24",,,,,Eintracht Braunschweig,SSV Jahn Regensburg,EINTRACHT-Stadion,Attendance: 19.540,https://www.transfermarkt.co.uk/eintracht-braunschweig_ssv-jahn-regensburg/index/spielbericht/4373543
,,,"Sun, 09/03/25",,,,,SSV Jahn Regensburg,SC Paderborn 07,Jahnstadion Regensburg,Attendance: 10.398,https://www.transfermarkt.co.uk/ssv-jahn-regensburg_sc-paderborn-07/index/spielbericht/4373742
,,,"Fri, 14/03/25",,,,,1.FC Magdeburg,Hamburger SV,Avnet-Arena,Attendance: 27.270,https://www.transfermarkt.co.uk/1-fc-magdeburg_hamburger-sv/index/spielbericht/4373759
,,,"Sat, 15/03/25",,,,,Fortuna Düsseldorf,SSV Jahn Regensburg,MERKUR SPIEL-ARENA,Attendance: 31.951,https://www.transfermarkt.co.uk/fortuna-dusseldorf_ssv-jahn-regensburg/index/spielbericht/4373753
,,,"Sat, 15/03/25",,,,,SV 07 Elversberg,Preußen Münster,Ursapharm-Arena an der Kaiserlinde,Attendance: 10.157,https://www.transfermarkt.co.uk/sv-07-elversberg_preussen-munster/index/spielbericht/4373757
,,,"Sun, 16/03/25",,,,,Eintracht Braunschweig,Hertha BSC,EINTRACHT-Stadion,Attendance: 22.613,https://www.transfermarkt.co.uk/eintracht-braunschweig_hertha-bsc/index/spielbericht/4373760
,,,"Fri, 14/03/25",,,,,FC Schalke 04,Hannover 96,Veltins-Arena,Attendance: 62.077,https://www.transfermarkt.co.uk/fc-schalke-04_hannover-96/index/spielbericht/4373756
,,,"Sun, 16/03/25",,,,,Karlsruher SC,SSV Ulm 1846,BBBank Wildpark,Attendance: 28.824,https://www.transfermarkt.co.uk/karlsruher-sc_ssv-ulm-1846/index/spielbericht/4373754
,,,"Sat, 29/03/25",,,,,Hannover 96,1.FC Magdeburg,Heinz-von-Heiden-Arena,Attendance: 42.500,https://www.transfermarkt.co.uk/hannover-96_1-fc-magdeburg/index/spielbericht/4373771
,,,"Sat, 15/03/25",,,,,1.FC Köln,SV Darmstadt 98,RheinEnergieSTADION,Attendance: 50.000,https://www.transfermarkt.co.uk/1-fc-koln_sv-darmstadt-98/index/spielbericht/4373752
,,,"Sun, 16/03/25",,,,,1.FC Nuremberg,SpVgg Greuther Fürth,Max-Morlock-Stadion,Attendance: 47.300,https://www.transfermarkt.co.uk/1-fc-nuremberg_spvgg-greuther-furth/index/spielbericht/4373758
,,,"Fri, 28/03/25",,,,,SSV Ulm 1846,SV Darmstadt 98,Donaustadion,Attendance: 15.271,https://www.transfermarkt.co.uk/ssv-ulm-1846_sv-darmstadt-98/index/spielbericht/4373776
,,,"Sun, 30/03/25",,,,,Preußen Münster,Eintracht Braunschweig,LVM-Preußenstadion,Attendance: 12.422,https://www.transfermarkt.co.uk/preussen-munster_eintracht-braunschweig/index/spielbericht/4373777
,,,"Sat, 29/03/25",,,,,SC Paderborn 07,1.FC Köln,Home Deluxe Arena,Attendance: 15.000,https://www.transfermarkt.co.uk/sc-paderborn-07_1-fc-koln/index/spielbericht/4373772
,,,"Sat, 29/03/25",,,,,Hertha BSC,Karlsruher SC,Olympiastadion Berlin,Attendance: 63.612,https://www.transfermarkt.co.uk/hertha-bsc_karlsruher-sc/index/spielbericht/4373774
,,,"Fri, 20/12/24",,,,,SV 07 Elversberg,FC Schalke 04,Ursapharm-Arena an der Kaiserlinde,Attendance: 9.502,https://www.transfermarkt.co.uk/sv-07-elversberg_fc-schalke-04/index/spielbericht/4373603
,,,"Sat, 15/03/25",,,,,SC Paderborn 07,1.FC Kaiserslautern,Home Deluxe Arena,Attendance: 15.000,https://www.transfermarkt.co.uk/sc-paderborn-07_1-fc-kaiserslautern/index/spielbericht/4373755
,,,"Sat, 29/03/25",,,,,1.FC Kaiserslautern,Fortuna Düsseldorf,Fritz-Walter-Stadion,Attendance: 48.279,https://www.transfermarkt.co.uk/1-fc-kaiserslautern_fortuna-dusseldorf/index/spielbericht/4373775
,,,"Sun, 30/03/25",,,,,SSV Jahn Regensburg,1.FC Nuremberg,Jahnstadion Regensburg,Attendance: 15.210,https://www.transfermarkt.co.uk/ssv-jahn-regensburg_1-fc-nuremberg/index/spielbericht/4373778
,,,"Sat, 05/04/25",,,,,SV Darmstadt 98,SpVgg Greuther Fürth,Merck-Stadion am Böllenfalltor,Attendance: 16.820,https://www.transfermarkt.co.uk/sv-darmstadt-98_spvgg-greuther-furth/index/spielbericht/4373789
,,,"Sat, 05/04/25",,,,,1.FC Köln,Hertha BSC,RheinEnergieSTADION,Attendance: 50.000,https://www.transfermarkt.co.uk/1-fc-koln_hertha-bsc/index/spielbericht/4373788
,,,"Sat, 05/04/25",,,,,Fortuna Düsseldorf,Preußen Münster,MERKUR SPIEL-ARENA,Attendance: 52.000,https://www.transfermarkt.co.uk/fortuna-dusseldorf_preussen-munster/index/spielbericht/4373790
,,,"Sat, 05/04/25",,,,,1.FC Nuremberg,Hamburger SV,Max-Morlock-Stadion,Attendance: 47.300,https://www.transfermarkt.co.uk/1-fc-nuremberg_hamburger-sv/index/spielbericht/4373794
,,,"Sun, 30/03/25",,,,,SpVgg Greuther Fürth,FC Schalke 04,Sportpark Ronhof | Thomas Sommer,Attendance: 16.126,https://www.transfermarkt.co.uk/spvgg-greuther-furth_fc-schalke-04/index/spielbericht/4373773
,,,"Sun, 06/04/25",,,,,SV 07 Elversberg,SSV Jahn Regensburg,Ursapharm-Arena an der Kaiserlinde,Attendance: 10.786,https://www.transfermarkt.co.uk/sv-07-elversberg_ssv-jahn-regensburg/index/spielbericht/4373793
,,,"Sun, 06/04/25",,,,,1.FC Magdeburg,1.FC Kaiserslautern,Avnet-Arena,Attendance: 27.270,https://www.transfermarkt.co.uk/1-fc-magdeburg_1-fc-kaiserslautern/index/spielbericht/4373795
,,,"Fri, 04/04/25",,,,,Karlsruher SC,Hannover 96,BBBank Wildpark,Attendance: 28.818,https://www.transfermarkt.co.uk/karlsruher-sc_hannover-96/index/spielbericht/4373791
,,,"Fri, 04/04/25",,,,,Eintracht Braunschweig,SC Paderborn 07,EINTRACHT-Stadion,Attendance: 20.283,https://www.transfermarkt.co.uk/eintracht-braunschweig_sc-paderborn-07/index/spielbericht/4373796
,,,"Fri, 11/04/25",,,,,Hamburger SV,Eintracht Braunschweig,Volksparkstadion,Attendance: 57.000,https://www.transfermarkt.co.uk/hamburger-sv_eintracht-braunschweig/index/spielbericht/4373806
,,,"Sat, 12/04/25",,,,,Hannover 96,SV 07 Elversberg,Heinz-von-Heiden-Arena,Attendance: 35.500,https://www.transfermarkt.co.uk/hannover-96_sv-07-elversberg/index/spielbericht/4373807
,,,"Sat, 19/04/25",,,,,SV 07 Elversberg,Fortuna Düsseldorf,Ursapharm-Arena an der Kaiserlinde,Attendance: 9.105,https://www.transfermarkt.co.uk/sv-07-elversberg_fortuna-dusseldorf/index/spielbericht/4373828
,,,"Sat, 12/04/25",,,,,1.FC Kaiserslautern,1.FC Nuremberg,Fritz-Walter-Stadion,Attendance: 49.327,https://www.transfermarkt.co.uk/1-fc-kaiserslautern_1-fc-nuremberg/index/spielbericht/4373811
,,,"Fri, 11/04/25",,,,,SpVgg Greuther Fürth,1.FC Köln,Sportpark Ronhof | Thomas Sommer,Attendance: 15.294,https://www.transfermarkt.co.uk/spvgg-greuther-furth_1-fc-koln/index/spielbericht/4373809
,,,"Sat, 12/04/25",,,,,SSV Ulm 1846,1.FC Magdeburg,Donaustadion,Attendance: 16.181,https://www.transfermarkt.co.uk/ssv-ulm-1846_1-fc-magdeburg/index/spielbericht/4373812
,,,"Sat, 12/04/25",,,,,Hertha BSC,SV Darmstadt 98,Olympiastadion Berlin,Attendance: 46.763,https://www.transfermarkt.co.uk/hertha-bsc_sv-darmstadt-98/index/spielbericht/4373810
,,,"Sun, 13/04/25",,,,,SC Paderborn 07,Fortuna Düsseldorf,Home Deluxe Arena,Attendance: 15.000,https://www.transfermarkt.co.uk/sc-paderborn-07_fortuna-dusseldorf/index/spielbericht/4373808
,,,"Sun, 13/04/25",,,,,SSV Jahn Regensburg,FC Schalke 04,Jahnstadion Regensburg,Attendance: 15.210,https://www.transfermarkt.co.uk/ssv-jahn-regensburg_fc-schalke-04/index/spielbericht/4373814
,,,"Sun, 20/04/25",,,,,1.FC Köln,Preußen Münster,RheinEnergieSTADION,Attendance: 50.000,https://www.transfermarkt.co.uk/1-fc-koln_preussen-munster/index/spielbericht/4373824
,,,"Sat, 19/04/25",,,,,1.FC Nuremberg,SC Paderborn 07,Max-Morlock-Stadion,Attendance: 39.594,https://www.transfermarkt.co.uk/1-fc-nuremberg_sc-paderborn-07/index/spielbericht/4373829
,,,"Sat, 19/04/25",,,,,FC Schalke 04,Hamburger SV,Veltins-Arena,Attendance: 62.077,https://www.transfermarkt.co.uk/fc-schalke-04_hamburger-sv/index/spielbericht/4373827
,,,"Sun, 20/04/25",,,,,1.FC Magdeburg,SSV Jahn Regensburg,Avnet-Arena,Attendance: 26.020,https://www.transfermarkt.co.uk/1-fc-magdeburg_ssv-jahn-regensburg/index/spielbericht/4373830
,,,"Fri, 25/04/25",,,,,SpVgg Greuther Fürth,SSV Ulm 1846,Sportpark Ronhof | Thomas Sommer,Attendance: 14.425,https://www.transfermarkt.co.uk/spvgg-greuther-furth_ssv-ulm-1846/index/spielbericht/4373846
,,,"Sun, 20/04/25",,,,,SV Darmstadt 98,Hannover 96,Merck-Stadion am Böllenfalltor,Attendance: 17.810,https://www.transfermarkt.co.uk/sv-darmstadt-98_hannover-96/index/spielbericht/4373825
,,,"Sun, 20/04/25",,,,,Karlsruher SC,SpVgg Greuther Fürth,BBBank Wildpark,Attendance: 26.155,https://www.transfermarkt.co.uk/karlsruher-sc_spvgg-greuther-furth/index/spielbericht/4373826
,,,"Sun, 13/04/25",,,,,Preußen Münster,Karlsruher SC,LVM-Preußenstadion,Attendance: 12.422,https://www.transfermarkt.co.uk/preussen-munster_karlsruher-sc/index/spielbericht/4373813
,,,"Sat, 26/04/25",,,,,Fortuna Düsseldorf,1.FC Nuremberg,MERKUR SPIEL-ARENA,Attendance: 40.021,https://www.transfermarkt.co.uk/fortuna-dusseldorf_1-fc-nuremberg/index/spielbericht/4373842
,,,"Sat, 26/04/25",,,,,Preußen Münster,SV Darmstadt 98,LVM-Preußenstadion,Attendance: 12.422,https://www.transfermarkt.co.uk/preussen-munster_sv-darmstadt-98/index/spielbericht/4373849
,,,"Fri, 07/02/25",,,,,SpVgg Greuther Fürth,SSV Jahn Regensburg,Sportpark Ronhof | Thomas Sommer,Attendance: 12.586,https://www.transfermarkt.co.uk/spvgg-greuther-furth_ssv-jahn-regensburg/index/spielbericht/4373675
,,,"Sat, 19/04/25",,,,,Eintracht Braunschweig,1.FC Kaiserslautern,EINTRACHT-Stadion,Attendance: 22.651,https://www.transfermarkt.co.uk/eintracht-braunschweig_1-fc-kaiserslautern/index/spielbericht/4373831
,,,"Sun, 27/04/25",,,,,1.FC Kaiserslautern,FC Schalke 04,Fritz-Walter-Stadion,Attendance: 49.327,https://www.transfermarkt.co.uk/1-fc-kaiserslautern_fc-schalke-04/index/spielbericht/4373848
,,,"Fri, 02/05/25",,,,,FC Schalke 04,SC Paderborn 07,Veltins-Arena,Attendance: 62.094,https://www.transfermarkt.co.uk/fc-schalke-04_sc-paderborn-07/index/spielbericht/4373864
,,,"Sat, 03/05/25",,,,,SV Darmstadt 98,Hamburger SV,Merck-Stadion am Böllenfalltor,Attendance: 17.810,https://www.transfermarkt.co.uk/sv-darmstadt-98_hamburger-sv/index/spielbericht/4373861
,,,"Sat, 03/05/25",,,,,1.FC Köln,SSV Jahn Regensburg,RheinEnergieSTADION,Attendance: 49.500,https://www.transfermarkt.co.uk/1-fc-koln_ssv-jahn-regensburg/index/spielbericht/4373860
,,,"Sat, 26/04/25",,,,,SSV Jahn Regensburg,Eintracht Braunschweig,Jahnstadion Regensburg,Attendance: 13.773,https://www.transfermarkt.co.uk/ssv-jahn-regensburg_eintracht-braunschweig/index/spielbericht/4373850
,,,"Sat, 03/05/25",,,,,Eintracht Braunschweig,Fortuna Düsseldorf,EINTRACHT-Stadion,Attendance: 23.605,https://www.transfermarkt.co.uk/eintracht-braunschweig_fortuna-dusseldorf/index/spielbericht/4373867
,,,"Sat, 03/05/25",,,,,SSV Ulm 1846,Hannover 96,Donaustadion,Attendance: 17.400,https://www.transfermarkt.co.uk/ssv-ulm-1846_hannover-96/index/spielbericht/4373868
,,,"Fri, 20/12/24",,,,,NK Osijek,NK Istra 1961,Opus Arena,Attendance: 3.889,https://www.transfermarkt.co.uk/nk-osijek_nk-istra-1961/index/spielbericht/4366806
,,,"Sun, 04/05/25",,,,,Karlsruher SC,1.FC Kaiserslautern,BBBank Wildpark,Attendance: 32.190,https://www.transfermarkt.co.uk/karlsruher-sc_1-fc-kaiserslautern/index/spielbericht/4373862
,,,"Fri, 25/04/25",,,,,Hertha BSC,1.FC Magdeburg,Olympiastadion Berlin,Attendance: 62.057,https://www.transfermarkt.co.uk/hertha-bsc_1-fc-magdeburg/index/spielbericht/4373847
,,,"Sun, 04/05/25",,,,,1.FC Nuremberg,SV 07 Elversberg,Max-Morlock-Stadion,Attendance: 49.000,https://www.transfermarkt.co.uk/1-fc-nuremberg_sv-07-elversberg/index/spielbericht/4373865
,,,"Sun, 27/04/25",,,,,Hamburger SV,Karlsruher SC,Volksparkstadion,Attendance: 57.000,https://www.transfermarkt.co.uk/hamburger-sv_karlsruher-sc/index/spielbericht/4373843
,,,"Sat, 22/02/25",,,,,Preußen Münster,SSV Jahn Regensburg,LVM-Preußenstadion,Attendance: 11.586,https://www.transfermarkt.co.uk/preussen-munster_ssv-jahn-regensburg/index/spielbericht/4373706
,,,"Sat, 08/02/25",,,,,1.FC Magdeburg,1.FC Nuremberg,Avnet-Arena,Attendance: 23.883,https://www.transfermarkt.co.uk/1-fc-magdeburg_1-fc-nuremberg/index/spielbericht/4373677
,,,"Sun, 04/05/25",,,,,Hertha BSC,SpVgg Greuther Fürth,Olympiastadion Berlin,Attendance: 48.047,https://www.transfermarkt.co.uk/hertha-bsc_spvgg-greuther-furth/index/spielbericht/4373863
,,,"Sun, 09/02/25",,,,,Hannover 96,Fortuna Düsseldorf,Heinz-von-Heiden-Arena,Attendance: 33.200,https://www.transfermarkt.co.uk/hannover-96_fortuna-dusseldorf/index/spielbericht/4373674
,,,"Fri, 09/05/25",,,,,Preußen Münster,Hertha BSC,LVM-Preußenstadion,Attendance: 12.422,https://www.transfermarkt.co.uk/preussen-munster_hertha-bsc/index/spielbericht/4373885
,,,"Fri, 09/05/25",,,,,1.FC Nuremberg,1.FC Köln,Max-Morlock-Stadion,Attendance: 50.000,https://www.transfermarkt.co.uk/1-fc-nuremberg_1-fc-koln/index/spielbericht/4373883
,,,"Fri, 28/03/25",,,,,Hamburger SV,SV 07 Elversberg,Volksparkstadion,Attendance: 56.328,https://www.transfermarkt.co.uk/hamburger-sv_sv-07-elversberg/index/spielbericht/4373770
,,,"Sat, 10/05/25",,,,,SV 07 Elversberg,Eintracht Braunschweig,Ursapharm-Arena an der Kaiserlinde,Attendance: 9.105,https://www.transfermarkt.co.uk/sv-07-elversberg_eintracht-braunschweig/index/spielbericht/4373882
,,,"Sun, 11/05/25",,,,,Hannover 96,SpVgg Greuther Fürth,Heinz-von-Heiden-Arena,Attendance: 36.500,https://www.transfermarkt.co.uk/hannover-96_spvgg-greuther-furth/index/spielbericht/4373880
,,,"Sun, 11/05/25",,,,,1.FC Kaiserslautern,SV Darmstadt 98,Fritz-Walter-Stadion,Attendance: 49.088,https://www.transfermarkt.co.uk/1-fc-kaiserslautern_sv-darmstadt-98/index/spielbericht/4373884
,,,"Sun, 18/05/25",,,,,SV Darmstadt 98,SSV Jahn Regensburg,Merck-Stadion am Böllenfalltor,Attendance: 16.966,https://www.transfermarkt.co.uk/sv-darmstadt-98_ssv-jahn-regensburg/index/spielbericht/4373897
,,,"Sun, 18/05/25",,,,,1.FC Köln,1.FC Kaiserslautern,RheinEnergieSTADION,Attendance: 50.000,https://www.transfermarkt.co.uk/1-fc-koln_1-fc-kaiserslautern/index/spielbericht/4373896
,,,"Sat, 15/02/25",,,,,SV 07 Elversberg,SpVgg Greuther Fürth,Ursapharm-Arena an der Kaiserlinde,Attendance: 8.623,https://www.transfermarkt.co.uk/sv-07-elversberg_spvgg-greuther-furth/index/spielbericht/4373683
,,,"Sun, 18/05/25",,,,,SpVgg Greuther Fürth,Hamburger SV,Sportpark Ronhof | Thomas Sommer,Attendance: 16.126,https://www.transfermarkt.co.uk/spvgg-greuther-furth_hamburger-sv/index/spielbericht/4373899
,,,"Sat, 10/05/25",,,,,Fortuna Düsseldorf,FC Schalke 04,MERKUR SPIEL-ARENA,Attendance: 51.500,https://www.transfermarkt.co.uk/fortuna-dusseldorf_fc-schalke-04/index/spielbericht/4373878
,,,"Sun, 18/05/25",,,,,Hertha BSC,Hannover 96,Olympiastadion Berlin,Attendance: 66.957,https://www.transfermarkt.co.uk/hertha-bsc_hannover-96/index/spielbericht/4373900
,,,"Sat, 10/05/25",,,,,SC Paderborn 07,1.FC Magdeburg,Home Deluxe Arena,Attendance: 15.000,https://www.transfermarkt.co.uk/sc-paderborn-07_1-fc-magdeburg/index/spielbericht/4373881
,,,"Sun, 11/05/25",,,,,SSV Jahn Regensburg,Karlsruher SC,Jahnstadion Regensburg,Attendance: 12.708,https://www.transfermarkt.co.uk/ssv-jahn-regensburg_karlsruher-sc/index/spielbericht/4373886
,,,"Sun, 18/05/25",,,,,Karlsruher SC,SC Paderborn 07,BBBank Wildpark,Attendance: 31.190,https://www.transfermarkt.co.uk/karlsruher-sc_sc-paderborn-07/index/spielbericht/4373898
,,,"Sun, 18/05/25",,,,,Eintracht Braunschweig,1.FC Nuremberg,EINTRACHT-Stadion,Attendance: 22.917,https://www.transfermarkt.co.uk/eintracht-braunschweig_1-fc-nuremberg/index/spielbericht/4373903
,,,"Sat, 10/05/25",,,,,Hamburger SV,SSV Ulm 1846,Volksparkstadion,Attendance: 57.000,https://www.transfermarkt.co.uk/hamburger-sv_ssv-ulm-1846/index/spielbericht/4373879
,,,"Fri, 12/07/24",,,,,FC Hermannstadt,CS Universitatea Craiova,Municipal Sibiu (2022),Attendance: 6.168,https://www.transfermarkt.co.uk/fc-hermannstadt_cs-universitatea-craiova/index/spielbericht/4374599
,,,"Sun, 18/05/25",,,,,1.FC Magdeburg,Fortuna Düsseldorf,Avnet-Arena,Attendance: 27.265,https://www.transfermarkt.co.uk/1-fc-magdeburg_fortuna-dusseldorf/index/spielbericht/4373902
,,,"Sun, 18/05/25",,,,,FC Schalke 04,SV 07 Elversberg,Veltins-Arena,Attendance: 62.077,https://www.transfermarkt.co.uk/fc-schalke-04_sv-07-elversberg/index/spielbericht/4373901
,,,"Sat, 13/07/24",,,,,Sepsi OSK Sf. Gheorghe,ACSM Politehnica Iasi,Sepsi Duna Arena,Attendance: 3.998,https://www.transfermarkt.co.uk/sepsi-osk-sf-gheorghe_acsm-politehnica-iasi/index/spielbericht/4374600
,,,"Fri, 19/07/24",,,,,AFC Unirea 04 Slobozia,FCSB,Nicolae Dobrin,Attendance: 2.200,https://www.transfermarkt.co.uk/afc-unirea-04-slobozia_fcsb/index/spielbericht/4374615
,,,"Fri, 19/07/24",,,,,ACSM Politehnica Iasi,FC Botosani,Emil Alexandrescu,Attendance: 3.575,https://www.transfermarkt.co.uk/acsm-politehnica-iasi_fc-botosani/index/spielbericht/4374614
,,,"Mon, 15/07/24",,,,,FC Botosani,SC Otelul Galati,Municipal Botoșani,Attendance: 2.830,https://www.transfermarkt.co.uk/fc-botosani_sc-otelul-galati/index/spielbericht/4374604
,,,"Sat, 13/07/24",,,,,UTA Arad,FC Rapid 1923,Francisc von Neumann (2020),Attendance: 10.043,https://www.transfermarkt.co.uk/uta-arad_fc-rapid-1923/index/spielbericht/4374601
,,,"Mon, 15/07/24",,,,,Petrolul Ploiesti,ASFC Buzau (2016-2025),Ilie Oană (2011),Attendance: 6.500,https://www.transfermarkt.co.uk/petrolul-ploiesti_asfc-buzau-2016-2025-/index/spielbericht/4374605
,,,"Sun, 21/07/24",,,,,FC Dinamo 1948,Petrolul Ploiesti,Arcul de Triumf,Attendance: 6.743,https://www.transfermarkt.co.uk/fc-dinamo-1948_petrolul-ploiesti/index/spielbericht/4374619
,,,"Sun, 21/07/24",,,,,FC Universitatea Cluj,FC Hermannstadt,Cluj Arena,Attendance: 4.000,https://www.transfermarkt.co.uk/fc-universitatea-cluj_fc-hermannstadt/index/spielbericht/4374618
,,,"Sat, 20/07/24",,,,,CS Universitatea Craiova,UTA Arad,Ion Oblemenco (2017),Attendance: 7.763,https://www.transfermarkt.co.uk/cs-universitatea-craiova_uta-arad/index/spielbericht/4374616
,,,"Sat, 13/07/24",,,,,FCSB,FC Universitatea Cluj,Steaua,Attendance: 10.223,https://www.transfermarkt.co.uk/fcsb_fc-universitatea-cluj/index/spielbericht/4374602
,,,"Sun, 14/07/24",,,,,CFR Cluj,FC Dinamo 1948,Dr. Constantin Rădulescu,Attendance: 5.600,https://www.transfermarkt.co.uk/cfr-cluj_fc-dinamo-1948/index/spielbericht/4374603
,,,"Mon, 22/07/24",,,,,SC Otelul Galati,FCV Farul Constanta,Oţelul,Attendance: 7.235,https://www.transfermarkt.co.uk/sc-otelul-galati_fcv-farul-constanta/index/spielbericht/4374621
,,,"Sat, 20/07/24",,,,,FC Rapid 1923,CFR Cluj,Superbet Arena - Giulești,Attendance: 12.400,https://www.transfermarkt.co.uk/fc-rapid-1923_cfr-cluj/index/spielbericht/4374617
,,,"Fri, 26/07/24",,,,,FCSB,SC Otelul Galati,Steaua,Attendance: 4.754,https://www.transfermarkt.co.uk/fcsb_sc-otelul-galati/index/spielbericht/4395118
,,,"Sat, 27/07/24",,,,,Sepsi OSK Sf. Gheorghe,FC Dinamo 1948,Sepsi Duna Arena,Attendance: 6.550,https://www.transfermarkt.co.uk/sepsi-osk-sf-gheorghe_fc-dinamo-1948/index/spielbericht/4395113
,,,"Mon, 22/07/24",,,,,ASFC Buzau (2016-2025),Sepsi OSK Sf. Gheorghe,Gloria,Attendance: 5.700,https://www.transfermarkt.co.uk/asfc-buzau-2016-2025-_sepsi-osk-sf-gheorghe/index/spielbericht/4374620
,,,"Fri, 26/07/24",,,,,FC Hermannstadt,AFC Unirea 04 Slobozia,Municipal Sibiu (2022),Attendance: 3.000,https://www.transfermarkt.co.uk/fc-hermannstadt_afc-unirea-04-slobozia/index/spielbericht/4395117
,,,"Fri, 02/08/24",,,,,FC Dinamo 1948,ASFC Buzau (2016-2025),Arcul de Triumf,Attendance: 6.800,https://www.transfermarkt.co.uk/fc-dinamo-1948_asfc-buzau-2016-2025-/index/spielbericht/4395135
,,,"Fri, 02/08/24",,,,,SC Otelul Galati,FC Hermannstadt,Oţelul,Attendance: 5.580,https://www.transfermarkt.co.uk/sc-otelul-galati_fc-hermannstadt/index/spielbericht/4395133
,,,"Sun, 28/07/24",,,,,FCV Farul Constanta,FC Botosani,Central - Complex Gheorghe Hagi,Attendance: 2.933,https://www.transfermarkt.co.uk/fcv-farul-constanta_fc-botosani/index/spielbericht/4395119
,,,"Sun, 04/08/24",,,,,CS Universitatea Craiova,Petrolul Ploiesti,Ion Oblemenco (2017),Attendance: 10.664,https://www.transfermarkt.co.uk/cs-universitatea-craiova_petrolul-ploiesti/index/spielbericht/4395130
,,,"Sun, 04/08/24",,,,,CFR Cluj,FC Universitatea Cluj,Dr. Constantin Rădulescu,Attendance: 9.989,https://www.transfermarkt.co.uk/cfr-cluj_fc-universitatea-cluj/index/spielbericht/4506891
,,,"Sun, 28/07/24",,,,,CFR Cluj,CS Universitatea Craiova,Dr. Constantin Rădulescu,Attendance: 7.500,https://www.transfermarkt.co.uk/cfr-cluj_cs-universitatea-craiova/index/spielbericht/4395115
,,,"Fri, 09/08/24",,,,,FCSB,FCV Farul Constanta,Steaua,Attendance: 6.743,https://www.transfermarkt.co.uk/fcsb_fcv-farul-constanta/index/spielbericht/4395159
,,,"Mon, 29/07/24",,,,,Petrolul Ploiesti,FC Rapid 1923,Ilie Oană (2011),Attendance: 9.700,https://www.transfermarkt.co.uk/petrolul-ploiesti_fc-rapid-1923/index/spielbericht/4395114
,,,"Sat, 03/08/24",,,,,FCV Farul Constanta,ACSM Politehnica Iasi,Central - Complex Gheorghe Hagi,Attendance: 3.368,https://www.transfermarkt.co.uk/fcv-farul-constanta_acsm-politehnica-iasi/index/spielbericht/4395136
,,,"Mon, 05/08/24",,,,,FC Rapid 1923,Sepsi OSK Sf. Gheorghe,Superbet Arena - Giulești,Attendance: 10.186,https://www.transfermarkt.co.uk/fc-rapid-1923_sepsi-osk-sf-gheorghe/index/spielbericht/4395129
,,,"Thu, 21/11/24",,,,,FC Botosani,FCSB,Municipal Botoșani,Attendance: 5.866,https://www.transfermarkt.co.uk/fc-botosani_fcsb/index/spielbericht/4395134
,,,"Sat, 10/08/24",,,,,UTA Arad,SC Otelul Galati,Francisc von Neumann (2020),Attendance: 7.900,https://www.transfermarkt.co.uk/uta-arad_sc-otelul-galati/index/spielbericht/4395156
,,,"Mon, 05/08/24",,,,,AFC Unirea 04 Slobozia,UTA Arad,Nicolae Dobrin,Attendance: 471,https://www.transfermarkt.co.uk/afc-unirea-04-slobozia_uta-arad/index/spielbericht/4395132
,,,"Sat, 10/08/24",,,,,FC Hermannstadt,FC Botosani,Municipal Sibiu (2022),Attendance: 3.430,https://www.transfermarkt.co.uk/fc-hermannstadt_fc-botosani/index/spielbericht/4395157
,,,"Mon, 12/08/24",,,,,Petrolul Ploiesti,FC Universitatea Cluj,Ilie Oană (2011),Attendance: 7.118,https://www.transfermarkt.co.uk/petrolul-ploiesti_fc-universitatea-cluj/index/spielbericht/4395154
,,,"Sat, 29/03/25",,,,,Slaven Belupo Koprivnica,HNK Rijeka,Gradski Stadion Ivan Kusek Apas,Attendance: 1.967,https://www.transfermarkt.co.uk/slaven-belupo-koprivnica_hnk-rijeka/index/spielbericht/4366849
,,,"Sun, 11/08/24",,,,,Sepsi OSK Sf. Gheorghe,CS Universitatea Craiova,Sepsi Duna Arena,Attendance: 4.732,https://www.transfermarkt.co.uk/sepsi-osk-sf-gheorghe_cs-universitatea-craiova/index/spielbericht/4395153
,,,"Sun, 11/08/24",,,,,CFR Cluj,AFC Unirea 04 Slobozia,Dr. Constantin Rădulescu,Attendance: 2.336,https://www.transfermarkt.co.uk/cfr-cluj_afc-unirea-04-slobozia/index/spielbericht/4395155
,,,"Sat, 17/08/24",,,,,FC Botosani,UTA Arad,Municipal Botoșani,Attendance: 3.421,https://www.transfermarkt.co.uk/fc-botosani_uta-arad/index/spielbericht/4395124
,,,"Fri, 16/08/24",,,,,AFC Unirea 04 Slobozia,Petrolul Ploiesti,Nicolae Dobrin,Attendance: 1.200,https://www.transfermarkt.co.uk/afc-unirea-04-slobozia_petrolul-ploiesti/index/spielbericht/4395122
,,,"Fri, 16/08/24",,,,,CS Universitatea Craiova,ASFC Buzau (2016-2025),Ion Oblemenco (2017),Attendance: 8.250,https://www.transfermarkt.co.uk/cs-universitatea-craiova_asfc-buzau-2016-2025-/index/spielbericht/4395125
,,,"Mon, 12/08/24",,,,,ACSM Politehnica Iasi,FC Dinamo 1948,Emil Alexandrescu,Attendance: 7.357,https://www.transfermarkt.co.uk/acsm-politehnica-iasi_fc-dinamo-1948/index/spielbericht/4395160
,,,"Mon, 19/08/24",,,,,FC Universitatea Cluj,Sepsi OSK Sf. Gheorghe,Cluj Arena,Attendance: 8.521,https://www.transfermarkt.co.uk/fc-universitatea-cluj_sepsi-osk-sf-gheorghe/index/spielbericht/4395121
,,,"Mon, 19/08/24",,,,,FCV Farul Constanta,FC Hermannstadt,Central - Complex Gheorghe Hagi,Attendance: 2.600,https://www.transfermarkt.co.uk/fcv-farul-constanta_fc-hermannstadt/index/spielbericht/4395126
,,,"Mon, 11/11/24",,,,,SC Otelul Galati,CFR Cluj,Oţelul,Attendance: 1.455,https://www.transfermarkt.co.uk/sc-otelul-galati_cfr-cluj/index/spielbericht/4395123
,,,"Sat, 24/08/24",,,,,Sepsi OSK Sf. Gheorghe,AFC Unirea 04 Slobozia,Sepsi Duna Arena,Attendance: 3.200,https://www.transfermarkt.co.uk/sepsi-osk-sf-gheorghe_afc-unirea-04-slobozia/index/spielbericht/4395137
,,,"Sat, 24/08/24",,,,,FC Dinamo 1948,CS Universitatea Craiova,Arcul de Triumf,Attendance: 7.126,https://www.transfermarkt.co.uk/fc-dinamo-1948_cs-universitatea-craiova/index/spielbericht/4395142
,,,"Fri, 23/08/24",,,,,ACSM Politehnica Iasi,FC Rapid 1923,Emil Alexandrescu,Attendance: 8.375,https://www.transfermarkt.co.uk/acsm-politehnica-iasi_fc-rapid-1923/index/spielbericht/4395144
,,,"Fri, 23/08/24",,,,,Petrolul Ploiesti,SC Otelul Galati,Ilie Oană (2011),Attendance: 6.653,https://www.transfermarkt.co.uk/petrolul-ploiesti_sc-otelul-galati/index/spielbericht/4395138
,,,"Fri, 30/08/24",,,,,SC Otelul Galati,Sepsi OSK Sf. Gheorghe,Oţelul,Attendance: 6.000,https://www.transfermarkt.co.uk/sc-otelul-galati_sepsi-osk-sf-gheorghe/index/spielbericht/4395161
,,,"Sat, 31/08/24",,,,,FC Hermannstadt,ACSM Politehnica Iasi,Municipal Sibiu (2022),Attendance: 3.500,https://www.transfermarkt.co.uk/fc-hermannstadt_acsm-politehnica-iasi/index/spielbericht/4395168
,,,"Mon, 26/08/24",,,,,UTA Arad,FCV Farul Constanta,Francisc von Neumann (2020),Attendance: 6.430,https://www.transfermarkt.co.uk/uta-arad_fcv-farul-constanta/index/spielbericht/4395141
,,,"Mon, 26/08/24",,,,,ASFC Buzau (2016-2025),FC Universitatea Cluj,Gloria,Attendance: 3.350,https://www.transfermarkt.co.uk/asfc-buzau-2016-2025-_fc-universitatea-cluj/index/spielbericht/4395140
,,,"Sun, 01/09/24",,,,,FCV Farul Constanta,CFR Cluj,Central - Complex Gheorghe Hagi,Attendance: 2.200,https://www.transfermarkt.co.uk/fcv-farul-constanta_cfr-cluj/index/spielbericht/4395164
,,,"Sat, 17/08/24",,,,,FCSB,ACSM Politehnica Iasi,Steaua,Attendance: 4.525,https://www.transfermarkt.co.uk/fcsb_acsm-politehnica-iasi/index/spielbericht/4395128
,,,"Sun, 25/08/24",,,,,FC Hermannstadt,FCSB,Municipal Sibiu (2022),Attendance: 8.728,https://www.transfermarkt.co.uk/fc-hermannstadt_fcsb/index/spielbericht/4395143
,,,"Sun, 18/08/24",,,,,FC Rapid 1923,FC Dinamo 1948,Superbet Arena - Giulești,Attendance: 12.378,https://www.transfermarkt.co.uk/fc-rapid-1923_fc-dinamo-1948/index/spielbericht/4395127
,,,"Sun, 01/09/24",,,,,FC Botosani,Petrolul Ploiesti,Municipal Botoșani,Attendance: 3.300,https://www.transfermarkt.co.uk/fc-botosani_petrolul-ploiesti/index/spielbericht/4395162
,,,"Sun, 01/09/24",,,,,FCSB,UTA Arad,Arena Națională,Attendance: 4.538,https://www.transfermarkt.co.uk/fcsb_uta-arad/index/spielbericht/4395166
,,,"Mon, 02/09/24",,,,,FC Universitatea Cluj,FC Dinamo 1948,Cluj Arena,Attendance: 19.190,https://www.transfermarkt.co.uk/fc-universitatea-cluj_fc-dinamo-1948/index/spielbericht/4395165
,,,"Fri, 13/09/24",,,,,FC Dinamo 1948,AFC Unirea 04 Slobozia,Arcul de Triumf,Attendance: 6.850,https://www.transfermarkt.co.uk/fc-dinamo-1948_afc-unirea-04-slobozia/index/spielbericht/4395196
,,,"Sat, 14/09/24",,,,,ASFC Buzau (2016-2025),SC Otelul Galati,Gloria,Attendance: 4.000,https://www.transfermarkt.co.uk/asfc-buzau-2016-2025-_sc-otelul-galati/index/spielbericht/4395194
,,,"Sat, 14/09/24",,,,,Petrolul Ploiesti,FCV Farul Constanta,Ilie Oană (2011),Attendance: 8.760,https://www.transfermarkt.co.uk/petrolul-ploiesti_fcv-farul-constanta/index/spielbericht/4395195
,,,"Sat, 31/08/24",,,,,CS Universitatea Craiova,FC Rapid 1923,Ion Oblemenco (2017),Attendance: 19.940,https://www.transfermarkt.co.uk/cs-universitatea-craiova_fc-rapid-1923/index/spielbericht/4395167
,,,"Mon, 16/09/24",,,,,FC Rapid 1923,FC Universitatea Cluj,Superbet Arena - Giulești,Attendance: 12.691,https://www.transfermarkt.co.uk/fc-rapid-1923_fc-universitatea-cluj/index/spielbericht/4395198
,,,"Fri, 20/09/24",,,,,SC Otelul Galati,FC Dinamo 1948,Oţelul,Attendance: 9.678,https://www.transfermarkt.co.uk/sc-otelul-galati_fc-dinamo-1948/index/spielbericht/4395203
,,,"Mon, 16/09/24",,,,,UTA Arad,FC Hermannstadt,Francisc von Neumann (2020),Attendance: 6.340,https://www.transfermarkt.co.uk/uta-arad_fc-hermannstadt/index/spielbericht/4395199
,,,"Sun, 15/09/24",,,,,ACSM Politehnica Iasi,CS Universitatea Craiova,Emil Alexandrescu,Attendance: 3.205,https://www.transfermarkt.co.uk/acsm-politehnica-iasi_cs-universitatea-craiova/index/spielbericht/4395200
,,,"Sat, 10/05/25",,,,,GNK Dinamo Zagreb,Slaven Belupo Koprivnica,Maksimir,Attendance: 11.750,https://www.transfermarkt.co.uk/gnk-dinamo-zagreb_slaven-belupo-koprivnica/index/spielbericht/4366885
,,,"Mon, 23/09/24",,,,,UTA Arad,ACSM Politehnica Iasi,Francisc von Neumann (2020),Attendance: 6.592,https://www.transfermarkt.co.uk/uta-arad_acsm-politehnica-iasi/index/spielbericht/4395208
,,,"Fri, 12/07/24",,,,,FCV Farul Constanta,AFC Unirea 04 Slobozia,Central - Complex Gheorghe Hagi,Attendance: 2.000,https://www.transfermarkt.co.uk/fcv-farul-constanta_afc-unirea-04-slobozia/index/spielbericht/4374598
,,,"Sun, 22/09/24",,,,,FC Universitatea Cluj,CS Universitatea Craiova,Cluj Arena,Attendance: 12.055,https://www.transfermarkt.co.uk/fc-universitatea-cluj_cs-universitatea-craiova/index/spielbericht/4395207
,,,"Sat, 21/09/24",,,,,FCSB,Petrolul Ploiesti,Arena Națională,Attendance: 8.512,https://www.transfermarkt.co.uk/fcsb_petrolul-ploiesti/index/spielbericht/4395204
,,,"Fri, 27/09/24",,,,,Petrolul Ploiesti,FC Hermannstadt,Ilie Oană (2011),Attendance: 6.927,https://www.transfermarkt.co.uk/petrolul-ploiesti_fc-hermannstadt/index/spielbericht/4395229
,,,"Mon, 02/09/24",,,,,AFC Unirea 04 Slobozia,ASFC Buzau (2016-2025),Nicolae Dobrin,Attendance: 700,https://www.transfermarkt.co.uk/afc-unirea-04-slobozia_asfc-buzau-2016-2025-/index/spielbericht/4395163
,,,"Fri, 20/09/24",,,,,FC Botosani,ASFC Buzau (2016-2025),Municipal Botoșani,Attendance: 1.892,https://www.transfermarkt.co.uk/fc-botosani_asfc-buzau-2016-2025-/index/spielbericht/4395202
,,,"Sat, 28/09/24",,,,,CFR Cluj,UTA Arad,Dr. Constantin Rădulescu,Attendance: 5.480,https://www.transfermarkt.co.uk/cfr-cluj_uta-arad/index/spielbericht/4395231
,,,"Sat, 17/05/25",,,,,NK Varazdin,NK Osijek,Gradski stadion Andelko Herjavec,Attendance: 1.698,https://www.transfermarkt.co.uk/nk-varazdin_nk-osijek/index/spielbericht/4366889
,,,"Mon, 23/09/24",,,,,AFC Unirea 04 Slobozia,FC Rapid 1923,Clinceni Arena,Attendance: 3.500,https://www.transfermarkt.co.uk/afc-unirea-04-slobozia_fc-rapid-1923/index/spielbericht/4395205
,,,"Sun, 15/09/24",,,,,CFR Cluj,FCSB,Dr. Constantin Rădulescu,Attendance: 11.252,https://www.transfermarkt.co.uk/cfr-cluj_fcsb/index/spielbericht/4395197
,,,"Sat, 28/09/24",,,,,ACSM Politehnica Iasi,FC Universitatea Cluj,Emil Alexandrescu,Attendance: 5.205,https://www.transfermarkt.co.uk/acsm-politehnica-iasi_fc-universitatea-cluj/index/spielbericht/4395232
,,,"Sat, 28/09/24",,,,,FC Rapid 1923,SC Otelul Galati,Superbet Arena - Giulești,Attendance: 12.054,https://www.transfermarkt.co.uk/fc-rapid-1923_sc-otelul-galati/index/spielbericht/4395228
,,,"Sun, 29/09/24",,,,,Sepsi OSK Sf. Gheorghe,FCSB,Sepsi Duna Arena,Attendance: 5.549,https://www.transfermarkt.co.uk/sepsi-osk-sf-gheorghe_fcsb/index/spielbericht/4395225
,,,"Mon, 30/09/24",,,,,CS Universitatea Craiova,AFC Unirea 04 Slobozia,Ion Oblemenco (2017),Attendance: 5.834,https://www.transfermarkt.co.uk/cs-universitatea-craiova_afc-unirea-04-slobozia/index/spielbericht/4395230
,,,"Sat, 05/10/24",,,,,SC Otelul Galati,CS Universitatea Craiova,Oţelul,Attendance: 6.023,https://www.transfermarkt.co.uk/sc-otelul-galati_cs-universitatea-craiova/index/spielbericht/4395181
,,,"Sun, 29/09/24",,,,,ASFC Buzau (2016-2025),FCV Farul Constanta,Gloria,Attendance: 3.105,https://www.transfermarkt.co.uk/asfc-buzau-2016-2025-_fcv-farul-constanta/index/spielbericht/4395226
,,,"Sat, 05/10/24",,,,,CFR Cluj,ACSM Politehnica Iasi,Dr. Constantin Rădulescu,Attendance: 2.348,https://www.transfermarkt.co.uk/cfr-cluj_acsm-politehnica-iasi/index/spielbericht/4395184
,,,"Sun, 06/10/24",,,,,FCSB,ASFC Buzau (2016-2025),Arena Națională,Attendance: 7.502,https://www.transfermarkt.co.uk/fcsb_asfc-buzau-2016-2025-/index/spielbericht/4395178
,,,"Sun, 06/10/24",,,,,FC Botosani,FC Rapid 1923,Municipal Botoșani,Attendance: 4.820,https://www.transfermarkt.co.uk/fc-botosani_fc-rapid-1923/index/spielbericht/4395180
,,,"Fri, 18/10/24",,,,,FC Universitatea Cluj,SC Otelul Galati,Cluj Arena,Attendance: 9.140,https://www.transfermarkt.co.uk/fc-universitatea-cluj_sc-otelul-galati/index/spielbericht/4395222
,,,"Sun, 20/10/24",,,,,CS Universitatea Craiova,FC Botosani,Ion Oblemenco (2017),Attendance: 9.090,https://www.transfermarkt.co.uk/cs-universitatea-craiova_fc-botosani/index/spielbericht/4395221
,,,"Sat, 05/10/24",,,,,AFC Unirea 04 Slobozia,FC Universitatea Cluj,1 Mai,Attendance: 422,https://www.transfermarkt.co.uk/afc-unirea-04-slobozia_fc-universitatea-cluj/index/spielbericht/4395183
,,,"Sat, 19/10/24",,,,,Petrolul Ploiesti,CFR Cluj,Ilie Oană (2011),Attendance: 4.300,https://www.transfermarkt.co.uk/petrolul-ploiesti_cfr-cluj/index/spielbericht/4395223
,,,"Sun, 20/04/25",,,,,SSV Ulm 1846,Hertha BSC,Donaustadion,Attendance: 17.600,https://www.transfermarkt.co.uk/ssv-ulm-1846_hertha-bsc/index/spielbericht/4373832
,,,"Sun, 20/10/24",,,,,FC Dinamo 1948,FCSB,National Arena,Attendance: 45.469,https://www.transfermarkt.co.uk/fc-dinamo-1948_fcsb/index/spielbericht/4395219
,,,"Sat, 19/10/24",,,,,Sepsi OSK Sf. Gheorghe,UTA Arad,Sepsi Duna Arena,Attendance: 2.810,https://www.transfermarkt.co.uk/sepsi-osk-sf-gheorghe_uta-arad/index/spielbericht/4395217
,,,"Mon, 21/10/24",,,,,ACSM Politehnica Iasi,AFC Unirea 04 Slobozia,Emil Alexandrescu,Attendance: 3.565,https://www.transfermarkt.co.uk/acsm-politehnica-iasi_afc-unirea-04-slobozia/index/spielbericht/4395224
,,,"Sat, 26/10/24",,,,,Petrolul Ploiesti,ACSM Politehnica Iasi,Ilie Oană (2011),Attendance: 4.600,https://www.transfermarkt.co.uk/petrolul-ploiesti_acsm-politehnica-iasi/index/spielbericht/4395176
,,,"Fri, 25/10/24",,,,,CFR Cluj,Sepsi OSK Sf. Gheorghe,Dr. Constantin Rădulescu,Attendance: 3.700,https://www.transfermarkt.co.uk/cfr-cluj_sepsi-osk-sf-gheorghe/index/spielbericht/4395169
,,,"Mon, 28/10/24",,,,,FCV Farul Constanta,CS Universitatea Craiova,Central - Complex Gheorghe Hagi,Attendance: 3.500,https://www.transfermarkt.co.uk/fcv-farul-constanta_cs-universitatea-craiova/index/spielbericht/4395173
,,,"Sat, 02/11/24",,,,,FC Dinamo 1948,UTA Arad,Arcul de Triumf,,https://www.transfermarkt.co.uk/fc-dinamo-1948_uta-arad/index/spielbericht/4395187
,,,"Sat, 02/11/24",,,,,Sepsi OSK Sf. Gheorghe,Petrolul Ploiesti,Sepsi Duna Arena,Attendance: 2.500,https://www.transfermarkt.co.uk/sepsi-osk-sf-gheorghe_petrolul-ploiesti/index/spielbericht/4395185
,,,"Mon, 21/10/24",,,,,FC Rapid 1923,FCV Farul Constanta,Superbet Arena - Giulești,Attendance: 10.165,https://www.transfermarkt.co.uk/fc-rapid-1923_fcv-farul-constanta/index/spielbericht/4395220
,,,"Sat, 26/10/24",,,,,FC Hermannstadt,FC Dinamo 1948,Municipal Sibiu (2022),Attendance: 6.511,https://www.transfermarkt.co.uk/fc-hermannstadt_fc-dinamo-1948/index/spielbericht/4395171
,,,"Sat, 26/10/24",,,,,UTA Arad,ASFC Buzau (2016-2025),Francisc von Neumann (2020),Attendance: 5.632,https://www.transfermarkt.co.uk/uta-arad_asfc-buzau-2016-2025-/index/spielbericht/4395170
,,,"Fri, 04/10/24",,,,,UTA Arad,Petrolul Ploiesti,Francisc von Neumann (2020),Attendance: 4.000,https://www.transfermarkt.co.uk/uta-arad_petrolul-ploiesti/index/spielbericht/4395182
,,,"Mon, 28/10/24",,,,,FC Botosani,FC Universitatea Cluj,Municipal Botoșani,Attendance: 3.000,https://www.transfermarkt.co.uk/fc-botosani_fc-universitatea-cluj/index/spielbericht/4395174
,,,"Fri, 01/11/24",,,,,ASFC Buzau (2016-2025),CFR Cluj,Gloria,Attendance: 3.026,https://www.transfermarkt.co.uk/asfc-buzau-2016-2025-_cfr-cluj/index/spielbericht/4395186
,,,"Sun, 27/10/24",,,,,FCSB,FC Rapid 1923,Arena Națională,Attendance: 40.287,https://www.transfermarkt.co.uk/fcsb_fc-rapid-1923/index/spielbericht/4395172
,,,"Fri, 18/10/24",,,,,ASFC Buzau (2016-2025),FC Hermannstadt,Gloria,Attendance: 1.900,https://www.transfermarkt.co.uk/asfc-buzau-2016-2025-_fc-hermannstadt/index/spielbericht/4395218
,,,"Fri, 08/11/24",,,,,SC Otelul Galati,FC Botosani,Oţelul,,https://www.transfermarkt.co.uk/sc-otelul-galati_fc-botosani/index/spielbericht/4395152
,,,"Mon, 04/11/24",,,,,AFC Unirea 04 Slobozia,FC Botosani,1 Mai,,https://www.transfermarkt.co.uk/afc-unirea-04-slobozia_fc-botosani/index/spielbericht/4395191
,,,"Sun, 03/11/24",,,,,FC Universitatea Cluj,FCV Farul Constanta,Cluj Arena,Attendance: 11.048,https://www.transfermarkt.co.uk/fc-universitatea-cluj_fcv-farul-constanta/index/spielbericht/4395190
,,,"Mon, 04/11/24",,,,,FC Rapid 1923,FC Hermannstadt,Superbet Arena - Giulești,Attendance: 10.109,https://www.transfermarkt.co.uk/fc-rapid-1923_fc-hermannstadt/index/spielbericht/4395188
,,,"Sat, 09/11/24",,,,,ACSM Politehnica Iasi,Sepsi OSK Sf. Gheorghe,Emil Alexandrescu,,https://www.transfermarkt.co.uk/acsm-politehnica-iasi_sepsi-osk-sf-gheorghe/index/spielbericht/4395145
,,,"Fri, 08/11/24",,,,,FC Dinamo 1948,CFR Cluj,Arcul de Triumf,Attendance: 5.641,https://www.transfermarkt.co.uk/fc-dinamo-1948_cfr-cluj/index/spielbericht/4395147
,,,"Sat, 09/11/24",,,,,CS Universitatea Craiova,FC Hermannstadt,Ion Oblemenco (2017),Attendance: 4.346,https://www.transfermarkt.co.uk/cs-universitatea-craiova_fc-hermannstadt/index/spielbericht/4395149
,,,"Sun, 03/11/24",,,,,CS Universitatea Craiova,FCSB,Ion Oblemenco (2017),Attendance: 15.702,https://www.transfermarkt.co.uk/cs-universitatea-craiova_fcsb/index/spielbericht/4395189
,,,"Sat, 23/11/24",,,,,CFR Cluj,FC Rapid 1923,Dr. Constantin Rădulescu,Attendance: 4.153,https://www.transfermarkt.co.uk/cfr-cluj_fc-rapid-1923/index/spielbericht/4395251
,,,"Sun, 10/11/24",,,,,FC Universitatea Cluj,FCSB,Cluj Arena,Attendance: 23.123,https://www.transfermarkt.co.uk/fc-universitatea-cluj_fcsb/index/spielbericht/4395150
,,,"Fri, 22/11/24",,,,,FCV Farul Constanta,SC Otelul Galati,Central - Complex Gheorghe Hagi,,https://www.transfermarkt.co.uk/fcv-farul-constanta_sc-otelul-galati/index/spielbericht/4395255
,,,"Fri, 22/11/24",,,,,Sepsi OSK Sf. Gheorghe,ASFC Buzau (2016-2025),Sepsi Duna Arena,Attendance: 1.580,https://www.transfermarkt.co.uk/sepsi-osk-sf-gheorghe_asfc-buzau-2016-2025-/index/spielbericht/4395249
,,,"Sun, 24/11/24",,,,,Petrolul Ploiesti,FC Dinamo 1948,Ilie Oană (2011),Attendance: 8.472,https://www.transfermarkt.co.uk/petrolul-ploiesti_fc-dinamo-1948/index/spielbericht/4395250
,,,"Sun, 18/05/25",,,,,SSV Ulm 1846,Preußen Münster,Donaustadion,Attendance: 17.400,https://www.transfermarkt.co.uk/ssv-ulm-1846_preussen-munster/index/spielbericht/4373904
,,,"Sun, 24/11/24",,,,,FCSB,AFC Unirea 04 Slobozia,Arena Națională,Attendance: 6.528,https://www.transfermarkt.co.uk/fcsb_afc-unirea-04-slobozia/index/spielbericht/4395254
,,,"Mon, 11/11/24",,,,,ASFC Buzau (2016-2025),Petrolul Ploiesti,Gloria,Attendance: 1.455,https://www.transfermarkt.co.uk/asfc-buzau-2016-2025-_petrolul-ploiesti/index/spielbericht/4395146
,,,"Sat, 09/11/24",,,,,FC Rapid 1923,UTA Arad,Superbet Arena - Giulești,Attendance: 11.426,https://www.transfermarkt.co.uk/fc-rapid-1923_uta-arad/index/spielbericht/4395148
,,,"Mon, 25/11/24",,,,,FC Botosani,ACSM Politehnica Iasi,Municipal Botoșani,,https://www.transfermarkt.co.uk/fc-botosani_acsm-politehnica-iasi/index/spielbericht/4395256
,,,"Sat, 03/08/24",,,,,1.FC Magdeburg,SV 07 Elversberg,Avnet-Arena,Attendance: 21.469,https://www.transfermarkt.co.uk/1-fc-magdeburg_sv-07-elversberg/index/spielbericht/4373309
,,,"Fri, 29/11/24",,,,,FC Botosani,FCV Farul Constanta,Municipal Botoșani,,https://www.transfermarkt.co.uk/fc-botosani_fcv-farul-constanta/index/spielbericht/4395215
,,,"Mon, 29/07/24",,,,,UTA Arad,FC Universitatea Cluj,Francisc von Neumann (2020),Attendance: 8.527,https://www.transfermarkt.co.uk/uta-arad_fc-universitatea-cluj/index/spielbericht/4395116
,,,"Fri, 29/11/24",,,,,FC Rapid 1923,Petrolul Ploiesti,Superbet Arena - Giulești,Attendance: 11.719,https://www.transfermarkt.co.uk/fc-rapid-1923_petrolul-ploiesti/index/spielbericht/4395210
,,,"Sat, 30/11/24",,,,,AFC Unirea 04 Slobozia,FC Hermannstadt,1 Mai,Attendance: 250,https://www.transfermarkt.co.uk/afc-unirea-04-slobozia_fc-hermannstadt/index/spielbericht/4395213
,,,"Sat, 30/11/24",,,,,FC Dinamo 1948,Sepsi OSK Sf. Gheorghe,Arcul de Triumf,,https://www.transfermarkt.co.uk/fc-dinamo-1948_sepsi-osk-sf-gheorghe/index/spielbericht/4395209
,,,"Mon, 02/12/24",,,,,FC Universitatea Cluj,UTA Arad,Cluj Arena,Attendance: 3.053,https://www.transfermarkt.co.uk/fc-universitatea-cluj_uta-arad/index/spielbericht/4395212
,,,"Sat, 07/12/24",,,,,ASFC Buzau (2016-2025),FC Dinamo 1948,Gloria,,https://www.transfermarkt.co.uk/asfc-buzau-2016-2025-_fc-dinamo-1948/index/spielbericht/4395239
,,,"Mon, 02/12/24",,,,,SC Otelul Galati,FCSB,Oţelul,Attendance: 6.500,https://www.transfermarkt.co.uk/sc-otelul-galati_fcsb/index/spielbericht/4395214
,,,"Fri, 27/09/24",,,,,FC Dinamo 1948,FC Botosani,Arcul de Triumf,Attendance: 7.021,https://www.transfermarkt.co.uk/fc-dinamo-1948_fc-botosani/index/spielbericht/4395227
,,,"Sun, 10/11/24",,,,,AFC Unirea 04 Slobozia,FCV Farul Constanta,1 Mai,,https://www.transfermarkt.co.uk/afc-unirea-04-slobozia_fcv-farul-constanta/index/spielbericht/4395151
,,,"Sun, 08/12/24",,,,,ACSM Politehnica Iasi,FCV Farul Constanta,Emil Alexandrescu,,https://www.transfermarkt.co.uk/acsm-politehnica-iasi_fcv-farul-constanta/index/spielbericht/4395240
,,,"Sun, 08/12/24",,,,,UTA Arad,AFC Unirea 04 Slobozia,Francisc von Neumann (2020),,https://www.transfermarkt.co.uk/uta-arad_afc-unirea-04-slobozia/index/spielbericht/4395236
,,,"Mon, 09/12/24",,,,,FC Hermannstadt,SC Otelul Galati,Municipal Sibiu (2022),Attendance: 1.481,https://www.transfermarkt.co.uk/fc-hermannstadt_sc-otelul-galati/index/spielbericht/4395237
,,,"Fri, 06/12/24",,,,,Sepsi OSK Sf. Gheorghe,FC Rapid 1923,Sepsi Duna Arena,Attendance: 3.589,https://www.transfermarkt.co.uk/sepsi-osk-sf-gheorghe_fc-rapid-1923/index/spielbericht/4395233
,,,"Fri, 13/12/24",,,,,FC Dinamo 1948,ACSM Politehnica Iasi,Arcul de Triumf,,https://www.transfermarkt.co.uk/fc-dinamo-1948_acsm-politehnica-iasi/index/spielbericht/4395248
,,,"Sat, 30/11/24",,,,,ASFC Buzau (2016-2025),ACSM Politehnica Iasi,Gloria,,https://www.transfermarkt.co.uk/asfc-buzau-2016-2025-_acsm-politehnica-iasi/index/spielbericht/4395216
,,,"Sat, 14/12/24",,,,,SC Otelul Galati,UTA Arad,Oţelul,Attendance: 1.738,https://www.transfermarkt.co.uk/sc-otelul-galati_uta-arad/index/spielbericht/4395244
,,,"Sat, 10/08/24",,,,,1.FC Nuremberg,FC Schalke 04,Max-Morlock-Stadion,Attendance: 49.923,https://www.transfermarkt.co.uk/1-fc-nuremberg_fc-schalke-04/index/spielbericht/4373333
,,,"Fri, 13/12/24",,,,,FC Botosani,FC Hermannstadt,Municipal Botoșani,Attendance: 1.039,https://www.transfermarkt.co.uk/fc-botosani_fc-hermannstadt/index/spielbericht/4395245
,,,"Sun, 08/12/24",,,,,FCSB,FC Botosani,Arena Națională,Attendance: 6.073,https://www.transfermarkt.co.uk/fcsb_fc-botosani/index/spielbericht/4395238
,,,"Sun, 01/12/24",,,,,CS Universitatea Craiova,CFR Cluj,Ion Oblemenco (2017),Attendance: 8.226,https://www.transfermarkt.co.uk/cs-universitatea-craiova_cfr-cluj/index/spielbericht/4395211
,,,"Sat, 14/12/24",,,,,FC Universitatea Cluj,Petrolul Ploiesti,Cluj Arena,Attendance: 3.533,https://www.transfermarkt.co.uk/fc-universitatea-cluj_petrolul-ploiesti/index/spielbericht/4395242
,,,"Sat, 07/12/24",,,,,Petrolul Ploiesti,CS Universitatea Craiova,Ilie Oană (2011),Attendance: 2.979,https://www.transfermarkt.co.uk/petrolul-ploiesti_cs-universitatea-craiova/index/spielbericht/4395234
,,,"Sun, 15/12/24",,,,,AFC Unirea 04 Slobozia,CFR Cluj,1 Mai,Attendance: 300,https://www.transfermarkt.co.uk/afc-unirea-04-slobozia_cfr-cluj/index/spielbericht/4395243
,,,"Sat, 21/12/24",,,,,ASFC Buzau (2016-2025),CS Universitatea Craiova,Gloria,Attendance: 1.500,https://www.transfermarkt.co.uk/asfc-buzau-2016-2025-_cs-universitatea-craiova/index/spielbericht/4395285
,,,"Sun, 15/12/24",,,,,FCV Farul Constanta,FCSB,Central - Complex Gheorghe Hagi,Attendance: 3.686,https://www.transfermarkt.co.uk/fcv-farul-constanta_fcsb/index/spielbericht/4395247
,,,"Sun, 03/11/24",,,,,ACSM Politehnica Iasi,SC Otelul Galati,Emil Alexandrescu,,https://www.transfermarkt.co.uk/acsm-politehnica-iasi_sc-otelul-galati/index/spielbericht/4395192
,,,"Sat, 10/08/24",,,,,ASFC Buzau (2016-2025),FC Rapid 1923,Gloria,Attendance: 7.600,https://www.transfermarkt.co.uk/asfc-buzau-2016-2025-_fc-rapid-1923/index/spielbericht/4395158
,,,"Mon, 16/12/24",,,,,FC Rapid 1923,ASFC Buzau (2016-2025),Superbet Arena - Giulești,Attendance: 6.383,https://www.transfermarkt.co.uk/fc-rapid-1923_asfc-buzau-2016-2025-/index/spielbericht/4395246
,,,"Sun, 22/12/24",,,,,Petrolul Ploiesti,AFC Unirea 04 Slobozia,Ilie Oană (2011),Attendance: 3.120,https://www.transfermarkt.co.uk/petrolul-ploiesti_afc-unirea-04-slobozia/index/spielbericht/4395282
,,,"Sat, 21/12/24",,,,,FC Hermannstadt,FCV Farul Constanta,Municipal Sibiu (2022),Attendance: 2.455,https://www.transfermarkt.co.uk/fc-hermannstadt_fcv-farul-constanta/index/spielbericht/4395286
,,,"Sat, 14/12/24",,,,,CS Universitatea Craiova,Sepsi OSK Sf. Gheorghe,Ion Oblemenco (2017),Attendance: 4.516,https://www.transfermarkt.co.uk/cs-universitatea-craiova_sepsi-osk-sf-gheorghe/index/spielbericht/4395241
,,,"Fri, 20/12/24",,,,,Sepsi OSK Sf. Gheorghe,FC Universitatea Cluj,Sepsi Duna Arena,Attendance: 2.789,https://www.transfermarkt.co.uk/sepsi-osk-sf-gheorghe_fc-universitatea-cluj/index/spielbericht/4395281
,,,"Mon, 23/12/24",,,,,UTA Arad,FC Botosani,Francisc von Neumann (2020),,https://www.transfermarkt.co.uk/uta-arad_fc-botosani/index/spielbericht/4395284
,,,"Sat, 18/01/25",,,,,SC Otelul Galati,Petrolul Ploiesti,Oţelul,Attendance: 5.500,https://www.transfermarkt.co.uk/sc-otelul-galati_petrolul-ploiesti/index/spielbericht/4395322
,,,"Sun, 22/12/24",,,,,CFR Cluj,SC Otelul Galati,Dr. Constantin Rădulescu,Attendance: 2.131,https://www.transfermarkt.co.uk/cfr-cluj_sc-otelul-galati/index/spielbericht/4395283
,,,"Fri, 17/01/25",,,,,FCSB,FC Hermannstadt,Arena Națională,Attendance: 5.404,https://www.transfermarkt.co.uk/fcsb_fc-hermannstadt/index/spielbericht/4395327
,,,"Mon, 23/12/24",,,,,ACSM Politehnica Iasi,FCSB,Emil Alexandrescu,Attendance: 9.112,https://www.transfermarkt.co.uk/acsm-politehnica-iasi_fcsb/index/spielbericht/4395288
,,,"Sat, 18/01/25",,,,,FC Universitatea Cluj,ASFC Buzau (2016-2025),Cluj Arena,Attendance: 3.556,https://www.transfermarkt.co.uk/fc-universitatea-cluj_asfc-buzau-2016-2025-/index/spielbericht/4395324
,,,"Sun, 06/10/24",,,,,FC Hermannstadt,Sepsi OSK Sf. Gheorghe,Municipal Sibiu (2022),Attendance: 3.500,https://www.transfermarkt.co.uk/fc-hermannstadt_sepsi-osk-sf-gheorghe/index/spielbericht/4395177
,,,"Fri, 24/01/25",,,,,ASFC Buzau (2016-2025),AFC Unirea 04 Slobozia,Gloria,,https://www.transfermarkt.co.uk/asfc-buzau-2016-2025-_afc-unirea-04-slobozia/index/spielbericht/4395275
,,,"Sun, 19/01/25",,,,,FC Botosani,CFR Cluj,Municipal Botoșani,Attendance: 3.048,https://www.transfermarkt.co.uk/fc-botosani_cfr-cluj/index/spielbericht/4395323
,,,"Fri, 24/01/25",,,,,FC Dinamo 1948,FC Universitatea Cluj,Arcul de Triumf,Attendance: 6.915,https://www.transfermarkt.co.uk/fc-dinamo-1948_fc-universitatea-cluj/index/spielbericht/4395277
,,,"Mon, 20/01/25",,,,,FCV Farul Constanta,UTA Arad,Central - Complex Gheorghe Hagi,,https://www.transfermarkt.co.uk/fcv-farul-constanta_uta-arad/index/spielbericht/4395325
,,,"Mon, 20/01/25",,,,,FC Rapid 1923,ACSM Politehnica Iasi,Superbet Arena - Giulești,Attendance: 7.237,https://www.transfermarkt.co.uk/fc-rapid-1923_acsm-politehnica-iasi/index/spielbericht/4395328
,,,"Sun, 19/01/25",,,,,CS Universitatea Craiova,FC Dinamo 1948,Ion Oblemenco (2017),Attendance: 13.079,https://www.transfermarkt.co.uk/cs-universitatea-craiova_fc-dinamo-1948/index/spielbericht/4395326
,,,"Sun, 26/01/25",,,,,Sepsi OSK Sf. Gheorghe,SC Otelul Galati,Sepsi Duna Arena,,https://www.transfermarkt.co.uk/sepsi-osk-sf-gheorghe_sc-otelul-galati/index/spielbericht/4395273
,,,"Sat, 25/01/25",,,,,FC Rapid 1923,CS Universitatea Craiova,Superbet Arena - Giulești,Attendance: 11.680,https://www.transfermarkt.co.uk/fc-rapid-1923_cs-universitatea-craiova/index/spielbericht/4395279
,,,"Sun, 22/09/24",,,,,FCV Farul Constanta,Sepsi OSK Sf. Gheorghe,Central - Complex Gheorghe Hagi,Attendance: 2.482,https://www.transfermarkt.co.uk/fcv-farul-constanta_sepsi-osk-sf-gheorghe/index/spielbericht/4395201
,,,"Fri, 17/01/25",,,,,AFC Unirea 04 Slobozia,Sepsi OSK Sf. Gheorghe,1 Mai,,https://www.transfermarkt.co.uk/afc-unirea-04-slobozia_sepsi-osk-sf-gheorghe/index/spielbericht/4395321
,,,"Sat, 23/11/24",,,,,FC Hermannstadt,FC Universitatea Cluj,Municipal Sibiu (2022),Attendance: 3.350,https://www.transfermarkt.co.uk/fc-hermannstadt_fc-universitatea-cluj/index/spielbericht/4395253
,,,"Sat, 25/01/25",,,,,ACSM Politehnica Iasi,FC Hermannstadt,Emil Alexandrescu,Attendance: 2.000,https://www.transfermarkt.co.uk/acsm-politehnica-iasi_fc-hermannstadt/index/spielbericht/4395280
,,,"Mon, 27/01/25",,,,,CFR Cluj,FCV Farul Constanta,Dr. Constantin Rădulescu,Attendance: 2.000,https://www.transfermarkt.co.uk/cfr-cluj_fcv-farul-constanta/index/spielbericht/4395276
,,,"Fri, 31/01/25",,,,,FC Hermannstadt,UTA Arad,Municipal Sibiu (2022),Attendance: 3.000,https://www.transfermarkt.co.uk/fc-hermannstadt_uta-arad/index/spielbericht/4395303
,,,"Mon, 27/01/25",,,,,Petrolul Ploiesti,FC Botosani,Ilie Oană (2011),Attendance: 4.480,https://www.transfermarkt.co.uk/petrolul-ploiesti_fc-botosani/index/spielbericht/4395274
,,,"Mon, 25/11/24",,,,,UTA Arad,CS Universitatea Craiova,Francisc von Neumann (2020),Attendance: 7.500,https://www.transfermarkt.co.uk/uta-arad_cs-universitatea-craiova/index/spielbericht/4395252
,,,"Sat, 01/02/25",,,,,FC Botosani,Sepsi OSK Sf. Gheorghe,Municipal Botoșani,,https://www.transfermarkt.co.uk/fc-botosani_sepsi-osk-sf-gheorghe/index/spielbericht/4395297
,,,"Sun, 26/01/25",,,,,UTA Arad,FCSB,Francisc von Neumann (2020),Attendance: 10.374,https://www.transfermarkt.co.uk/uta-arad_fcsb/index/spielbericht/4395278
,,,"Mon, 03/02/25",,,,,FCV Farul Constanta,Petrolul Ploiesti,Central - Complex Gheorghe Hagi,Attendance: 2.100,https://www.transfermarkt.co.uk/fcv-farul-constanta_petrolul-ploiesti/index/spielbericht/4395299
,,,"Sat, 01/02/25",,,,,FC Universitatea Cluj,FC Rapid 1923,Cluj Arena,Attendance: 12.275,https://www.transfermarkt.co.uk/fc-universitatea-cluj_fc-rapid-1923/index/spielbericht/4395302
,,,"Sun, 02/02/25",,,,,CS Universitatea Craiova,ACSM Politehnica Iasi,Ion Oblemenco (2017),Attendance: 6.554,https://www.transfermarkt.co.uk/cs-universitatea-craiova_acsm-politehnica-iasi/index/spielbericht/4395304
,,,"Sun, 02/02/25",,,,,FCSB,CFR Cluj,Arena Națională,Attendance: 11.253,https://www.transfermarkt.co.uk/fcsb_cfr-cluj/index/spielbericht/4395301
,,,"Sat, 08/02/25",,,,,AFC Unirea 04 Slobozia,CS Universitatea Craiova,1 Mai,Attendance: 1.000,https://www.transfermarkt.co.uk/afc-unirea-04-slobozia_cs-universitatea-craiova/index/spielbericht/4395270
,,,"Tue, 04/02/25",,,,,FC Rapid 1923,AFC Unirea 04 Slobozia,Superbet Arena - Giulești,Attendance: 5.978,https://www.transfermarkt.co.uk/fc-rapid-1923_afc-unirea-04-slobozia/index/spielbericht/4395333
,,,"Fri, 31/01/25",,,,,AFC Unirea 04 Slobozia,FC Dinamo 1948,1 Mai,,https://www.transfermarkt.co.uk/afc-unirea-04-slobozia_fc-dinamo-1948/index/spielbericht/4395300
,,,"Fri, 07/02/25",,,,,FC Botosani,FC Dinamo 1948,Municipal Botoșani,,https://www.transfermarkt.co.uk/fc-botosani_fc-dinamo-1948/index/spielbericht/4395267
,,,"Fri, 04/10/24",,,,,FCV Farul Constanta,FC Dinamo 1948,Central - Complex Gheorghe Hagi,,https://www.transfermarkt.co.uk/fcv-farul-constanta_fc-dinamo-1948/index/spielbericht/4395179
,,,"Tue, 04/02/25",,,,,FC Dinamo 1948,SC Otelul Galati,Arcul de Triumf,,https://www.transfermarkt.co.uk/fc-dinamo-1948_sc-otelul-galati/index/spielbericht/4395331
,,,"Sun, 09/02/25",,,,,FC Hermannstadt,Petrolul Ploiesti,Municipal Sibiu (2022),Attendance: 3.444,https://www.transfermarkt.co.uk/fc-hermannstadt_petrolul-ploiesti/index/spielbericht/4395269
,,,"Wed, 05/02/25",,,,,CFR Cluj,FC Hermannstadt,Dr. Constantin Rădulescu,Attendance: 2.331,https://www.transfermarkt.co.uk/cfr-cluj_fc-hermannstadt/index/spielbericht/4395334
,,,"Wed, 05/02/25",,,,,CS Universitatea Craiova,FC Universitatea Cluj,Ion Oblemenco (2017),Attendance: 7.686,https://www.transfermarkt.co.uk/cs-universitatea-craiova_fc-universitatea-cluj/index/spielbericht/4395335
,,,"Thu, 06/02/25",,,,,ACSM Politehnica Iasi,UTA Arad,Emil Alexandrescu,,https://www.transfermarkt.co.uk/acsm-politehnica-iasi_uta-arad/index/spielbericht/4395336
,,,"Sun, 09/02/25",,,,,FCSB,Sepsi OSK Sf. Gheorghe,Arena Națională,Attendance: 5.170,https://www.transfermarkt.co.uk/fcsb_sepsi-osk-sf-gheorghe/index/spielbericht/4395265
,,,"Sat, 08/02/25",,,,,SC Otelul Galati,FC Rapid 1923,Oţelul,Attendance: 6.377,https://www.transfermarkt.co.uk/sc-otelul-galati_fc-rapid-1923/index/spielbericht/4395268
,,,"Sun, 09/02/25",,,,,FC Universitatea Cluj,ACSM Politehnica Iasi,Cluj Arena,Attendance: 5.000,https://www.transfermarkt.co.uk/fc-universitatea-cluj_acsm-politehnica-iasi/index/spielbericht/4395272
,,,"Mon, 10/02/25",,,,,UTA Arad,CFR Cluj,Francisc von Neumann (2020),Attendance: 6.248,https://www.transfermarkt.co.uk/uta-arad_cfr-cluj/index/spielbericht/4395271
,,,"Mon, 10/02/25",,,,,FCV Farul Constanta,ASFC Buzau (2016-2025),Central - Complex Gheorghe Hagi,,https://www.transfermarkt.co.uk/fcv-farul-constanta_asfc-buzau-2016-2025-/index/spielbericht/4395266
,,,"Fri, 14/02/25",,,,,CS Universitatea Craiova,SC Otelul Galati,Ion Oblemenco (2017),Attendance: 6.000,https://www.transfermarkt.co.uk/cs-universitatea-craiova_sc-otelul-galati/index/spielbericht/4395293
,,,"Fri, 14/02/25",,,,,Sepsi OSK Sf. Gheorghe,FC Hermannstadt,Sepsi Duna Arena,Attendance: 2.000,https://www.transfermarkt.co.uk/sepsi-osk-sf-gheorghe_fc-hermannstadt/index/spielbericht/4395289
,,,"Sat, 15/02/25",,,,,Petrolul Ploiesti,UTA Arad,Ilie Oană (2011),Attendance: 5.000,https://www.transfermarkt.co.uk/petrolul-ploiesti_uta-arad/index/spielbericht/4395294
,,,"Sat, 15/02/25",,,,,FC Dinamo 1948,FCV Farul Constanta,Arcul de Triumf,,https://www.transfermarkt.co.uk/fc-dinamo-1948_fcv-farul-constanta/index/spielbericht/4395291
,,,"Mon, 17/02/25",,,,,FC Universitatea Cluj,AFC Unirea 04 Slobozia,Cluj Arena,Attendance: 3.024,https://www.transfermarkt.co.uk/fc-universitatea-cluj_afc-unirea-04-slobozia/index/spielbericht/4395295
,,,"Sun, 16/02/25",,,,,ASFC Buzau (2016-2025),FCSB,Gloria,Attendance: 4.117,https://www.transfermarkt.co.uk/asfc-buzau-2016-2025-_fcsb/index/spielbericht/4395290
,,,"Sat, 22/02/25",,,,,FC Botosani,CS Universitatea Craiova,Municipal Botoșani,Attendance: 3.016,https://www.transfermarkt.co.uk/fc-botosani_cs-universitatea-craiova/index/spielbericht/4395317
,,,"Fri, 21/02/25",,,,,FC Hermannstadt,ASFC Buzau (2016-2025),Municipal Sibiu (2022),Attendance: 1.507,https://www.transfermarkt.co.uk/fc-hermannstadt_asfc-buzau-2016-2025-/index/spielbericht/4395314
,,,"Mon, 24/02/25",,,,,UTA Arad,Sepsi OSK Sf. Gheorghe,Francisc von Neumann (2020),Attendance: 4.480,https://www.transfermarkt.co.uk/uta-arad_sepsi-osk-sf-gheorghe/index/spielbericht/4395313
,,,"Sat, 22/02/25",,,,,CFR Cluj,Petrolul Ploiesti,Dr. Constantin Rădulescu,Attendance: 1.470,https://www.transfermarkt.co.uk/cfr-cluj_petrolul-ploiesti/index/spielbericht/4395319
,,,"Fri, 21/02/25",,,,,SC Otelul Galati,FC Universitatea Cluj,Oţelul,,https://www.transfermarkt.co.uk/sc-otelul-galati_fc-universitatea-cluj/index/spielbericht/4395318
,,,"Fri, 28/02/25",,,,,Sepsi OSK Sf. Gheorghe,CFR Cluj,Sepsi Duna Arena,,https://www.transfermarkt.co.uk/sepsi-osk-sf-gheorghe_cfr-cluj/index/spielbericht/4395305
,,,"Sun, 01/09/24",,,,,FC Schalke 04,1.FC Köln,Veltins-Arena,Attendance: 61.475,https://www.transfermarkt.co.uk/fc-schalke-04_1-fc-koln/index/spielbericht/4373359
,,,"Fri, 28/02/25",,,,,AFC Unirea 04 Slobozia,SC Otelul Galati,1 Mai,,https://www.transfermarkt.co.uk/afc-unirea-04-slobozia_sc-otelul-galati/index/spielbericht/4395311
,,,"Sun, 23/02/25",,,,,FCSB,FC Dinamo 1948,Arena Națională,Attendance: 30.157,https://www.transfermarkt.co.uk/fcsb_fc-dinamo-1948/index/spielbericht/4395315
,,,"Sun, 02/03/25",,,,,ACSM Politehnica Iasi,Petrolul Ploiesti,Emil Alexandrescu,,https://www.transfermarkt.co.uk/acsm-politehnica-iasi_petrolul-ploiesti/index/spielbericht/4395312
,,,"Sat, 01/03/25",,,,,CS Universitatea Craiova,FCV Farul Constanta,Ion Oblemenco (2017),,https://www.transfermarkt.co.uk/cs-universitatea-craiova_fcv-farul-constanta/index/spielbericht/4395309
,,,"Sat, 01/03/25",,,,,FC Universitatea Cluj,FC Botosani,Cluj Arena,,https://www.transfermarkt.co.uk/fc-universitatea-cluj_fc-botosani/index/spielbericht/4395310
,,,"Sun, 16/02/25",,,,,ACSM Politehnica Iasi,CFR Cluj,Emil Alexandrescu,Attendance: 2.224,https://www.transfermarkt.co.uk/acsm-politehnica-iasi_cfr-cluj/index/spielbericht/4395296
,,,"Sun, 27/10/24",,,,,SC Otelul Galati,AFC Unirea 04 Slobozia,Oţelul,Attendance: 5.105,https://www.transfermarkt.co.uk/sc-otelul-galati_afc-unirea-04-slobozia/index/spielbericht/4395175
,,,"Mon, 03/03/25",,,,,ASFC Buzau (2016-2025),UTA Arad,Gloria,,https://www.transfermarkt.co.uk/asfc-buzau-2016-2025-_uta-arad/index/spielbericht/4395306
,,,"Mon, 03/03/25",,,,,FC Dinamo 1948,FC Hermannstadt,Arcul de Triumf,,https://www.transfermarkt.co.uk/fc-dinamo-1948_fc-hermannstadt/index/spielbericht/4395307
,,,"Thu, 06/03/25",,,,,FCV Farul Constanta,FC Universitatea Cluj,Central - Complex Gheorghe Hagi,Attendance: 2.733,https://www.transfermarkt.co.uk/fcv-farul-constanta_fc-universitatea-cluj/index/spielbericht/4395262
,,,"Thu, 06/03/25",,,,,SC Otelul Galati,ACSM Politehnica Iasi,Oţelul,,https://www.transfermarkt.co.uk/sc-otelul-galati_acsm-politehnica-iasi/index/spielbericht/4395264
,,,"Fri, 07/03/25",,,,,FC Hermannstadt,FC Rapid 1923,Municipal Sibiu (2022),,https://www.transfermarkt.co.uk/fc-hermannstadt_fc-rapid-1923/index/spielbericht/4395260
,,,"Sat, 08/03/25",,,,,CFR Cluj,ASFC Buzau (2016-2025),Dr. Constantin Rădulescu,,https://www.transfermarkt.co.uk/cfr-cluj_asfc-buzau-2016-2025-/index/spielbericht/4395258
,,,"Sun, 09/03/25",,,,,FC Botosani,AFC Unirea 04 Slobozia,Municipal Botoșani,,https://www.transfermarkt.co.uk/fc-botosani_afc-unirea-04-slobozia/index/spielbericht/4395263
,,,"Fri, 07/03/25",,,,,Petrolul Ploiesti,Sepsi OSK Sf. Gheorghe,Ilie Oană (2011),Attendance: 5.514,https://www.transfermarkt.co.uk/petrolul-ploiesti_sepsi-osk-sf-gheorghe/index/spielbericht/4395257
,,,"Sun, 09/03/25",,,,,UTA Arad,FC Dinamo 1948,Francisc von Neumann (2020),Attendance: 10.274,https://www.transfermarkt.co.uk/uta-arad_fc-dinamo-1948/index/spielbericht/4395259
,,,"Sat, 08/03/25",,,,,FCSB,CS Universitatea Craiova,Arena Națională,Attendance: 15.732,https://www.transfermarkt.co.uk/fcsb_cs-universitatea-craiova/index/spielbericht/4395261
,,,"Mon, 24/02/25",,,,,FCV Farul Constanta,FC Rapid 1923,Central - Complex Gheorghe Hagi,,https://www.transfermarkt.co.uk/fcv-farul-constanta_fc-rapid-1923/index/spielbericht/4395316
,,,"Sun, 02/03/25",,,,,FC Rapid 1923,FCSB,Superbet Arena - Giulești,Attendance: 30.823,https://www.transfermarkt.co.uk/fc-rapid-1923_fcsb/index/spielbericht/4395308
,,,"Fri, 20/09/24",,,,,FC Schalke 04,SV Darmstadt 98,Veltins-Arena,Attendance: 61.021,https://www.transfermarkt.co.uk/fc-schalke-04_sv-darmstadt-98/index/spielbericht/4373394
,,,"Sun, 22/12/24",,,,,FC Dinamo 1948,FC Rapid 1923,National Arena,Attendance: 25.520,https://www.transfermarkt.co.uk/fc-dinamo-1948_fc-rapid-1923/index/spielbericht/4395287
,,,"Sun, 29/09/24",,,,,Hertha BSC,SV 07 Elversberg,Olympiastadion Berlin,Attendance: 43.123,https://www.transfermarkt.co.uk/hertha-bsc_sv-07-elversberg/index/spielbericht/4373415
,,,"Sun, 23/02/25",,,,,AFC Unirea 04 Slobozia,ACSM Politehnica Iasi,1 Mai,,https://www.transfermarkt.co.uk/afc-unirea-04-slobozia_acsm-politehnica-iasi/index/spielbericht/4395320
,,,"Thu, 06/02/25",,,,,Sepsi OSK Sf. Gheorghe,FCV Farul Constanta,Sepsi Duna Arena,Attendance: 1.366,https://www.transfermarkt.co.uk/sepsi-osk-sf-gheorghe_fcv-farul-constanta/index/spielbericht/4395329
,,,"Sat, 01/02/25",,,,,SC Otelul Galati,ASFC Buzau (2016-2025),Oţelul,,https://www.transfermarkt.co.uk/sc-otelul-galati_asfc-buzau-2016-2025-/index/spielbericht/4395298
,,,"Thu, 06/02/25",,,,,Petrolul Ploiesti,FCSB,Ilie Oană (2011),Attendance: 8.544,https://www.transfermarkt.co.uk/petrolul-ploiesti_fcsb/index/spielbericht/4395332
,,,"Sat, 24/08/24",,,,,UC Sampdoria,AC Reggiana 1919,Luigi Ferraris,Attendance: 23.061,https://www.transfermarkt.co.uk/uc-sampdoria_ac-reggiana-1919/index/spielbericht/4385780
,,,"Sat, 19/10/24",,,,,SSV Jahn Regensburg,Fortuna Düsseldorf,Jahnstadion Regensburg,Attendance: 12.310,https://www.transfermarkt.co.uk/ssv-jahn-regensburg_fortuna-dusseldorf/index/spielbericht/4373454
,,,"Sun, 18/08/24",,,,,US Catanzaro,US Sassuolo,Nicola Ceravolo,Attendance: 12.490,https://www.transfermarkt.co.uk/us-catanzaro_us-sassuolo/index/spielbericht/4385224
,,,"Sat, 24/08/24",,,,,FC Südtirol,US Salernitana 1919,Druso,Attendance: 4.764,https://www.transfermarkt.co.uk/fc-sudtirol_us-salernitana-1919/index/spielbericht/4385783
,,,"Sun, 18/08/24",,,,,Cesena FC,Carrarese Calcio 1908,Orogel Stadium - Dino Manuzzi,Attendance: 11.382,https://www.transfermarkt.co.uk/cesena-fc_carrarese-calcio-1908/index/spielbericht/4385225
,,,"Sun, 25/08/24",,,,,Mantova 1911,Cosenza Calcio,Danilo Martelli,Attendance: 8.262,https://www.transfermarkt.co.uk/mantova-1911_cosenza-calcio/index/spielbericht/4385777
,,,"Sat, 24/08/24",,,,,Brescia Calcio (- 2025),AS Cittadella,Mario Rigamonti,Attendance: 6.716,https://www.transfermarkt.co.uk/brescia-calcio-2025-_as-cittadella/index/spielbericht/4385774
,,,"Sat, 17/08/24",,,,,Pisa Sporting Club,Spezia Calcio,Cetilar® Arena,Attendance: 8.770,https://www.transfermarkt.co.uk/pisa-sporting-club_spezia-calcio/index/spielbericht/4385227
,,,"Sun, 25/08/24",,,,,US Catanzaro,SS Juve Stabia,Nicola Ceravolo,Attendance: 11.788,https://www.transfermarkt.co.uk/us-catanzaro_ss-juve-stabia/index/spielbericht/4385775
,,,"Tue, 04/02/25",,,,,ASFC Buzau (2016-2025),FC Botosani,Gloria,,https://www.transfermarkt.co.uk/asfc-buzau-2016-2025-_fc-botosani/index/spielbericht/4395330
,,,"Sat, 24/08/24",,,,,Spezia Calcio,Frosinone Calcio,Alberto Picco,Attendance: 7.821,https://www.transfermarkt.co.uk/spezia-calcio_frosinone-calcio/index/spielbericht/4385782
,,,"Fri, 16/08/24",,,,,Brescia Calcio (- 2025),Palermo FC,Mario Rigamonti,Attendance: 7.706,https://www.transfermarkt.co.uk/brescia-calcio-2025-_palermo-fc/index/spielbericht/4385223
,,,"Sat, 17/08/24",,,,,FC Südtirol,Modena FC,Druso,Attendance: 3.513,https://www.transfermarkt.co.uk/fc-sudtirol_modena-fc/index/spielbericht/4385230
,,,"Sat, 24/08/24",,,,,Pisa Sporting Club,Palermo FC,Cetilar® Arena,Attendance: 8.811,https://www.transfermarkt.co.uk/pisa-sporting-club_palermo-fc/index/spielbericht/4385779
,,,"Sat, 24/08/24",,,,,US Sassuolo,Cesena FC,Mapei Stadium - Città del Tricolore,Attendance: 5.017,https://www.transfermarkt.co.uk/us-sassuolo_cesena-fc/index/spielbericht/4385781
,,,"Tue, 27/08/24",,,,,SSC Bari,US Sassuolo,San Nicola,Attendance: 15.733,https://www.transfermarkt.co.uk/ssc-bari_us-sassuolo/index/spielbericht/4385784
,,,"Tue, 27/08/24",,,,,Carrarese Calcio 1908,FC Südtirol,Cetilar® Arena,Attendance: 1.987,https://www.transfermarkt.co.uk/carrarese-calcio-1908_fc-sudtirol/index/spielbericht/4385785
,,,"Sat, 17/08/24",,,,,US Salernitana 1919,AS Cittadella,Arechi,Attendance: 12.259,https://www.transfermarkt.co.uk/us-salernitana-1919_as-cittadella/index/spielbericht/4385229
,,,"Sun, 18/08/24",,,,,Cosenza Calcio,US Cremonese,San Vito-Luigi Marulla,Attendance: 6.840,https://www.transfermarkt.co.uk/cosenza-calcio_us-cremonese/index/spielbericht/4385231
,,,"Tue, 27/08/24",,,,,US Cremonese,Palermo FC,Giovanni Zini,Attendance: 9.394,https://www.transfermarkt.co.uk/us-cremonese_palermo-fc/index/spielbericht/4385789
,,,"Tue, 27/08/24",,,,,US Salernitana 1919,UC Sampdoria,Arechi,Attendance: 15.683,https://www.transfermarkt.co.uk/us-salernitana-1919_uc-sampdoria/index/spielbericht/4385793
,,,"Sat, 31/08/24",,,,,UC Sampdoria,SSC Bari,Luigi Ferraris,Attendance: 23.233,https://www.transfermarkt.co.uk/uc-sampdoria_ssc-bari/index/spielbericht/4385800
,,,"Mon, 09/12/24",,,,,FC Universitatea Cluj,CFR Cluj,Cluj Arena,Attendance: 14.813,https://www.transfermarkt.co.uk/fc-universitatea-cluj_cfr-cluj/index/spielbericht/4506892
,,,"Wed, 28/08/24",,,,,Cosenza Calcio,Spezia Calcio,San Vito-Luigi Marulla,Attendance: 8.006,https://www.transfermarkt.co.uk/cosenza-calcio_spezia-calcio/index/spielbericht/4385788
,,,"Sat, 31/08/24",,,,,US Sassuolo,US Cremonese,Mapei Stadium - Città del Tricolore,Attendance: 4.752,https://www.transfermarkt.co.uk/us-sassuolo_us-cremonese/index/spielbericht/4385801
,,,"Tue, 27/08/24",,,,,AC Reggiana 1919,Brescia Calcio (- 2025),Mapei Stadium - Città del Tricolore,Attendance: 9.252,https://www.transfermarkt.co.uk/ac-reggiana-1919_brescia-calcio-2025-/index/spielbericht/4385792
,,,"Wed, 28/08/24",,,,,Cesena FC,US Catanzaro,Orogel Stadium - Dino Manuzzi,Attendance: 11.870,https://www.transfermarkt.co.uk/cesena-fc_us-catanzaro/index/spielbericht/4385786
,,,"Sat, 31/08/24",,,,,Pisa Sporting Club,AC Reggiana 1919,Cetilar® Arena,Attendance: 8.359,https://www.transfermarkt.co.uk/pisa-sporting-club_ac-reggiana-1919/index/spielbericht/4385799
,,,"Sat, 14/09/24",,,,,AS Cittadella,US Catanzaro,Piercesare Tombolato,Attendance: 2.269,https://www.transfermarkt.co.uk/as-cittadella_us-catanzaro/index/spielbericht/4385808
,,,"Sun, 01/09/24",,,,,Frosinone Calcio,SS Juve Stabia,Benito Stirpe,Attendance: 10.755,https://www.transfermarkt.co.uk/frosinone-calcio_ss-juve-stabia/index/spielbericht/4385795
,,,"Sun, 01/09/24",,,,,Spezia Calcio,Cesena FC,Alberto Picco,Attendance: 7.573,https://www.transfermarkt.co.uk/spezia-calcio_cesena-fc/index/spielbericht/4385802
,,,"Sat, 14/09/24",,,,,SS Juve Stabia,Palermo FC,Romeo Menti,Attendance: 6.493,https://www.transfermarkt.co.uk/ss-juve-stabia_palermo-fc/index/spielbericht/4385811
,,,"Sat, 14/09/24",,,,,US Cremonese,Spezia Calcio,Giovanni Zini,Attendance: 9.003,https://www.transfermarkt.co.uk/us-cremonese_spezia-calcio/index/spielbericht/4385810
,,,"Fri, 20/09/24",,,,,US Catanzaro,US Cremonese,Nicola Ceravolo,Attendance: 9.316,https://www.transfermarkt.co.uk/us-catanzaro_us-cremonese/index/spielbericht/4385814
,,,"Sat, 21/09/24",,,,,Cosenza Calcio,US Sassuolo,San Vito-Luigi Marulla,Attendance: 7.922,https://www.transfermarkt.co.uk/cosenza-calcio_us-sassuolo/index/spielbericht/4385815
,,,"Sat, 21/09/24",,,,,Pisa Sporting Club,Brescia Calcio (- 2025),Cetilar® Arena,Attendance: 8.434,https://www.transfermarkt.co.uk/pisa-sporting-club_brescia-calcio-2025-/index/spielbericht/4385820
,,,"Sun, 15/09/24",,,,,Carrarese Calcio 1908,US Sassuolo,Cetilar® Arena,Attendance: 2.777,https://www.transfermarkt.co.uk/carrarese-calcio-1908_us-sassuolo/index/spielbericht/4385806
,,,"Sat, 31/08/24",,,,,FC Südtirol,Brescia Calcio (- 2025),Druso,Attendance: 4.065,https://www.transfermarkt.co.uk/fc-sudtirol_brescia-calcio-2025-/index/spielbericht/4385803
,,,"Sat, 21/09/24",,,,,Palermo FC,Cesena FC,"Comunale Renzo Barbera ""La Favorita""",Attendance: 23.230,https://www.transfermarkt.co.uk/palermo-fc_cesena-fc/index/spielbericht/4385819
,,,"Sat, 21/09/24",,,,,AC Reggiana 1919,US Salernitana 1919,Mapei Stadium - Città del Tricolore,Attendance: 10.036,https://www.transfermarkt.co.uk/ac-reggiana-1919_us-salernitana-1919/index/spielbericht/4385821
,,,"Sat, 21/09/24",,,,,UC Sampdoria,FC Südtirol,Luigi Ferraris,Attendance: 21.440,https://www.transfermarkt.co.uk/uc-sampdoria_fc-sudtirol/index/spielbericht/4385822
,,,"Fri, 13/09/24",,,,,Cesena FC,Modena FC,Orogel Stadium - Dino Manuzzi,Attendance: 13.974,https://www.transfermarkt.co.uk/cesena-fc_modena-fc/index/spielbericht/4385807
,,,"Sun, 15/09/24",,,,,US Salernitana 1919,Pisa Sporting Club,Arechi,Attendance: 15.083,https://www.transfermarkt.co.uk/us-salernitana-1919_pisa-sporting-club/index/spielbericht/4385813
,,,"Sat, 21/09/24",,,,,Modena FC,SS Juve Stabia,Alberto Braglia,Attendance: 8.648,https://www.transfermarkt.co.uk/modena-fc_ss-juve-stabia/index/spielbericht/4385818
,,,"Sun, 18/08/24",,,,,Frosinone Calcio,UC Sampdoria,Benito Stirpe,Attendance: 10.855,https://www.transfermarkt.co.uk/frosinone-calcio_uc-sampdoria/index/spielbericht/4385226
,,,"Sun, 22/09/24",,,,,Spezia Calcio,Carrarese Calcio 1908,Alberto Picco,Attendance: 10.354,https://www.transfermarkt.co.uk/spezia-calcio_carrarese-calcio-1908/index/spielbericht/4385823
,,,"Sat, 28/09/24",,,,,US Sassuolo,Spezia Calcio,Mapei Stadium - Città del Tricolore,Attendance: 5.405,https://www.transfermarkt.co.uk/us-sassuolo_spezia-calcio/index/spielbericht/4385841
,,,"Sat, 28/09/24",,,,,SSC Bari,Cosenza Calcio,San Nicola,Attendance: 17.538,https://www.transfermarkt.co.uk/ssc-bari_cosenza-calcio/index/spielbericht/4385833
,,,"Sun, 29/09/24",,,,,SS Juve Stabia,Pisa Sporting Club,Romeo Menti,Attendance: 4.548,https://www.transfermarkt.co.uk/ss-juve-stabia_pisa-sporting-club/index/spielbericht/4385838
,,,"Fri, 27/09/24",,,,,AS Cittadella,Frosinone Calcio,Piercesare Tombolato,Attendance: 3.204,https://www.transfermarkt.co.uk/as-cittadella_frosinone-calcio/index/spielbericht/4385837
,,,"Sun, 22/09/24",,,,,Mantova 1911,AS Cittadella,Danilo Martelli,Attendance: 8.553,https://www.transfermarkt.co.uk/mantova-1911_as-cittadella/index/spielbericht/4385817
,,,"Sun, 29/09/24",,,,,Cesena FC,Mantova 1911,Orogel Stadium - Dino Manuzzi,Attendance: 12.326,https://www.transfermarkt.co.uk/cesena-fc_mantova-1911/index/spielbericht/4385836
,,,"Sat, 24/08/24",,,,,US Cremonese,Carrarese Calcio 1908,Giovanni Zini,Attendance: 8.577,https://www.transfermarkt.co.uk/us-cremonese_carrarese-calcio-1908/index/spielbericht/4385776
,,,"Sun, 22/09/24",,,,,Frosinone Calcio,SSC Bari,Benito Stirpe,Attendance: 10.947,https://www.transfermarkt.co.uk/frosinone-calcio_ssc-bari/index/spielbericht/4385816
,,,"Sat, 05/10/24",,,,,Frosinone Calcio,Carrarese Calcio 1908,Benito Stirpe,Attendance: 9.643,https://www.transfermarkt.co.uk/frosinone-calcio_carrarese-calcio-1908/index/spielbericht/4385846
,,,"Sat, 05/10/24",,,,,Pisa Sporting Club,Cesena FC,Cetilar® Arena,Attendance: 7.915,https://www.transfermarkt.co.uk/pisa-sporting-club_cesena-fc/index/spielbericht/4385849
,,,"Fri, 08/11/24",,,,,Eintracht Braunschweig,Hamburger SV,EINTRACHT-Stadion,Attendance: 22.418,https://www.transfermarkt.co.uk/eintracht-braunschweig_hamburger-sv/index/spielbericht/4373508
,,,"Sun, 29/09/24",,,,,US Salernitana 1919,US Catanzaro,Arechi,Attendance: 14.932,https://www.transfermarkt.co.uk/us-salernitana-1919_us-catanzaro/index/spielbericht/4385840
,,,"Sun, 06/10/24",,,,,Mantova 1911,Brescia Calcio (- 2025),Danilo Martelli,Attendance: 10.307,https://www.transfermarkt.co.uk/mantova-1911_brescia-calcio-2025-/index/spielbericht/4385847
,,,"Sat, 14/12/24",,,,,1.FC Magdeburg,SC Paderborn 07,Avnet-Arena,Attendance: 20.665,https://www.transfermarkt.co.uk/1-fc-magdeburg_sc-paderborn-07/index/spielbericht/4373578
,,,"Mon, 30/09/24",,,,,Brescia Calcio (- 2025),US Cremonese,Mario Rigamonti,Attendance: 9.484,https://www.transfermarkt.co.uk/brescia-calcio-2025-_us-cremonese/index/spielbericht/4385834
,,,"Sat, 14/09/24",,,,,Brescia Calcio (- 2025),Frosinone Calcio,Mario Rigamonti,Attendance: 5.715,https://www.transfermarkt.co.uk/brescia-calcio-2025-_frosinone-calcio/index/spielbericht/4385805
,,,"Fri, 04/10/24",,,,,UC Sampdoria,SS Juve Stabia,Luigi Ferraris,,https://www.transfermarkt.co.uk/uc-sampdoria_ss-juve-stabia/index/spielbericht/4385850
,,,"Fri, 18/10/24",,,,,SSC Bari,US Catanzaro,San Nicola,Attendance: 18.615,https://www.transfermarkt.co.uk/ssc-bari_us-catanzaro/index/spielbericht/4385862
,,,"Sun, 06/10/24",,,,,US Cremonese,SSC Bari,Giovanni Zini,Attendance: 9.942,https://www.transfermarkt.co.uk/us-cremonese_ssc-bari/index/spielbericht/4385845
,,,"Sun, 06/10/24",,,,,US Catanzaro,Modena FC,Nicola Ceravolo,Attendance: 8.394,https://www.transfermarkt.co.uk/us-catanzaro_modena-fc/index/spielbericht/4385843
,,,"Sun, 18/08/24",,,,,AC Reggiana 1919,Mantova 1911,Mapei Stadium - Città del Tricolore,Attendance: 10.255,https://www.transfermarkt.co.uk/ac-reggiana-1919_mantova-1911/index/spielbericht/4385228
,,,"Sat, 05/10/24",,,,,Spezia Calcio,AC Reggiana 1919,Alberto Picco,Attendance: 13.809,https://www.transfermarkt.co.uk/spezia-calcio_ac-reggiana-1919/index/spielbericht/4385852
,,,"Sat, 19/10/24",,,,,FC Südtirol,Pisa Sporting Club,Druso,Attendance: 4.099,https://www.transfermarkt.co.uk/fc-sudtirol_pisa-sporting-club/index/spielbericht/4385871
,,,"Sun, 06/10/24",,,,,Palermo FC,US Salernitana 1919,"Comunale Renzo Barbera ""La Favorita""",Attendance: 25.460,https://www.transfermarkt.co.uk/palermo-fc_us-salernitana-1919/index/spielbericht/4385848
,,,"Sun, 01/09/24",,,,,US Catanzaro,Carrarese Calcio 1908,Nicola Ceravolo,Attendance: 9.348,https://www.transfermarkt.co.uk/us-catanzaro_carrarese-calcio-1908/index/spielbericht/4385794
,,,"Wed, 28/08/24",,,,,SS Juve Stabia,Mantova 1911,Leonardo Garilli,Attendance: 1.480,https://www.transfermarkt.co.uk/ss-juve-stabia_mantova-1911/index/spielbericht/4385791
,,,"Sat, 19/10/24",,,,,US Salernitana 1919,Spezia Calcio,Arechi,Attendance: 10.675,https://www.transfermarkt.co.uk/us-salernitana-1919_spezia-calcio/index/spielbericht/4385870
,,,"Sun, 19/01/25",,,,,SC Paderborn 07,Hertha BSC,Home Deluxe Arena,Attendance: 14.280,https://www.transfermarkt.co.uk/sc-paderborn-07_hertha-bsc/index/spielbericht/4373619
,,,"Sun, 20/10/24",,,,,AC Reggiana 1919,Frosinone Calcio,Mapei Stadium - Città del Tricolore,Attendance: 8.459,https://www.transfermarkt.co.uk/ac-reggiana-1919_frosinone-calcio/index/spielbericht/4385869
,,,"Sun, 01/09/24",,,,,Palermo FC,Cosenza Calcio,"Comunale Renzo Barbera ""La Favorita""",Attendance: 25.787,https://www.transfermarkt.co.uk/palermo-fc_cosenza-calcio/index/spielbericht/4385798
,,,"Sat, 19/10/24",,,,,Modena FC,Palermo FC,Alberto Braglia,Attendance: 10.123,https://www.transfermarkt.co.uk/modena-fc_palermo-fc/index/spielbericht/4385868
,,,"Sat, 26/10/24",,,,,US Sassuolo,Modena FC,Mapei Stadium - Città del Tricolore,Attendance: 7.752,https://www.transfermarkt.co.uk/us-sassuolo_modena-fc/index/spielbericht/4385889
,,,"Sun, 20/10/24",,,,,SS Juve Stabia,US Cremonese,Romeo Menti,Attendance: 4.489,https://www.transfermarkt.co.uk/ss-juve-stabia_us-cremonese/index/spielbericht/4385867
,,,"Sat, 26/10/24",,,,,US Cremonese,US Salernitana 1919,Giovanni Zini,Attendance: 9.019,https://www.transfermarkt.co.uk/us-cremonese_us-salernitana-1919/index/spielbericht/4385885
,,,"Sun, 20/10/24",,,,,Cesena FC,UC Sampdoria,Orogel Stadium - Dino Manuzzi,Attendance: 12.000,https://www.transfermarkt.co.uk/cesena-fc_uc-sampdoria/index/spielbericht/4385865
,,,"Sat, 19/10/24",,,,,AS Cittadella,Cosenza Calcio,Piercesare Tombolato,Attendance: 3.067,https://www.transfermarkt.co.uk/as-cittadella_cosenza-calcio/index/spielbericht/4385866
,,,"Fri, 25/10/24",,,,,Spezia Calcio,SSC Bari,Alberto Picco,Attendance: 7.460,https://www.transfermarkt.co.uk/spezia-calcio_ssc-bari/index/spielbericht/4385890
,,,"Sun, 27/10/24",,,,,Frosinone Calcio,Pisa Sporting Club,Benito Stirpe,Attendance: 10.106,https://www.transfermarkt.co.uk/frosinone-calcio_pisa-sporting-club/index/spielbericht/4385886
,,,"Sat, 26/10/24",,,,,Carrarese Calcio 1908,AS Cittadella,Comunale dei Marmi,Attendance: 3.176,https://www.transfermarkt.co.uk/carrarese-calcio-1908_as-cittadella/index/spielbericht/4385881
,,,"Sat, 31/08/24",,,,,Modena FC,AS Cittadella,Alberto Braglia,Attendance: 8.928,https://www.transfermarkt.co.uk/modena-fc_as-cittadella/index/spielbericht/4385797
,,,"Sat, 19/10/24",,,,,Brescia Calcio (- 2025),US Sassuolo,Mario Rigamonti,Attendance: 4.014,https://www.transfermarkt.co.uk/brescia-calcio-2025-_us-sassuolo/index/spielbericht/4385863
,,,"Tue, 29/10/24",,,,,SSC Bari,Carrarese Calcio 1908,San Nicola,Attendance: 14.603,https://www.transfermarkt.co.uk/ssc-bari_carrarese-calcio-1908/index/spielbericht/4385900
,,,"Sat, 26/10/24",,,,,Cesena FC,Brescia Calcio (- 2025),Orogel Stadium - Dino Manuzzi,Attendance: 11.816,https://www.transfermarkt.co.uk/cesena-fc_brescia-calcio-2025-/index/spielbericht/4385883
,,,"Sun, 20/10/24",,,,,Carrarese Calcio 1908,Mantova 1911,Comunale dei Marmi,Attendance: 3.965,https://www.transfermarkt.co.uk/carrarese-calcio-1908_mantova-1911/index/spielbericht/4385864
,,,"Sat, 26/10/24",,,,,Palermo FC,AC Reggiana 1919,"Comunale Renzo Barbera ""La Favorita""",Attendance: 19.427,https://www.transfermarkt.co.uk/palermo-fc_ac-reggiana-1919/index/spielbericht/4385887
,,,"Sat, 26/10/24",,,,,Cosenza Calcio,SS Juve Stabia,San Vito-Luigi Marulla,Attendance: 5.542,https://www.transfermarkt.co.uk/cosenza-calcio_ss-juve-stabia/index/spielbericht/4385884
,,,"Sun, 15/09/24",,,,,Cosenza Calcio,UC Sampdoria,San Vito-Luigi Marulla,Attendance: 8.171,https://www.transfermarkt.co.uk/cosenza-calcio_uc-sampdoria/index/spielbericht/4385809
,,,"Tue, 29/10/24",,,,,SS Juve Stabia,US Sassuolo,Romeo Menti,Attendance: 4.589,https://www.transfermarkt.co.uk/ss-juve-stabia_us-sassuolo/index/spielbericht/4385903
,,,"Tue, 29/10/24",,,,,Modena FC,US Cremonese,Alberto Braglia,Attendance: 8.251,https://www.transfermarkt.co.uk/modena-fc_us-cremonese/index/spielbericht/4385905
,,,"Tue, 29/10/24",,,,,US Salernitana 1919,Cesena FC,Arechi,Attendance: 10.141,https://www.transfermarkt.co.uk/us-salernitana-1919_cesena-fc/index/spielbericht/4385908
,,,"Sat, 02/11/24",,,,,Carrarese Calcio 1908,SS Juve Stabia,Comunale dei Marmi,Attendance: 3.821,https://www.transfermarkt.co.uk/carrarese-calcio-1908_ss-juve-stabia/index/spielbericht/4385911
,,,"Tue, 29/10/24",,,,,AC Reggiana 1919,Cosenza Calcio,Mapei Stadium - Città del Tricolore,Attendance: 8.529,https://www.transfermarkt.co.uk/ac-reggiana-1919_cosenza-calcio/index/spielbericht/4385907
,,,"Wed, 30/10/24",,,,,AS Cittadella,UC Sampdoria,Piercesare Tombolato,Attendance: 1.882,https://www.transfermarkt.co.uk/as-cittadella_uc-sampdoria/index/spielbericht/4385902
,,,"Sat, 02/11/24",,,,,SSC Bari,AC Reggiana 1919,San Nicola,Attendance: 15.294,https://www.transfermarkt.co.uk/ssc-bari_ac-reggiana-1919/index/spielbericht/4385910
,,,"Wed, 30/10/24",,,,,Pisa Sporting Club,US Catanzaro,Cetilar® Arena,Attendance: 7.859,https://www.transfermarkt.co.uk/pisa-sporting-club_us-catanzaro/index/spielbericht/4385906
,,,"Sun, 03/11/24",,,,,UC Sampdoria,Brescia Calcio (- 2025),Luigi Ferraris,Attendance: 22.430,https://www.transfermarkt.co.uk/uc-sampdoria_brescia-calcio-2025-/index/spielbericht/4385917
,,,"Tue, 27/08/24",,,,,Frosinone Calcio,Modena FC,Benito Stirpe,Attendance: 9.841,https://www.transfermarkt.co.uk/frosinone-calcio_modena-fc/index/spielbericht/4385790
,,,"Sun, 03/11/24",,,,,Cesena FC,FC Südtirol,Orogel Stadium - Dino Manuzzi,Attendance: 10.754,https://www.transfermarkt.co.uk/cesena-fc_fc-sudtirol/index/spielbericht/4385913
,,,"Fri, 08/11/24",,,,,Frosinone Calcio,Palermo FC,Benito Stirpe,Attendance: 10.683,https://www.transfermarkt.co.uk/frosinone-calcio_palermo-fc/index/spielbericht/4385922
,,,"Sun, 03/11/24",,,,,US Catanzaro,Frosinone Calcio,Nicola Ceravolo,Attendance: 8.893,https://www.transfermarkt.co.uk/us-catanzaro_frosinone-calcio/index/spielbericht/4385912
,,,"Sun, 03/11/24",,,,,US Cremonese,Pisa Sporting Club,Giovanni Zini,Attendance: 10.371,https://www.transfermarkt.co.uk/us-cremonese_pisa-sporting-club/index/spielbericht/4385915
,,,"Sun, 03/11/24",,,,,Cosenza Calcio,US Salernitana 1919,San Vito-Luigi Marulla,Attendance: 7.440,https://www.transfermarkt.co.uk/cosenza-calcio_us-salernitana-1919/index/spielbericht/4385914
,,,"Sat, 02/11/24",,,,,Spezia Calcio,Modena FC,Alberto Picco,Attendance: 6.910,https://www.transfermarkt.co.uk/spezia-calcio_modena-fc/index/spielbericht/4385919
,,,"Sat, 09/11/24",,,,,Modena FC,Carrarese Calcio 1908,Alberto Braglia,Attendance: 8.569,https://www.transfermarkt.co.uk/modena-fc_carrarese-calcio-1908/index/spielbericht/4385925
,,,"Sun, 03/11/24",,,,,US Sassuolo,Mantova 1911,Mapei Stadium - Città del Tricolore,Attendance: 6.182,https://www.transfermarkt.co.uk/us-sassuolo_mantova-1911/index/spielbericht/4385918
,,,"Wed, 30/10/24",,,,,FC Südtirol,Frosinone Calcio,Druso,Attendance: 3.043,https://www.transfermarkt.co.uk/fc-sudtirol_frosinone-calcio/index/spielbericht/4385909
,,,"Sun, 03/11/24",,,,,Palermo FC,AS Cittadella,"Comunale Renzo Barbera ""La Favorita""",Attendance: 20.591,https://www.transfermarkt.co.uk/palermo-fc_as-cittadella/index/spielbericht/4385916
,,,"Wed, 30/10/24",,,,,Mantova 1911,Palermo FC,Danilo Martelli,Attendance: 8.852,https://www.transfermarkt.co.uk/mantova-1911_palermo-fc/index/spielbericht/4385904
,,,"Sun, 10/11/24",,,,,SS Juve Stabia,Spezia Calcio,Romeo Menti,Attendance: 4.860,https://www.transfermarkt.co.uk/ss-juve-stabia_spezia-calcio/index/spielbericht/4385923
,,,"Sat, 28/09/24",,,,,Carrarese Calcio 1908,AC Reggiana 1919,Cetilar® Arena,Attendance: 2.280,https://www.transfermarkt.co.uk/carrarese-calcio-1908_ac-reggiana-1919/index/spielbericht/4385835
,,,"Sat, 09/11/24",,,,,FC Südtirol,US Sassuolo,Druso,Attendance: 3.514,https://www.transfermarkt.co.uk/fc-sudtirol_us-sassuolo/index/spielbericht/4385929
,,,"Sat, 23/11/24",,,,,SS Juve Stabia,Brescia Calcio (- 2025),Romeo Menti,Attendance: 3.882,https://www.transfermarkt.co.uk/ss-juve-stabia_brescia-calcio-2025-/index/spielbericht/4385936
,,,"Sat, 09/11/24",,,,,Mantova 1911,US Cremonese,Danilo Martelli,Attendance: 8.714,https://www.transfermarkt.co.uk/mantova-1911_us-cremonese/index/spielbericht/4385924
,,,"Sun, 10/11/24",,,,,US Salernitana 1919,SSC Bari,Arechi,Attendance: 18.740,https://www.transfermarkt.co.uk/us-salernitana-1919_ssc-bari/index/spielbericht/4385928
,,,"Sat, 09/11/24",,,,,Brescia Calcio (- 2025),Cosenza Calcio,Mario Rigamonti,Attendance: 5.039,https://www.transfermarkt.co.uk/brescia-calcio-2025-_cosenza-calcio/index/spielbericht/4385920
,,,"Sat, 23/11/24",,,,,Carrarese Calcio 1908,Pisa Sporting Club,Comunale dei Marmi,Attendance: 4.224,https://www.transfermarkt.co.uk/carrarese-calcio-1908_pisa-sporting-club/index/spielbericht/4385931
,,,"Fri, 22/11/24",,,,,Cosenza Calcio,Modena FC,San Vito-Luigi Marulla,Attendance: 5.000,https://www.transfermarkt.co.uk/cosenza-calcio_modena-fc/index/spielbericht/4385934
,,,"Sun, 10/11/24",,,,,AS Cittadella,Cesena FC,Piercesare Tombolato,Attendance: 4.082,https://www.transfermarkt.co.uk/as-cittadella_cesena-fc/index/spielbericht/4385921
,,,"Sat, 23/11/24",,,,,US Sassuolo,US Salernitana 1919,Mapei Stadium - Città del Tricolore,Attendance: 5.113,https://www.transfermarkt.co.uk/us-sassuolo_us-salernitana-1919/index/spielbericht/4385938
,,,"Sat, 23/11/24",,,,,US Catanzaro,Mantova 1911,Nicola Ceravolo,Attendance: 8.089,https://www.transfermarkt.co.uk/us-catanzaro_mantova-1911/index/spielbericht/4385932
,,,"Sun, 10/11/24",,,,,AC Reggiana 1919,US Catanzaro,Mapei Stadium - Città del Tricolore,Attendance: 9.959,https://www.transfermarkt.co.uk/ac-reggiana-1919_us-catanzaro/index/spielbericht/4385927
,,,"Sun, 24/11/24",,,,,US Cremonese,Frosinone Calcio,Giovanni Zini,Attendance: 8.323,https://www.transfermarkt.co.uk/us-cremonese_frosinone-calcio/index/spielbericht/4385935
,,,"Sat, 23/11/24",,,,,Cesena FC,AC Reggiana 1919,Orogel Stadium - Dino Manuzzi,Attendance: 12.513,https://www.transfermarkt.co.uk/cesena-fc_ac-reggiana-1919/index/spielbericht/4385933
,,,"Sat, 30/11/24",,,,,AS Cittadella,SS Juve Stabia,Piercesare Tombolato,Attendance: 2.853,https://www.transfermarkt.co.uk/as-cittadella_ss-juve-stabia/index/spielbericht/4385941
,,,"Sat, 30/11/24",,,,,Mantova 1911,Modena FC,Danilo Martelli,Attendance: 8.045,https://www.transfermarkt.co.uk/mantova-1911_modena-fc/index/spielbericht/4385943
,,,"Sat, 30/11/24",,,,,Brescia Calcio (- 2025),SSC Bari,Mario Rigamonti,Attendance: 5.456,https://www.transfermarkt.co.uk/brescia-calcio-2025-_ssc-bari/index/spielbericht/4385940
,,,"Sat, 30/11/24",,,,,UC Sampdoria,US Catanzaro,Luigi Ferraris,Attendance: 22.906,https://www.transfermarkt.co.uk/uc-sampdoria_us-catanzaro/index/spielbericht/4385948
,,,"Sun, 01/12/24",,,,,Palermo FC,Spezia Calcio,"Comunale Renzo Barbera ""La Favorita""",Attendance: 18.032,https://www.transfermarkt.co.uk/palermo-fc_spezia-calcio/index/spielbericht/4385944
,,,"Sun, 24/11/24",,,,,Palermo FC,UC Sampdoria,"Comunale Renzo Barbera ""La Favorita""",Attendance: 21.425,https://www.transfermarkt.co.uk/palermo-fc_uc-sampdoria/index/spielbericht/4385937
,,,"Sun, 01/12/24",,,,,Frosinone Calcio,Cesena FC,Benito Stirpe,Attendance: 9.698,https://www.transfermarkt.co.uk/frosinone-calcio_cesena-fc/index/spielbericht/4385942
,,,"Fri, 29/11/24",,,,,AC Reggiana 1919,US Sassuolo,Mapei Stadium - Città del Tricolore,Attendance: 11.308,https://www.transfermarkt.co.uk/ac-reggiana-1919_us-sassuolo/index/spielbericht/4385946
,,,"Sat, 30/11/24",,,,,FC Südtirol,US Cremonese,Druso,Attendance: 3.009,https://www.transfermarkt.co.uk/fc-sudtirol_us-cremonese/index/spielbericht/4385949
,,,"Fri, 14/02/25",,,,,1.FC Magdeburg,1.FC Köln,Avnet-Arena,Attendance: 27.055,https://www.transfermarkt.co.uk/1-fc-magdeburg_1-fc-koln/index/spielbericht/4373686
,,,"Sun, 24/11/24",,,,,SSC Bari,AS Cittadella,San Nicola,Attendance: 14.109,https://www.transfermarkt.co.uk/ssc-bari_as-cittadella/index/spielbericht/4385930
,,,"Sat, 07/12/24",,,,,Carrarese Calcio 1908,Palermo FC,Comunale dei Marmi,Attendance: 3.646,https://www.transfermarkt.co.uk/carrarese-calcio-1908_palermo-fc/index/spielbericht/4385951
,,,"Sat, 07/12/24",,,,,Modena FC,US Salernitana 1919,Alberto Braglia,Attendance: 9.101,https://www.transfermarkt.co.uk/modena-fc_us-salernitana-1919/index/spielbericht/4385957
,,,"Sun, 08/12/24",,,,,Spezia Calcio,AS Cittadella,Alberto Picco,Attendance: 6.386,https://www.transfermarkt.co.uk/spezia-calcio_as-cittadella/index/spielbericht/4385959
,,,"Sun, 01/12/24",,,,,Pisa Sporting Club,Cosenza Calcio,Cetilar® Arena,Attendance: 8.522,https://www.transfermarkt.co.uk/pisa-sporting-club_cosenza-calcio/index/spielbericht/4385945
,,,"Fri, 06/12/24",,,,,SS Juve Stabia,FC Südtirol,Romeo Menti,Attendance: 3.704,https://www.transfermarkt.co.uk/ss-juve-stabia_fc-sudtirol/index/spielbericht/4385955
,,,"Sat, 07/12/24",,,,,Mantova 1911,Pisa Sporting Club,Danilo Martelli,Attendance: 7.722,https://www.transfermarkt.co.uk/mantova-1911_pisa-sporting-club/index/spielbericht/4385956
,,,"Fri, 13/12/24",,,,,Pisa Sporting Club,SSC Bari,Cetilar® Arena,Attendance: 7.937,https://www.transfermarkt.co.uk/pisa-sporting-club_ssc-bari/index/spielbericht/4385965
,,,"Sat, 14/12/24",,,,,Cesena FC,Cosenza Calcio,Orogel Stadium - Dino Manuzzi,Attendance: 10.732,https://www.transfermarkt.co.uk/cesena-fc_cosenza-calcio/index/spielbericht/4385961
,,,"Sun, 08/12/24",,,,,US Sassuolo,UC Sampdoria,Mapei Stadium - Città del Tricolore,Attendance: 5.638,https://www.transfermarkt.co.uk/us-sassuolo_uc-sampdoria/index/spielbericht/4385958
,,,"Sun, 15/12/24",,,,,Brescia Calcio (- 2025),Carrarese Calcio 1908,Mario Rigamonti,Attendance: 3.775,https://www.transfermarkt.co.uk/brescia-calcio-2025-_carrarese-calcio-1908/index/spielbericht/4385960
,,,"Sat, 07/12/24",,,,,Cosenza Calcio,Frosinone Calcio,San Vito-Luigi Marulla,Attendance: 4.407,https://www.transfermarkt.co.uk/cosenza-calcio_frosinone-calcio/index/spielbericht/4385953
,,,"Sat, 05/10/24",,,,,US Sassuolo,AS Cittadella,Mapei Stadium - Città del Tricolore,Attendance: 3.956,https://www.transfermarkt.co.uk/us-sassuolo_as-cittadella/index/spielbericht/4385851
,,,"Sun, 08/12/24",,,,,US Catanzaro,Brescia Calcio (- 2025),Nicola Ceravolo,Attendance: 7.341,https://www.transfermarkt.co.uk/us-catanzaro_brescia-calcio-2025-/index/spielbericht/4385952
,,,"Sun, 15/12/24",,,,,AS Cittadella,US Cremonese,Piercesare Tombolato,Attendance: 2.472,https://www.transfermarkt.co.uk/as-cittadella_us-cremonese/index/spielbericht/4385962
,,,"Mon, 30/09/24",,,,,FC Südtirol,Palermo FC,Druso,Attendance: 4.076,https://www.transfermarkt.co.uk/fc-sudtirol_palermo-fc/index/spielbericht/4385842
,,,"Sat, 14/12/24",,,,,UC Sampdoria,Spezia Calcio,Luigi Ferraris,Attendance: 20.817,https://www.transfermarkt.co.uk/uc-sampdoria_spezia-calcio/index/spielbericht/4385968
,,,"Sat, 14/12/24",,,,,Frosinone Calcio,US Sassuolo,Benito Stirpe,Attendance: 9.740,https://www.transfermarkt.co.uk/frosinone-calcio_us-sassuolo/index/spielbericht/4385963
,,,"Sat, 14/12/24",,,,,AC Reggiana 1919,Modena FC,Mapei Stadium - Città del Tricolore,Attendance: 10.339,https://www.transfermarkt.co.uk/ac-reggiana-1919_modena-fc/index/spielbericht/4385966
,,,"Sun, 15/12/24",,,,,Palermo FC,US Catanzaro,"Comunale Renzo Barbera ""La Favorita""",Attendance: 18.304,https://www.transfermarkt.co.uk/palermo-fc_us-catanzaro/index/spielbericht/4385964
,,,"Sat, 21/12/24",,,,,SSC Bari,FC Südtirol,San Nicola,Attendance: 14.121,https://www.transfermarkt.co.uk/ssc-bari_fc-sudtirol/index/spielbericht/4385970
,,,"Sat, 08/03/25",,,,,SpVgg Greuther Fürth,1.FC Magdeburg,Sportpark Ronhof | Thomas Sommer,Attendance: 12.930,https://www.transfermarkt.co.uk/spvgg-greuther-furth_1-fc-magdeburg/index/spielbericht/4373737
,,,"Sat, 21/12/24",,,,,US Catanzaro,Spezia Calcio,Nicola Ceravolo,Attendance: 8.893,https://www.transfermarkt.co.uk/us-catanzaro_spezia-calcio/index/spielbericht/4385972
,,,"Sun, 06/10/24",,,,,Cosenza Calcio,FC Südtirol,San Vito-Luigi Marulla,Attendance: 6.771,https://www.transfermarkt.co.uk/cosenza-calcio_fc-sudtirol/index/spielbericht/4385844
,,,"Sat, 21/12/24",,,,,Mantova 1911,Frosinone Calcio,Danilo Martelli,Attendance: 6.693,https://www.transfermarkt.co.uk/mantova-1911_frosinone-calcio/index/spielbericht/4385976
,,,"Sat, 21/12/24",,,,,US Sassuolo,Palermo FC,Mapei Stadium - Città del Tricolore,Attendance: 4.744,https://www.transfermarkt.co.uk/us-sassuolo_palermo-fc/index/spielbericht/4385979
,,,"Thu, 26/12/24",,,,,Pisa Sporting Club,US Sassuolo,Cetilar® Arena,Attendance: 9.300,https://www.transfermarkt.co.uk/pisa-sporting-club_us-sassuolo/index/spielbericht/4385985
,,,"Sat, 21/12/24",,,,,Modena FC,Pisa Sporting Club,Alberto Braglia,Attendance: 9.646,https://www.transfermarkt.co.uk/modena-fc_pisa-sporting-club/index/spielbericht/4385977
,,,"Sun, 22/12/24",,,,,SS Juve Stabia,Cesena FC,Romeo Menti,Attendance: 4.767,https://www.transfermarkt.co.uk/ss-juve-stabia_cesena-fc/index/spielbericht/4385975
,,,"Sun, 22/12/24",,,,,US Cremonese,UC Sampdoria,Giovanni Zini,Attendance: 8.331,https://www.transfermarkt.co.uk/us-cremonese_uc-sampdoria/index/spielbericht/4385974
,,,"Thu, 26/12/24",,,,,Cesena FC,US Cremonese,Orogel Stadium - Dino Manuzzi,Attendance: 11.088,https://www.transfermarkt.co.uk/cesena-fc_us-cremonese/index/spielbericht/4385981
,,,"Thu, 26/12/24",,,,,Brescia Calcio (- 2025),Modena FC,Mario Rigamonti,Attendance: 6.175,https://www.transfermarkt.co.uk/brescia-calcio-2025-_modena-fc/index/spielbericht/4385980
,,,"Thu, 26/12/24",,,,,Cosenza Calcio,US Catanzaro,San Vito-Luigi Marulla,Attendance: 10.603,https://www.transfermarkt.co.uk/cosenza-calcio_us-catanzaro/index/spielbericht/4385982
,,,"Sat, 21/12/24",,,,,AS Cittadella,AC Reggiana 1919,Piercesare Tombolato,Attendance: 3.057,https://www.transfermarkt.co.uk/as-cittadella_ac-reggiana-1919/index/spielbericht/4385973
,,,"Thu, 26/12/24",,,,,FC Südtirol,AS Cittadella,Druso,Attendance: 3.344,https://www.transfermarkt.co.uk/fc-sudtirol_as-cittadella/index/spielbericht/4385989
,,,"Sun, 29/12/24",,,,,US Cremonese,Brescia Calcio (- 2025),Giovanni Zini,Attendance: 10.565,https://www.transfermarkt.co.uk/us-cremonese_brescia-calcio-2025-/index/spielbericht/4385994
,,,"Sun, 29/12/24",,,,,SSC Bari,Spezia Calcio,San Nicola,Attendance: 16.147,https://www.transfermarkt.co.uk/ssc-bari_spezia-calcio/index/spielbericht/4385990
,,,"Thu, 26/12/24",,,,,Palermo FC,SSC Bari,"Comunale Renzo Barbera ""La Favorita""",Attendance: 19.264,https://www.transfermarkt.co.uk/palermo-fc_ssc-bari/index/spielbericht/4385984
,,,"Sun, 29/12/24",,,,,Mantova 1911,AC Reggiana 1919,Danilo Martelli,Attendance: 9.342,https://www.transfermarkt.co.uk/mantova-1911_ac-reggiana-1919/index/spielbericht/4385996
,,,"Thu, 26/12/24",,,,,AC Reggiana 1919,SS Juve Stabia,Mapei Stadium - Città del Tricolore,Attendance: 8.912,https://www.transfermarkt.co.uk/ac-reggiana-1919_ss-juve-stabia/index/spielbericht/4385986
,,,"Sun, 29/12/24",,,,,AS Cittadella,Palermo FC,Piercesare Tombolato,Attendance: 4.766,https://www.transfermarkt.co.uk/as-cittadella_palermo-fc/index/spielbericht/4385993
,,,"Sun, 29/12/24",,,,,SS Juve Stabia,Frosinone Calcio,Romeo Menti,Attendance: 5.293,https://www.transfermarkt.co.uk/ss-juve-stabia_frosinone-calcio/index/spielbericht/4385995
,,,"Thu, 26/12/24",,,,,Spezia Calcio,Mantova 1911,Alberto Picco,Attendance: 8.902,https://www.transfermarkt.co.uk/spezia-calcio_mantova-1911/index/spielbericht/4385988
,,,"Sat, 14/12/24",,,,,FC Südtirol,Mantova 1911,Druso,Attendance: 4.963,https://www.transfermarkt.co.uk/fc-sudtirol_mantova-1911/index/spielbericht/4385969
,,,"Sun, 12/01/25",,,,,US Salernitana 1919,US Sassuolo,Arechi,Attendance: 7.463,https://www.transfermarkt.co.uk/us-salernitana-1919_us-sassuolo/index/spielbericht/4386011
,,,"Sun, 29/12/24",,,,,US Sassuolo,Cosenza Calcio,Mapei Stadium - Città del Tricolore,Attendance: 4.521,https://www.transfermarkt.co.uk/us-sassuolo_cosenza-calcio/index/spielbericht/4385999
,,,"Sun, 08/12/24",,,,,US Cremonese,AC Reggiana 1919,Giovanni Zini,Attendance: 8.577,https://www.transfermarkt.co.uk/us-cremonese_ac-reggiana-1919/index/spielbericht/4385954
,,,"Sun, 29/09/24",,,,,Modena FC,UC Sampdoria,Alberto Braglia,Attendance: 10.101,https://www.transfermarkt.co.uk/modena-fc_uc-sampdoria/index/spielbericht/4385839
,,,"Sun, 12/01/25",,,,,Palermo FC,Modena FC,"Comunale Renzo Barbera ""La Favorita""",Attendance: 16.645,https://www.transfermarkt.co.uk/palermo-fc_modena-fc/index/spielbericht/4386008
,,,"Fri, 20/12/24",,,,,US Salernitana 1919,Brescia Calcio (- 2025),Arechi,Attendance: 8.616,https://www.transfermarkt.co.uk/us-salernitana-1919_brescia-calcio-2025-/index/spielbericht/4385978
,,,"Sun, 12/01/25",,,,,Frosinone Calcio,US Cremonese,Benito Stirpe,Attendance: 9.416,https://www.transfermarkt.co.uk/frosinone-calcio_us-cremonese/index/spielbericht/4386007
,,,"Sun, 06/04/25",,,,,FC Schalke 04,SSV Ulm 1846,Veltins-Arena,Attendance: 61.922,https://www.transfermarkt.co.uk/fc-schalke-04_ssv-ulm-1846/index/spielbericht/4373792
,,,"Sun, 27/10/24",,,,,US Catanzaro,FC Südtirol,Nicola Ceravolo,Attendance: 8.255,https://www.transfermarkt.co.uk/us-catanzaro_fc-sudtirol/index/spielbericht/4385882
,,,"Sun, 29/12/24",,,,,Carrarese Calcio 1908,Cesena FC,Comunale dei Marmi,Attendance: 3.813,https://www.transfermarkt.co.uk/carrarese-calcio-1908_cesena-fc/index/spielbericht/4385991
,,,"Sun, 29/12/24",,,,,US Catanzaro,US Salernitana 1919,Nicola Ceravolo,Attendance: 10.684,https://www.transfermarkt.co.uk/us-catanzaro_us-salernitana-1919/index/spielbericht/4385992
,,,"Sun, 12/01/25",,,,,Cosenza Calcio,Mantova 1911,San Vito-Luigi Marulla,Attendance: 3.269,https://www.transfermarkt.co.uk/cosenza-calcio_mantova-1911/index/spielbericht/4386006
,,,"Sun, 12/01/25",,,,,Cesena FC,AS Cittadella,Orogel Stadium - Dino Manuzzi,Attendance: 10.065,https://www.transfermarkt.co.uk/cesena-fc_as-cittadella/index/spielbericht/4386005
,,,"Sun, 12/01/25",,,,,Spezia Calcio,SS Juve Stabia,Alberto Picco,Attendance: 7.873,https://www.transfermarkt.co.uk/spezia-calcio_ss-juve-stabia/index/spielbericht/4386012
,,,"Sun, 12/01/25",,,,,FC Südtirol,US Catanzaro,Druso,Attendance: 3.169,https://www.transfermarkt.co.uk/fc-sudtirol_us-catanzaro/index/spielbericht/4386013
,,,"Sun, 12/01/25",,,,,AC Reggiana 1919,SSC Bari,Mapei Stadium - Città del Tricolore,Attendance: 10.025,https://www.transfermarkt.co.uk/ac-reggiana-1919_ssc-bari/index/spielbericht/4386010
,,,"Sat, 18/01/25",,,,,US Cremonese,Cosenza Calcio,Giovanni Zini,Attendance: 8.110,https://www.transfermarkt.co.uk/us-cremonese_cosenza-calcio/index/spielbericht/4386026
,,,"Sun, 12/01/25",,,,,Brescia Calcio (- 2025),UC Sampdoria,Mario Rigamonti,Attendance: 4.808,https://www.transfermarkt.co.uk/brescia-calcio-2025-_uc-sampdoria/index/spielbericht/4386004
,,,"Mon, 13/01/25",,,,,Pisa Sporting Club,Carrarese Calcio 1908,Cetilar® Arena,Attendance: 8.428,https://www.transfermarkt.co.uk/pisa-sporting-club_carrarese-calcio-1908/index/spielbericht/4386009
,,,"Sun, 19/01/25",,,,,US Catanzaro,Pisa Sporting Club,Nicola Ceravolo,Attendance: 8.293,https://www.transfermarkt.co.uk/us-catanzaro_pisa-sporting-club/index/spielbericht/4386024
,,,"Thu, 26/12/24",,,,,Frosinone Calcio,US Salernitana 1919,Benito Stirpe,Attendance: 11.105,https://www.transfermarkt.co.uk/frosinone-calcio_us-salernitana-1919/index/spielbericht/4385983
,,,"Sat, 18/01/25",,,,,AS Cittadella,Mantova 1911,Piercesare Tombolato,Attendance: 1.968,https://www.transfermarkt.co.uk/as-cittadella_mantova-1911/index/spielbericht/4386025
,,,"Sun, 19/01/25",,,,,Carrarese Calcio 1908,Spezia Calcio,Comunale dei Marmi,Attendance: 3.602,https://www.transfermarkt.co.uk/carrarese-calcio-1908_spezia-calcio/index/spielbericht/4386023
,,,"Fri, 24/01/25",,,,,Spezia Calcio,US Sassuolo,Alberto Picco,Attendance: 10.044,https://www.transfermarkt.co.uk/spezia-calcio_us-sassuolo/index/spielbericht/4386053
,,,"Sat, 25/01/25",,,,,Cesena FC,SSC Bari,Orogel Stadium - Dino Manuzzi,Attendance: 12.949,https://www.transfermarkt.co.uk/cesena-fc_ssc-bari/index/spielbericht/4386045
,,,"Sat, 18/01/25",,,,,US Salernitana 1919,AC Reggiana 1919,Arechi,Attendance: 13.323,https://www.transfermarkt.co.uk/us-salernitana-1919_ac-reggiana-1919/index/spielbericht/4386029
,,,"Sat, 25/01/25",,,,,Frosinone Calcio,FC Südtirol,Benito Stirpe,Attendance: 9.509,https://www.transfermarkt.co.uk/frosinone-calcio_fc-sudtirol/index/spielbericht/4386048
,,,"Sun, 26/01/25",,,,,Brescia Calcio (- 2025),US Catanzaro,Mario Rigamonti,Attendance: 5.087,https://www.transfermarkt.co.uk/brescia-calcio-2025-_us-catanzaro/index/spielbericht/4386044
,,,"Fri, 31/01/25",,,,,Palermo FC,Pisa Sporting Club,"Comunale Renzo Barbera ""La Favorita""",Attendance: 21.585,https://www.transfermarkt.co.uk/palermo-fc_pisa-sporting-club/index/spielbericht/4386067
,,,"Sat, 25/01/25",,,,,Cosenza Calcio,AS Cittadella,San Vito-Luigi Marulla,Attendance: 4.480,https://www.transfermarkt.co.uk/cosenza-calcio_as-cittadella/index/spielbericht/4386046
,,,"Sat, 25/01/25",,,,,Mantova 1911,UC Sampdoria,Danilo Martelli,Attendance: 7.923,https://www.transfermarkt.co.uk/mantova-1911_uc-sampdoria/index/spielbericht/4386050
,,,"Sun, 26/01/25",,,,,Pisa Sporting Club,US Salernitana 1919,Cetilar® Arena,Attendance: 8.685,https://www.transfermarkt.co.uk/pisa-sporting-club_us-salernitana-1919/index/spielbericht/4386051
,,,"Sun, 02/02/25",,,,,US Salernitana 1919,US Cremonese,Arechi,Attendance: 10.580,https://www.transfermarkt.co.uk/us-salernitana-1919_us-cremonese/index/spielbericht/4386068
,,,"Sat, 01/02/25",,,,,US Sassuolo,SS Juve Stabia,Mapei Stadium - Città del Tricolore,Attendance: 4.541,https://www.transfermarkt.co.uk/us-sassuolo_ss-juve-stabia/index/spielbericht/4386070
,,,"Sun, 02/02/25",,,,,Carrarese Calcio 1908,Brescia Calcio (- 2025),Comunale dei Marmi,Attendance: 3.495,https://www.transfermarkt.co.uk/carrarese-calcio-1908_brescia-calcio-2025-/index/spielbericht/4386063
,,,"Sun, 02/02/25",,,,,FC Südtirol,AC Reggiana 1919,Druso,Attendance: 3.760,https://www.transfermarkt.co.uk/fc-sudtirol_ac-reggiana-1919/index/spielbericht/4386071
,,,"Sat, 01/02/25",,,,,US Catanzaro,Cesena FC,Nicola Ceravolo,Attendance: 8.514,https://www.transfermarkt.co.uk/us-catanzaro_cesena-fc/index/spielbericht/4386064
,,,"Sat, 25/01/25",,,,,SS Juve Stabia,Carrarese Calcio 1908,Romeo Menti,Attendance: 3.376,https://www.transfermarkt.co.uk/ss-juve-stabia_carrarese-calcio-1908/index/spielbericht/4386049
,,,"Sun, 26/01/25",,,,,AC Reggiana 1919,Palermo FC,Mapei Stadium - Città del Tricolore,Attendance: 10.240,https://www.transfermarkt.co.uk/ac-reggiana-1919_palermo-fc/index/spielbericht/4386052
,,,"Sun, 02/02/25",,,,,SSC Bari,Frosinone Calcio,San Nicola,Attendance: 12.105,https://www.transfermarkt.co.uk/ssc-bari_frosinone-calcio/index/spielbericht/4386062
,,,"Sun, 26/01/25",,,,,US Cremonese,Modena FC,Giovanni Zini,Attendance: 8.902,https://www.transfermarkt.co.uk/us-cremonese_modena-fc/index/spielbericht/4386047
,,,"Sat, 01/02/25",,,,,AS Cittadella,Spezia Calcio,Piercesare Tombolato,Attendance: 3.218,https://www.transfermarkt.co.uk/as-cittadella_spezia-calcio/index/spielbericht/4386065
,,,"Sat, 01/02/25",,,,,UC Sampdoria,Cosenza Calcio,Luigi Ferraris,Attendance: 22.734,https://www.transfermarkt.co.uk/uc-sampdoria_cosenza-calcio/index/spielbericht/4386069
,,,"Sat, 01/02/25",,,,,Modena FC,Mantova 1911,Alberto Braglia,Attendance: 9.806,https://www.transfermarkt.co.uk/modena-fc_mantova-1911/index/spielbericht/4386066
,,,"Sun, 24/11/24",,,,,Spezia Calcio,FC Südtirol,Alberto Picco,Attendance: 6.881,https://www.transfermarkt.co.uk/spezia-calcio_fc-sudtirol/index/spielbericht/4385939
,,,"Sat, 07/12/24",,,,,SSC Bari,Cesena FC,San Nicola,Attendance: 14.696,https://www.transfermarkt.co.uk/ssc-bari_cesena-fc/index/spielbericht/4385950
,,,"Sat, 08/02/25",,,,,Cosenza Calcio,Carrarese Calcio 1908,San Vito-Luigi Marulla,Attendance: 3.734,https://www.transfermarkt.co.uk/cosenza-calcio_carrarese-calcio-1908/index/spielbericht/4386081
,,,"Fri, 07/02/25",,,,,Brescia Calcio (- 2025),US Salernitana 1919,Mario Rigamonti,Attendance: 5.009,https://www.transfermarkt.co.uk/brescia-calcio-2025-_us-salernitana-1919/index/spielbericht/4386080
,,,"Sat, 08/02/25",,,,,Frosinone Calcio,US Catanzaro,Benito Stirpe,Attendance: 11.420,https://www.transfermarkt.co.uk/frosinone-calcio_us-catanzaro/index/spielbericht/4386083
,,,"Sat, 08/02/25",,,,,UC Sampdoria,Modena FC,Luigi Ferraris,Attendance: 20.413,https://www.transfermarkt.co.uk/uc-sampdoria_modena-fc/index/spielbericht/4386088
,,,"Sat, 15/02/25",,,,,Carrarese Calcio 1908,US Salernitana 1919,Comunale dei Marmi,Attendance: 3.936,https://www.transfermarkt.co.uk/carrarese-calcio-1908_us-salernitana-1919/index/spielbericht/4386103
,,,"Fri, 14/02/25",,,,,US Catanzaro,AS Cittadella,Nicola Ceravolo,Attendance: 8.458,https://www.transfermarkt.co.uk/us-catanzaro_as-cittadella/index/spielbericht/4386104
,,,"Sat, 15/02/25",,,,,Modena FC,Spezia Calcio,Alberto Braglia,Attendance: 9.514,https://www.transfermarkt.co.uk/modena-fc_spezia-calcio/index/spielbericht/4386108
,,,"Sun, 09/02/25",,,,,Spezia Calcio,Palermo FC,Alberto Picco,Attendance: 10.448,https://www.transfermarkt.co.uk/spezia-calcio_palermo-fc/index/spielbericht/4386089
,,,"Sat, 26/04/25",,,,,SC Paderborn 07,SV 07 Elversberg,Home Deluxe Arena,Attendance: 14.300,https://www.transfermarkt.co.uk/sc-paderborn-07_sv-07-elversberg/index/spielbericht/4373845
,,,"Sun, 16/02/25",,,,,Frosinone Calcio,AC Reggiana 1919,Benito Stirpe,Attendance: 10.317,https://www.transfermarkt.co.uk/frosinone-calcio_ac-reggiana-1919/index/spielbericht/4386106
,,,"Sat, 15/02/25",,,,,SSC Bari,US Cremonese,San Nicola,Attendance: 12.197,https://www.transfermarkt.co.uk/ssc-bari_us-cremonese/index/spielbericht/4386102
,,,"Sun, 16/02/25",,,,,Cesena FC,Pisa Sporting Club,Orogel Stadium - Dino Manuzzi,Attendance: 11.376,https://www.transfermarkt.co.uk/cesena-fc_pisa-sporting-club/index/spielbericht/4386105
,,,"Sun, 09/02/25",,,,,AC Reggiana 1919,Cesena FC,Mapei Stadium - Città del Tricolore,Attendance: 10.372,https://www.transfermarkt.co.uk/ac-reggiana-1919_cesena-fc/index/spielbericht/4386087
,,,"Sat, 22/02/25",,,,,Mantova 1911,SSC Bari,Danilo Martelli,Attendance: 9.508,https://www.transfermarkt.co.uk/mantova-1911_ssc-bari/index/spielbericht/4386124
,,,"Sat, 08/02/25",,,,,Pisa Sporting Club,AS Cittadella,Cetilar® Arena,Attendance: 7.382,https://www.transfermarkt.co.uk/pisa-sporting-club_as-cittadella/index/spielbericht/4386086
,,,"Sat, 15/02/25",,,,,US Sassuolo,Brescia Calcio (- 2025),Mapei Stadium - Città del Tricolore,Attendance: 3.918,https://www.transfermarkt.co.uk/us-sassuolo_brescia-calcio-2025-/index/spielbericht/4386110
,,,"Sat, 22/02/25",,,,,US Cremonese,Cesena FC,Giovanni Zini,Attendance: 7.404,https://www.transfermarkt.co.uk/us-cremonese_cesena-fc/index/spielbericht/4386123
,,,"Fri, 21/02/25",,,,,UC Sampdoria,US Sassuolo,Luigi Ferraris,Attendance: 21.395,https://www.transfermarkt.co.uk/uc-sampdoria_us-sassuolo/index/spielbericht/4386128
,,,"Sat, 15/02/25",,,,,FC Südtirol,UC Sampdoria,Druso,Attendance: 4.741,https://www.transfermarkt.co.uk/fc-sudtirol_uc-sampdoria/index/spielbericht/4386111
,,,"Sun, 23/02/25",,,,,Spezia Calcio,US Catanzaro,Alberto Picco,Attendance: 9.512,https://www.transfermarkt.co.uk/spezia-calcio_us-catanzaro/index/spielbericht/4386129
,,,"Sat, 22/02/25",,,,,Pisa Sporting Club,SS Juve Stabia,Cetilar® Arena,Attendance: 7.808,https://www.transfermarkt.co.uk/pisa-sporting-club_ss-juve-stabia/index/spielbericht/4386125
,,,"Tue, 29/10/24",,,,,Brescia Calcio (- 2025),Spezia Calcio,Mario Rigamonti,Attendance: 5.181,https://www.transfermarkt.co.uk/brescia-calcio-2025-_spezia-calcio/index/spielbericht/4385901
,,,"Sat, 22/02/25",,,,,AC Reggiana 1919,Carrarese Calcio 1908,Mapei Stadium - Città del Tricolore,Attendance: 8.929,https://www.transfermarkt.co.uk/ac-reggiana-1919_carrarese-calcio-1908/index/spielbericht/4386126
,,,"Sat, 09/11/24",,,,,Pisa Sporting Club,UC Sampdoria,Cetilar® Arena,Attendance: 8.745,https://www.transfermarkt.co.uk/pisa-sporting-club_uc-sampdoria/index/spielbericht/4385926
,,,"Sun, 23/02/25",,,,,US Salernitana 1919,Frosinone Calcio,Arechi,Attendance: 17.692,https://www.transfermarkt.co.uk/us-salernitana-1919_frosinone-calcio/index/spielbericht/4386127
,,,"Sun, 15/12/24",,,,,US Salernitana 1919,SS Juve Stabia,Arechi,Attendance: 10.761,https://www.transfermarkt.co.uk/us-salernitana-1919_ss-juve-stabia/index/spielbericht/4385967
,,,"Fri, 28/02/25",,,,,FC Südtirol,Spezia Calcio,Druso,Attendance: 3.232,https://www.transfermarkt.co.uk/fc-sudtirol_spezia-calcio/index/spielbericht/4386147
,,,"Sun, 27/04/25",,,,,Hannover 96,1.FC Köln,Heinz-von-Heiden-Arena,Attendance: 49.000,https://www.transfermarkt.co.uk/hannover-96_1-fc-koln/index/spielbericht/4373844
,,,"Fri, 02/05/25",,,,,1.FC Magdeburg,Preußen Münster,Avnet-Arena,Attendance: 26.800,https://www.transfermarkt.co.uk/1-fc-magdeburg_preussen-munster/index/spielbericht/4373866
,,,"Sat, 18/01/25",,,,,Modena FC,Frosinone Calcio,Alberto Braglia,Attendance: 7.696,https://www.transfermarkt.co.uk/modena-fc_frosinone-calcio/index/spielbericht/4386027
,,,"Sat, 01/03/25",,,,,Carrarese Calcio 1908,US Cremonese,Comunale dei Marmi,Attendance: 3.571,https://www.transfermarkt.co.uk/carrarese-calcio-1908_us-cremonese/index/spielbericht/4386139
,,,"Sun, 02/03/25",,,,,US Catanzaro,AC Reggiana 1919,Nicola Ceravolo,Attendance: 8.825,https://www.transfermarkt.co.uk/us-catanzaro_ac-reggiana-1919/index/spielbericht/4386140
,,,"Sat, 01/03/25",,,,,SS Juve Stabia,AS Cittadella,Romeo Menti,Attendance: 3.906,https://www.transfermarkt.co.uk/ss-juve-stabia_as-cittadella/index/spielbericht/4386143
,,,"Thu, 26/12/24",,,,,UC Sampdoria,Carrarese Calcio 1908,Luigi Ferraris,Attendance: 23.636,https://www.transfermarkt.co.uk/uc-sampdoria_carrarese-calcio-1908/index/spielbericht/4385987
,,,"Sun, 23/02/25",,,,,Brescia Calcio (- 2025),FC Südtirol,Mario Rigamonti,Attendance: 4.180,https://www.transfermarkt.co.uk/brescia-calcio-2025-_fc-sudtirol/index/spielbericht/4386120
,,,"Sat, 08/02/25",,,,,Mantova 1911,US Sassuolo,Danilo Martelli,Attendance: 7.146,https://www.transfermarkt.co.uk/mantova-1911_us-sassuolo/index/spielbericht/4386085
,,,"Sat, 08/03/25",,,,,Mantova 1911,SS Juve Stabia,Danilo Martelli,Attendance: 7.501,https://www.transfermarkt.co.uk/mantova-1911_ss-juve-stabia/index/spielbericht/4386165
,,,"Sat, 08/03/25",,,,,Carrarese Calcio 1908,Frosinone Calcio,Comunale dei Marmi,Attendance: 3.628,https://www.transfermarkt.co.uk/carrarese-calcio-1908_frosinone-calcio/index/spielbericht/4386161
,,,"Sun, 02/03/25",,,,,Palermo FC,Brescia Calcio (- 2025),"Comunale Renzo Barbera ""La Favorita""",Attendance: 18.819,https://www.transfermarkt.co.uk/palermo-fc_brescia-calcio-2025-/index/spielbericht/4386145
,,,"Sun, 02/03/25",,,,,SSC Bari,UC Sampdoria,San Nicola,Attendance: 18.526,https://www.transfermarkt.co.uk/ssc-bari_uc-sampdoria/index/spielbericht/4386138
,,,"Fri, 07/03/25",,,,,Cosenza Calcio,AC Reggiana 1919,San Vito-Luigi Marulla,Attendance: 2.804,https://www.transfermarkt.co.uk/cosenza-calcio_ac-reggiana-1919/index/spielbericht/4386163
,,,"Sat, 21/12/24",,,,,Carrarese Calcio 1908,Cosenza Calcio,Comunale dei Marmi,Attendance: 3.343,https://www.transfermarkt.co.uk/carrarese-calcio-1908_cosenza-calcio/index/spielbericht/4385971
,,,"Sat, 08/03/25",,,,,US Salernitana 1919,Modena FC,Arechi,Attendance: 12.521,https://www.transfermarkt.co.uk/us-salernitana-1919_modena-fc/index/spielbericht/4386166
,,,"Sat, 08/03/25",,,,,UC Sampdoria,Palermo FC,Luigi Ferraris,Attendance: 25.323,https://www.transfermarkt.co.uk/uc-sampdoria_palermo-fc/index/spielbericht/4386167
,,,"Sun, 19/01/25",,,,,Palermo FC,SS Juve Stabia,"Comunale Renzo Barbera ""La Favorita""",Attendance: 17.606,https://www.transfermarkt.co.uk/palermo-fc_ss-juve-stabia/index/spielbericht/4386028
,,,"Sun, 09/03/25",,,,,AS Cittadella,FC Südtirol,Piercesare Tombolato,Attendance: 3.567,https://www.transfermarkt.co.uk/as-cittadella_fc-sudtirol/index/spielbericht/4386162
,,,"Sun, 09/03/25",,,,,Spezia Calcio,Pisa Sporting Club,Alberto Picco,Attendance: 10.880,https://www.transfermarkt.co.uk/spezia-calcio_pisa-sporting-club/index/spielbericht/4386169
,,,"Fri, 14/03/25",,,,,Palermo FC,US Cremonese,"Comunale Renzo Barbera ""La Favorita""",Attendance: 23.683,https://www.transfermarkt.co.uk/palermo-fc_us-cremonese/index/spielbericht/4386184
,,,"Sat, 22/02/25",,,,,AS Cittadella,Modena FC,Piercesare Tombolato,Attendance: 3.009,https://www.transfermarkt.co.uk/as-cittadella_modena-fc/index/spielbericht/4386121
,,,"Sun, 29/12/24",,,,,Modena FC,FC Südtirol,Alberto Braglia,Attendance: 8.644,https://www.transfermarkt.co.uk/modena-fc_fc-sudtirol/index/spielbericht/4385997
,,,"Sun, 23/02/25",,,,,Cosenza Calcio,Palermo FC,San Vito-Luigi Marulla,Attendance: 4.362,https://www.transfermarkt.co.uk/cosenza-calcio_palermo-fc/index/spielbericht/4386122
,,,"Sun, 16/03/25",,,,,AC Reggiana 1919,UC Sampdoria,Mapei Stadium - Città del Tricolore,Attendance: 10.231,https://www.transfermarkt.co.uk/ac-reggiana-1919_uc-sampdoria/index/spielbericht/4386186
,,,"Sun, 09/03/25",,,,,US Sassuolo,SSC Bari,Mapei Stadium - Città del Tricolore,Attendance: 5.970,https://www.transfermarkt.co.uk/us-sassuolo_ssc-bari/index/spielbericht/4386168
,,,"Sat, 08/03/25",,,,,US Cremonese,US Catanzaro,Giovanni Zini,Attendance: 10.462,https://www.transfermarkt.co.uk/us-cremonese_us-catanzaro/index/spielbericht/4386164
,,,"Sat, 15/03/25",,,,,Frosinone Calcio,Brescia Calcio (- 2025),Benito Stirpe,Attendance: 10.579,https://www.transfermarkt.co.uk/frosinone-calcio_brescia-calcio-2025-/index/spielbericht/4386182
,,,"Sat, 15/03/25",,,,,AS Cittadella,US Sassuolo,Piercesare Tombolato,Attendance: 3.649,https://www.transfermarkt.co.uk/as-cittadella_us-sassuolo/index/spielbericht/4386181
,,,"Sun, 16/03/25",,,,,US Catanzaro,Cosenza Calcio,Nicola Ceravolo,Attendance: 13.297,https://www.transfermarkt.co.uk/us-catanzaro_cosenza-calcio/index/spielbericht/4386179
,,,"Sat, 15/03/25",,,,,SSC Bari,US Salernitana 1919,San Nicola,Attendance: 24.425,https://www.transfermarkt.co.uk/ssc-bari_us-salernitana-1919/index/spielbericht/4386178
,,,"Sat, 29/03/25",,,,,Modena FC,US Catanzaro,Alberto Braglia,Attendance: 10.088,https://www.transfermarkt.co.uk/modena-fc_us-catanzaro/index/spielbericht/4386201
,,,"Sat, 15/03/25",,,,,SS Juve Stabia,Modena FC,Romeo Menti,Attendance: 4.190,https://www.transfermarkt.co.uk/ss-juve-stabia_modena-fc/index/spielbericht/4386183
,,,"Sun, 02/03/25",,,,,Modena FC,Cosenza Calcio,Alberto Braglia,Attendance: 9.164,https://www.transfermarkt.co.uk/modena-fc_cosenza-calcio/index/spielbericht/4386144
,,,"Sat, 01/03/25",,,,,Cesena FC,US Salernitana 1919,Orogel Stadium - Dino Manuzzi,Attendance: 10.895,https://www.transfermarkt.co.uk/cesena-fc_us-salernitana-1919/index/spielbericht/4386141
,,,"Sat, 08/03/25",,,,,Brescia Calcio (- 2025),Cesena FC,Mario Rigamonti,Attendance: 4.818,https://www.transfermarkt.co.uk/brescia-calcio-2025-_cesena-fc/index/spielbericht/4386160
,,,"Sat, 29/03/25",,,,,Mantova 1911,FC Südtirol,Danilo Martelli,Attendance: 7.108,https://www.transfermarkt.co.uk/mantova-1911_fc-sudtirol/index/spielbericht/4386200
,,,"Sun, 30/03/25",,,,,US Salernitana 1919,Palermo FC,Arechi,Attendance: 15.562,https://www.transfermarkt.co.uk/us-salernitana-1919_palermo-fc/index/spielbericht/4386202
,,,"Sat, 29/03/25",,,,,US Cremonese,AS Cittadella,Giovanni Zini,Attendance: 8.577,https://www.transfermarkt.co.uk/us-cremonese_as-cittadella/index/spielbericht/4386199
,,,"Sat, 29/03/25",,,,,US Sassuolo,AC Reggiana 1919,Mapei Stadium - Città del Tricolore,Attendance: 5.058,https://www.transfermarkt.co.uk/us-sassuolo_ac-reggiana-1919/index/spielbericht/4386204
,,,"Sat, 29/03/25",,,,,UC Sampdoria,Frosinone Calcio,Luigi Ferraris,Attendance: 23.494,https://www.transfermarkt.co.uk/uc-sampdoria_frosinone-calcio/index/spielbericht/4386203
,,,"Sun, 16/03/25",,,,,Pisa Sporting Club,Mantova 1911,Cetilar® Arena,Attendance: 9.023,https://www.transfermarkt.co.uk/pisa-sporting-club_mantova-1911/index/spielbericht/4386185
,,,"Sat, 27/07/24",,,,,ACSM Politehnica Iasi,ASFC Buzau (2016-2025),Emil Alexandrescu,Attendance: 3.877,https://www.transfermarkt.co.uk/acsm-politehnica-iasi_asfc-buzau-2016-2025-/index/spielbericht/4395120
,,,"Sat, 15/03/25",,,,,Cesena FC,Spezia Calcio,Orogel Stadium - Dino Manuzzi,Attendance: 11.927,https://www.transfermarkt.co.uk/cesena-fc_spezia-calcio/index/spielbericht/4386180
,,,"Fri, 04/04/25",,,,,AC Reggiana 1919,US Cremonese,Mapei Stadium - Città del Tricolore,Attendance: 10.019,https://www.transfermarkt.co.uk/ac-reggiana-1919_us-cremonese/index/spielbericht/4386229
,,,"Sun, 30/03/25",,,,,Carrarese Calcio 1908,SSC Bari,Comunale dei Marmi,Attendance: 4.149,https://www.transfermarkt.co.uk/carrarese-calcio-1908_ssc-bari/index/spielbericht/4386196
,,,"Sat, 05/04/25",,,,,AS Cittadella,Carrarese Calcio 1908,Piercesare Tombolato,Attendance: 3.240,https://www.transfermarkt.co.uk/as-cittadella_carrarese-calcio-1908/index/spielbericht/4386224
,,,"Sat, 01/03/25",,,,,Frosinone Calcio,Mantova 1911,Benito Stirpe,Attendance: 9.597,https://www.transfermarkt.co.uk/frosinone-calcio_mantova-1911/index/spielbericht/4386142
,,,"Sat, 05/04/25",,,,,Pisa Sporting Club,Modena FC,Cetilar® Arena,Attendance: 10.809,https://www.transfermarkt.co.uk/pisa-sporting-club_modena-fc/index/spielbericht/4386228
,,,"Sat, 05/04/25",,,,,SS Juve Stabia,US Salernitana 1919,Romeo Menti,Attendance: 6.840,https://www.transfermarkt.co.uk/ss-juve-stabia_us-salernitana-1919/index/spielbericht/4386226
,,,"Sun, 06/04/25",,,,,US Catanzaro,SSC Bari,Nicola Ceravolo,Attendance: 10.318,https://www.transfermarkt.co.uk/us-catanzaro_ssc-bari/index/spielbericht/4386223
,,,"Sat, 05/04/25",,,,,FC Südtirol,Cesena FC,Druso,Attendance: 4.525,https://www.transfermarkt.co.uk/fc-sudtirol_cesena-fc/index/spielbericht/4386231
,,,"Sun, 06/04/25",,,,,Palermo FC,US Sassuolo,"Comunale Renzo Barbera ""La Favorita""",Attendance: 18.752,https://www.transfermarkt.co.uk/palermo-fc_us-sassuolo/index/spielbericht/4386227
,,,"Sat, 12/04/25",,,,,Carrarese Calcio 1908,US Catanzaro,Comunale dei Marmi,Attendance: 3.950,https://www.transfermarkt.co.uk/carrarese-calcio-1908_us-catanzaro/index/spielbericht/4386281
,,,"Sat, 05/04/25",,,,,Brescia Calcio (- 2025),Mantova 1911,Mario Rigamonti,Attendance: 10.208,https://www.transfermarkt.co.uk/brescia-calcio-2025-_mantova-1911/index/spielbericht/4386222
,,,"Sun, 30/03/25",,,,,Cesena FC,SS Juve Stabia,Orogel Stadium - Dino Manuzzi,Attendance: 12.110,https://www.transfermarkt.co.uk/cesena-fc_ss-juve-stabia/index/spielbericht/4386197
,,,"Sun, 09/02/25",,,,,US Cremonese,FC Südtirol,Giovanni Zini,Attendance: 7.524,https://www.transfermarkt.co.uk/us-cremonese_fc-sudtirol/index/spielbericht/4386082
,,,"Sun, 13/04/25",,,,,Cesena FC,Frosinone Calcio,Orogel Stadium - Dino Manuzzi,Attendance: 11.169,https://www.transfermarkt.co.uk/cesena-fc_frosinone-calcio/index/spielbericht/4386282
,,,"Sun, 06/04/25",,,,,Spezia Calcio,UC Sampdoria,Alberto Picco,Attendance: 10.220,https://www.transfermarkt.co.uk/spezia-calcio_uc-sampdoria/index/spielbericht/4386230
,,,"Sun, 13/04/25",,,,,Mantova 1911,Spezia Calcio,Danilo Martelli,Attendance: 10.401,https://www.transfermarkt.co.uk/mantova-1911_spezia-calcio/index/spielbericht/4386285
,,,"Sun, 13/04/25",,,,,US Cremonese,SS Juve Stabia,Giovanni Zini,Attendance: 8.711,https://www.transfermarkt.co.uk/us-cremonese_ss-juve-stabia/index/spielbericht/4386284
,,,"Tue, 13/05/25",,,,,Brescia Calcio (- 2025),AC Reggiana 1919,Mario Rigamonti,Attendance: 14.983,https://www.transfermarkt.co.uk/brescia-calcio-2025-_ac-reggiana-1919/index/spielbericht/4386298
,,,"Sat, 12/04/25",,,,,US Salernitana 1919,FC Südtirol,Arechi,Attendance: 14.050,https://www.transfermarkt.co.uk/us-salernitana-1919_fc-sudtirol/index/spielbericht/4386288
,,,"Sat, 12/04/25",,,,,UC Sampdoria,AS Cittadella,Luigi Ferraris,Attendance: 26.940,https://www.transfermarkt.co.uk/uc-sampdoria_as-cittadella/index/spielbericht/4386289
,,,"Sat, 12/04/25",,,,,Modena FC,US Sassuolo,Alberto Braglia,Attendance: 13.340,https://www.transfermarkt.co.uk/modena-fc_us-sassuolo/index/spielbericht/4386286
,,,"Sat, 12/04/25",,,,,AC Reggiana 1919,Pisa Sporting Club,Mapei Stadium - Città del Tricolore,Attendance: 12.039,https://www.transfermarkt.co.uk/ac-reggiana-1919_pisa-sporting-club/index/spielbericht/4386287
,,,"Tue, 13/05/25",,,,,SS Juve Stabia,UC Sampdoria,Romeo Menti,Attendance: 6.277,https://www.transfermarkt.co.uk/ss-juve-stabia_uc-sampdoria/index/spielbericht/4386300
,,,"Sun, 19/01/25",,,,,US Sassuolo,FC Südtirol,Mapei Stadium - Città del Tricolore,Attendance: 3.802,https://www.transfermarkt.co.uk/us-sassuolo_fc-sudtirol/index/spielbericht/4386031
,,,"Tue, 13/05/25",,,,,AS Cittadella,US Salernitana 1919,Piercesare Tombolato,Attendance: 7.143,https://www.transfermarkt.co.uk/as-cittadella_us-salernitana-1919/index/spielbericht/4386299
,,,"Fri, 11/04/25",,,,,SSC Bari,Palermo FC,San Nicola,Attendance: 17.179,https://www.transfermarkt.co.uk/ssc-bari_palermo-fc/index/spielbericht/4386280
,,,"Tue, 13/05/25",,,,,Spezia Calcio,Cosenza Calcio,Alberto Picco,Attendance: 9.115,https://www.transfermarkt.co.uk/spezia-calcio_cosenza-calcio/index/spielbericht/4386306
,,,"Fri, 25/04/25",,,,,Brescia Calcio (- 2025),Pisa Sporting Club,Mario Rigamonti,Attendance: 5.907,https://www.transfermarkt.co.uk/brescia-calcio-2025-_pisa-sporting-club/index/spielbericht/4386309
,,,"Fri, 25/04/25",,,,,Carrarese Calcio 1908,UC Sampdoria,Comunale dei Marmi,Attendance: 4.194,https://www.transfermarkt.co.uk/carrarese-calcio-1908_uc-sampdoria/index/spielbericht/4386310
,,,"Tue, 13/05/25",,,,,US Sassuolo,Frosinone Calcio,Mapei Stadium - Città del Tricolore,Attendance: 4.516,https://www.transfermarkt.co.uk/us-sassuolo_frosinone-calcio/index/spielbericht/4386305
,,,"Fri, 25/04/25",,,,,US Salernitana 1919,Cosenza Calcio,Arechi,Attendance: 16.843,https://www.transfermarkt.co.uk/us-salernitana-1919_cosenza-calcio/index/spielbericht/4386316
,,,"Tue, 13/05/25",,,,,Pisa Sporting Club,US Cremonese,Cetilar® Arena,Attendance: 10.119,https://www.transfermarkt.co.uk/pisa-sporting-club_us-cremonese/index/spielbericht/4386304
,,,"Fri, 25/04/25",,,,,Cesena FC,US Sassuolo,Orogel Stadium - Dino Manuzzi,Attendance: 12.374,https://www.transfermarkt.co.uk/cesena-fc_us-sassuolo/index/spielbericht/4386312
,,,"Fri, 25/04/25",,,,,Frosinone Calcio,Spezia Calcio,Benito Stirpe,Attendance: 11.255,https://www.transfermarkt.co.uk/frosinone-calcio_spezia-calcio/index/spielbericht/4386314
,,,"Sun, 16/02/25",,,,,SS Juve Stabia,Cosenza Calcio,Romeo Menti,Attendance: 4.445,https://www.transfermarkt.co.uk/ss-juve-stabia_cosenza-calcio/index/spielbericht/4386107
,,,"Fri, 25/04/25",,,,,SSC Bari,Modena FC,San Nicola,Attendance: 14.481,https://www.transfermarkt.co.uk/ssc-bari_modena-fc/index/spielbericht/4386308
,,,"Thu, 01/05/25",,,,,SS Juve Stabia,US Catanzaro,Romeo Menti,Attendance: 3.622,https://www.transfermarkt.co.uk/ss-juve-stabia_us-catanzaro/index/spielbericht/4386320
,,,"Sun, 27/04/25",,,,,FC Südtirol,SS Juve Stabia,Druso,Attendance: 3.014,https://www.transfermarkt.co.uk/fc-sudtirol_ss-juve-stabia/index/spielbericht/4386317
,,,"Sun, 25/08/24",,,,,CFR Cluj,FC Botosani,Dr. Constantin Rădulescu,Attendance: 2.700,https://www.transfermarkt.co.uk/cfr-cluj_fc-botosani/index/spielbericht/4395139
,,,"Thu, 01/05/25",,,,,Cosenza Calcio,SSC Bari,San Vito-Luigi Marulla,Attendance: 3.222,https://www.transfermarkt.co.uk/cosenza-calcio_ssc-bari/index/spielbericht/4386319
,,,"Sun, 27/04/25",,,,,US Catanzaro,Palermo FC,Nicola Ceravolo,Attendance: 9.021,https://www.transfermarkt.co.uk/us-catanzaro_palermo-fc/index/spielbericht/4386311
,,,"Fri, 13/09/24",,,,,Sepsi OSK Sf. Gheorghe,FC Botosani,Sepsi Duna Arena,Attendance: 3.200,https://www.transfermarkt.co.uk/sepsi-osk-sf-gheorghe_fc-botosani/index/spielbericht/4395193
,,,"Thu, 01/05/25",,,,,Pisa Sporting Club,Frosinone Calcio,Cetilar® Arena,Attendance: 11.043,https://www.transfermarkt.co.uk/pisa-sporting-club_frosinone-calcio/index/spielbericht/4386324
,,,"Thu, 01/05/25",,,,,AS Cittadella,Brescia Calcio (- 2025),Piercesare Tombolato,Attendance: 6.183,https://www.transfermarkt.co.uk/as-cittadella_brescia-calcio-2025-/index/spielbericht/4386318
,,,"Thu, 01/05/25",,,,,UC Sampdoria,US Cremonese,Luigi Ferraris,Attendance: 26.214,https://www.transfermarkt.co.uk/uc-sampdoria_us-cremonese/index/spielbericht/4386325
,,,"Sun, 04/05/25",,,,,Brescia Calcio (- 2025),SS Juve Stabia,Mario Rigamonti,Attendance: 5.315,https://www.transfermarkt.co.uk/brescia-calcio-2025-_ss-juve-stabia/index/spielbericht/4386341
,,,"Thu, 01/05/25",,,,,Palermo FC,FC Südtirol,"Comunale Renzo Barbera ""La Favorita""",Attendance: 20.428,https://www.transfermarkt.co.uk/palermo-fc_fc-sudtirol/index/spielbericht/4386323
,,,"Sun, 04/05/25",,,,,SSC Bari,Pisa Sporting Club,San Nicola,Attendance: 15.249,https://www.transfermarkt.co.uk/ssc-bari_pisa-sporting-club/index/spielbericht/4386340
,,,"Sun, 04/05/25",,,,,Carrarese Calcio 1908,Modena FC,Comunale dei Marmi,Attendance: 4.194,https://www.transfermarkt.co.uk/carrarese-calcio-1908_modena-fc/index/spielbericht/4386342
,,,"Tue, 13/05/25",,,,,Modena FC,Cesena FC,Alberto Braglia,Attendance: 9.538,https://www.transfermarkt.co.uk/modena-fc_cesena-fc/index/spielbericht/4386302
,,,"Fri, 09/05/25",,,,,AS Cittadella,SSC Bari,Piercesare Tombolato,Attendance: 4.962,https://www.transfermarkt.co.uk/as-cittadella_ssc-bari/index/spielbericht/4386358
,,,"Sun, 16/02/25",,,,,Palermo FC,Mantova 1911,"Comunale Renzo Barbera ""La Favorita""",Attendance: 18.728,https://www.transfermarkt.co.uk/palermo-fc_mantova-1911/index/spielbericht/4386109
,,,"Fri, 25/04/25",,,,,AC Reggiana 1919,AS Cittadella,Mapei Stadium - Città del Tricolore,Attendance: 8.874,https://www.transfermarkt.co.uk/ac-reggiana-1919_as-cittadella/index/spielbericht/4386315
,,,"Sun, 04/05/25",,,,,US Catanzaro,UC Sampdoria,Nicola Ceravolo,Attendance: 9.412,https://www.transfermarkt.co.uk/us-catanzaro_uc-sampdoria/index/spielbericht/4386343
,,,"Sun, 04/05/25",,,,,Cesena FC,Palermo FC,Orogel Stadium - Dino Manuzzi,Attendance: 12.080,https://www.transfermarkt.co.uk/cesena-fc_palermo-fc/index/spielbericht/4386344
,,,"Thu, 01/05/25",,,,,Mantova 1911,Cesena FC,Danilo Martelli,Attendance: 9.602,https://www.transfermarkt.co.uk/mantova-1911_cesena-fc/index/spielbericht/4386321
,,,"Sun, 04/05/25",,,,,Frosinone Calcio,AS Cittadella,Benito Stirpe,Attendance: 10.751,https://www.transfermarkt.co.uk/frosinone-calcio_as-cittadella/index/spielbericht/4386346
,,,"Thu, 01/05/25",,,,,Spezia Calcio,US Salernitana 1919,Alberto Picco,Attendance: 9.634,https://www.transfermarkt.co.uk/spezia-calcio_us-salernitana-1919/index/spielbericht/4386327
,,,"Thu, 01/05/25",,,,,US Sassuolo,Carrarese Calcio 1908,Mapei Stadium - Città del Tricolore,Attendance: 6.483,https://www.transfermarkt.co.uk/us-sassuolo_carrarese-calcio-1908/index/spielbericht/4386326
,,,"Fri, 09/05/25",,,,,SS Juve Stabia,AC Reggiana 1919,Romeo Menti,Attendance: 4.964,https://www.transfermarkt.co.uk/ss-juve-stabia_ac-reggiana-1919/index/spielbericht/4386360
,,,"Sat, 21/09/24",,,,,FC Hermannstadt,CFR Cluj,Municipal Sibiu (2022),Attendance: 6.639,https://www.transfermarkt.co.uk/fc-hermannstadt_cfr-cluj/index/spielbericht/4395206
,,,"Thu, 01/05/25",,,,,Modena FC,AC Reggiana 1919,Alberto Braglia,Attendance: 14.470,https://www.transfermarkt.co.uk/modena-fc_ac-reggiana-1919/index/spielbericht/4386322
,,,"Fri, 09/05/25",,,,,Modena FC,Brescia Calcio (- 2025),Alberto Braglia,Attendance: 9.161,https://www.transfermarkt.co.uk/modena-fc_brescia-calcio-2025-/index/spielbericht/4386362
,,,"Fri, 09/05/25",,,,,Pisa Sporting Club,FC Südtirol,Cetilar® Arena,Attendance: 10.378,https://www.transfermarkt.co.uk/pisa-sporting-club_fc-sudtirol/index/spielbericht/4386364
,,,"Sun, 09/02/25",,,,,SS Juve Stabia,SSC Bari,Romeo Menti,Attendance: 4.900,https://www.transfermarkt.co.uk/ss-juve-stabia_ssc-bari/index/spielbericht/4386084
,,,"Tue, 13/05/25",,,,,FC Südtirol,SSC Bari,Druso,Attendance: 4.000,https://www.transfermarkt.co.uk/fc-sudtirol_ssc-bari/index/spielbericht/4386307
,,,"Fri, 09/05/25",,,,,Spezia Calcio,US Cremonese,Alberto Picco,Attendance: 9.357,https://www.transfermarkt.co.uk/spezia-calcio_us-cremonese/index/spielbericht/4386367
,,,"Fri, 09/05/25",,,,,UC Sampdoria,US Salernitana 1919,Luigi Ferraris,Attendance: 31.370,https://www.transfermarkt.co.uk/uc-sampdoria_us-salernitana-1919/index/spielbericht/4386365
,,,"Fri, 09/05/25",,,,,US Sassuolo,US Catanzaro,Mapei Stadium - Città del Tricolore,Attendance: 7.203,https://www.transfermarkt.co.uk/us-sassuolo_us-catanzaro/index/spielbericht/4386366
,,,"Fri, 10/05/24",,,,,CA Sarmiento (Junin),Instituto ACC,Eva Perón,Attendance: 3.650,https://www.transfermarkt.co.uk/ca-sarmiento-junin-_instituto-acc/index/spielbericht/4283434
,,,"Sat, 11/05/24",,,,,CD Godoy Cruz Antonio Tomba,CA Barracas Central,Malvinas Argentinas,Attendance: 7.200,https://www.transfermarkt.co.uk/cd-godoy-cruz-antonio-tomba_ca-barracas-central/index/spielbericht/4283433
,,,"Fri, 09/05/25",,,,,Mantova 1911,Carrarese Calcio 1908,Danilo Martelli,Attendance: 11.219,https://www.transfermarkt.co.uk/mantova-1911_carrarese-calcio-1908/index/spielbericht/4386361
,,,"Sat, 29/03/25",,,,,Cosenza Calcio,Pisa Sporting Club,San Vito-Luigi Marulla,Attendance: 2.326,https://www.transfermarkt.co.uk/cosenza-calcio_pisa-sporting-club/index/spielbericht/4386198
,,,"Sat, 01/03/25",,,,,US Sassuolo,Pisa Sporting Club,Mapei Stadium - Città del Tricolore,Attendance: 11.241,https://www.transfermarkt.co.uk/us-sassuolo_pisa-sporting-club/index/spielbericht/4386146
,,,"Sun, 12/05/24",,,,,Club Atlético Tigre,Club Estudiantes de La Plata,José Dellagiovanna,Attendance: 9.050,https://www.transfermarkt.co.uk/club-atletico-tigre_club-estudiantes-de-la-plata/index/spielbericht/4283430
,,,"Sat, 11/05/24",,,,,AA Argentinos Juniors,CA Rosario Central,Diego Armando Maradona,Attendance: 18.350,https://www.transfermarkt.co.uk/aa-argentinos-juniors_ca-rosario-central/index/spielbericht/4283429
,,,"Sun, 12/05/24",,,,,Club Atlético Belgrano,Racing Club,Julio César Villagra,Attendance: 34.830,https://www.transfermarkt.co.uk/club-atletico-belgrano_racing-club/index/spielbericht/4283428
,,,"Tue, 13/05/25",,,,,Mantova 1911,US Catanzaro,Danilo Martelli,Attendance: 10.305,https://www.transfermarkt.co.uk/mantova-1911_us-catanzaro/index/spielbericht/4386301
,,,"Mon, 13/05/24",,,,,Club de Gimnasia y Esgrima La Plata,CA Vélez Sarsfield,Juan Carmelo Zerillo,Attendance: 26.000,https://www.transfermarkt.co.uk/club-de-gimnasia-y-esgrima-la-plata_ca-velez-sarsfield/index/spielbericht/4283437
,,,"Sat, 18/05/24",,,,,CS Independiente Rivadavia,CD Godoy Cruz Antonio Tomba,Bautista Gargantini,Attendance: 24.000,https://www.transfermarkt.co.uk/cs-independiente-rivadavia_cd-godoy-cruz-antonio-tomba/index/spielbericht/4283449
,,,"Fri, 09/05/25",,,,,Cosenza Calcio,Cesena FC,San Vito-Luigi Marulla,Attendance: 1.078,https://www.transfermarkt.co.uk/cosenza-calcio_cesena-fc/index/spielbericht/4386359
,,,"Sun, 12/05/24",,,,,Club Deportivo Riestra,CA San Lorenzo de Almagro,Guillermo Laza,Attendance: 1.100,https://www.transfermarkt.co.uk/club-deportivo-riestra_ca-san-lorenzo-de-almagro/index/spielbericht/4283431
,,,"Sun, 19/05/24",,,,,Defensa y Justicia,Club de Gimnasia y Esgrima La Plata,Norberto Tomaghello,Attendance: 8.000,https://www.transfermarkt.co.uk/defensa-y-justicia_club-de-gimnasia-y-esgrima-la-plata/index/spielbericht/4283445
,,,"Sat, 18/05/24",,,,,CA River Plate,Club Atlético Belgrano,Mâs Monumental,Attendance: 84.567,https://www.transfermarkt.co.uk/ca-river-plate_club-atletico-belgrano/index/spielbericht/4283454
,,,"Fri, 28/03/25",,,,,Spezia Calcio,Brescia Calcio (- 2025),Alberto Picco,Attendance: 9.760,https://www.transfermarkt.co.uk/spezia-calcio_brescia-calcio-2025-/index/spielbericht/4386205
,,,"Mon, 13/05/24",,,,,Club Atlético Tucumán,CA Boca Juniors,Monumental José Fierro,Attendance: 35.200,https://www.transfermarkt.co.uk/club-atletico-tucuman_ca-boca-juniors/index/spielbericht/4283440
,,,"Tue, 14/05/24",,,,,CA Unión (Santa Fe),CA Banfield,15 de Abril,Attendance: 29.600,https://www.transfermarkt.co.uk/ca-union-santa-fe-_ca-banfield/index/spielbericht/4283435
,,,"Sat, 05/04/25",,,,,Frosinone Calcio,Cosenza Calcio,Benito Stirpe,Attendance: 11.709,https://www.transfermarkt.co.uk/frosinone-calcio_cosenza-calcio/index/spielbericht/4386225
,,,"Sun, 19/05/24",,,,,Instituto ACC,CA Unión (Santa Fe),Juan Domingo Perón,Attendance: 26.235,https://www.transfermarkt.co.uk/instituto-acc_ca-union-santa-fe-/index/spielbericht/4283447
,,,"Sat, 11/05/24",,,,,CA Independiente,CA Talleres,Libertadores de América-Ricardo Enrique Bochini,Attendance: 33.455,https://www.transfermarkt.co.uk/ca-independiente_ca-talleres/index/spielbericht/4283439
,,,"Sat, 11/05/24",,,,,CA River Plate,CA Central Córdoba (SdE),Mâs Monumental,Attendance: 84.567,https://www.transfermarkt.co.uk/ca-river-plate_ca-central-cordoba-sde-/index/spielbericht/4283427
,,,"Sun, 19/05/24",,,,,Club Atlético Platense,CA Independiente,Ciudad de Vicente López,Attendance: 19.500,https://www.transfermarkt.co.uk/club-atletico-platense_ca-independiente/index/spielbericht/4283443
,,,"Mon, 20/05/24",,,,,CA Barracas Central,CA Sarmiento (Junin),Tomás Adolfo Ducó,Attendance: 1.000,https://www.transfermarkt.co.uk/ca-barracas-central_ca-sarmiento-junin-/index/spielbericht/4283448
,,,"Mon, 20/05/24",,,,,CA San Lorenzo de Almagro,CA Lanús,Pedro Bidegain,Attendance: 42.400,https://www.transfermarkt.co.uk/ca-san-lorenzo-de-almagro_ca-lanus/index/spielbericht/4283450
,,,"Sun, 19/05/24",,,,,CA Banfield,CA Huracán,Florencio Sola,Attendance: 23.500,https://www.transfermarkt.co.uk/ca-banfield_ca-huracan/index/spielbericht/4283446
,,,"Fri, 24/05/24",,,,,Club Atlético Tigre,Racing Club,José Dellagiovanna,Attendance: 8.000,https://www.transfermarkt.co.uk/club-atletico-tigre_racing-club/index/spielbericht/4342769
,,,"Mon, 20/05/24",,,,,CA Central Córdoba (SdE),CA Boca Juniors,Único Madre de Ciudades,Attendance: 18.800,https://www.transfermarkt.co.uk/ca-central-cordoba-sde-_ca-boca-juniors/index/spielbericht/4283441
,,,"Wed, 22/05/24",,,,,CA Vélez Sarsfield,CA Newell's Old Boys,José Amalfitani,Attendance: 43.150,https://www.transfermarkt.co.uk/ca-velez-sarsfield_ca-newells-old-boys/index/spielbericht/4283444
,,,"Sun, 04/05/25",,,,,US Cremonese,US Sassuolo,Giovanni Zini,Attendance: 8.591,https://www.transfermarkt.co.uk/us-cremonese_us-sassuolo/index/spielbericht/4386345
,,,"Sun, 26/05/24",,,,,CA Boca Juniors,CA Talleres,Alberto J. Armando,Attendance: 57.200,https://www.transfermarkt.co.uk/ca-boca-juniors_ca-talleres/index/spielbericht/4342775
,,,"Sat, 25/05/24",,,,,CA Newell's Old Boys,Defensa y Justicia,Marcelo Bielsa,Attendance: 42.000,https://www.transfermarkt.co.uk/ca-newells-old-boys_defensa-y-justicia/index/spielbericht/4342774
,,,"Sat, 25/05/24",,,,,CA Lanús,Club Estudiantes de La Plata,Ciudad de Lanús - Néstor Díaz Pérez,Attendance: 9.800,https://www.transfermarkt.co.uk/ca-lanus_club-estudiantes-de-la-plata/index/spielbericht/4342771
,,,"Sat, 25/05/24",,,,,AA Argentinos Juniors,CA River Plate,Diego Armando Maradona,Attendance: 22.063,https://www.transfermarkt.co.uk/aa-argentinos-juniors_ca-river-plate/index/spielbericht/4342772
,,,"Sat, 25/05/24",,,,,Club Atlético Belgrano,CA Central Córdoba (SdE),Julio César Villagra,Attendance: 30.200,https://www.transfermarkt.co.uk/club-atletico-belgrano_ca-central-cordoba-sde-/index/spielbericht/4342770
,,,"Sun, 26/05/24",,,,,CA Huracán,Instituto ACC,Tomás Adolfo Ducó,Attendance: 18.500,https://www.transfermarkt.co.uk/ca-huracan_instituto-acc/index/spielbericht/4342776
,,,"Sun, 26/05/24",,,,,Club de Gimnasia y Esgrima La Plata,CA Banfield,Juan Carmelo Zerillo,Attendance: 26.000,https://www.transfermarkt.co.uk/club-de-gimnasia-y-esgrima-la-plata_ca-banfield/index/spielbericht/4342778
,,,"Sat, 25/05/24",,,,,CD Godoy Cruz Antonio Tomba,CA San Lorenzo de Almagro,Malvinas Argentinas,,https://www.transfermarkt.co.uk/cd-godoy-cruz-antonio-tomba_ca-san-lorenzo-de-almagro/index/spielbericht/4342773
,,,"Tue, 21/05/24",,,,,CA Rosario Central,Club Atlético Tigre,Gigante de Arroyito,Attendance: 41.580,https://www.transfermarkt.co.uk/ca-rosario-central_club-atletico-tigre/index/spielbericht/4283452
,,,"Sun, 02/06/24",,,,,CA Vélez Sarsfield,Club Atlético Tucumán,José Amalfitani,Attendance: 35.800,https://www.transfermarkt.co.uk/ca-velez-sarsfield_club-atletico-tucuman/index/spielbericht/4342785
,,,"Tue, 28/05/24",,,,,Club Atlético Tucumán,Club Atlético Platense,Monumental José Fierro,Attendance: 21.300,https://www.transfermarkt.co.uk/club-atletico-tucuman_club-atletico-platense/index/spielbericht/4342781
,,,"Tue, 21/05/24",,,,,Racing Club,AA Argentinos Juniors,Presidente Perón,Attendance: 42.900,https://www.transfermarkt.co.uk/racing-club_aa-argentinos-juniors/index/spielbericht/4283453
,,,"Mon, 27/05/24",,,,,CA Independiente,CA Vélez Sarsfield,Libertadores de América-Ricardo Enrique Bochini,Attendance: 34.000,https://www.transfermarkt.co.uk/ca-independiente_ca-velez-sarsfield/index/spielbericht/4342779
,,,"Mon, 03/06/24",,,,,CA River Plate,Club Atlético Tigre,Mâs Monumental,Attendance: 84.567,https://www.transfermarkt.co.uk/ca-river-plate_club-atletico-tigre/index/spielbericht/4342791
,,,"Sun, 02/06/24",,,,,CA Rosario Central,CA Lanús,Gigante de Arroyito,Attendance: 41.654,https://www.transfermarkt.co.uk/ca-rosario-central_ca-lanus/index/spielbericht/4342788
,,,"Sun, 26/05/24",,,,,CA Sarmiento (Junin),CS Independiente Rivadavia,Eva Perón,Attendance: 4.500,https://www.transfermarkt.co.uk/ca-sarmiento-junin-_cs-independiente-rivadavia/index/spielbericht/4342777
,,,"Mon, 03/06/24",,,,,CA San Lorenzo de Almagro,CA Sarmiento (Junin),Pedro Bidegain,Attendance: 40.980,https://www.transfermarkt.co.uk/ca-san-lorenzo-de-almagro_ca-sarmiento-junin-/index/spielbericht/4342793
,,,"Sun, 02/06/24",,,,,CA Central Córdoba (SdE),CA Talleres,Único Madre de Ciudades,Attendance: 3.200,https://www.transfermarkt.co.uk/ca-central-cordoba-sde-_ca-talleres/index/spielbericht/4342789
,,,"Tue, 04/06/24",,,,,Defensa y Justicia,CA Independiente,Norberto Tomaghello,Attendance: 8.000,https://www.transfermarkt.co.uk/defensa-y-justicia_ca-independiente/index/spielbericht/4342795
,,,"Fri, 09/05/25",,,,,Palermo FC,Frosinone Calcio,"Comunale Renzo Barbera ""La Favorita""",Attendance: 20.556,https://www.transfermarkt.co.uk/palermo-fc_frosinone-calcio/index/spielbericht/4386363
,,,"Tue, 04/06/24",,,,,CA Barracas Central,CA Huracán,Guillermo Laza,Attendance: 1.800,https://www.transfermarkt.co.uk/ca-barracas-central_ca-huracan/index/spielbericht/4342792
,,,"Tue, 04/06/24",,,,,Club Estudiantes de La Plata,CD Godoy Cruz Antonio Tomba,Jorge Luis Hirschi,Attendance: 32.530,https://www.transfermarkt.co.uk/club-estudiantes-de-la-plata_cd-godoy-cruz-antonio-tomba/index/spielbericht/4342794
,,,"Mon, 03/06/24",,,,,Instituto ACC,Club de Gimnasia y Esgrima La Plata,Juan Domingo Perón,Attendance: 24.855,https://www.transfermarkt.co.uk/instituto-acc_club-de-gimnasia-y-esgrima-la-plata/index/spielbericht/4342790
,,,"Wed, 05/06/24",,,,,CS Independiente Rivadavia,CA Unión (Santa Fe),Bautista Gargantini,Attendance: 24.000,https://www.transfermarkt.co.uk/cs-independiente-rivadavia_ca-union-santa-fe-/index/spielbericht/4342797
,,,"Wed, 12/06/24",,,,,CD Godoy Cruz Antonio Tomba,CA Rosario Central,Malvinas Argentinas,,https://www.transfermarkt.co.uk/cd-godoy-cruz-antonio-tomba_ca-rosario-central/index/spielbericht/4342803
,,,"Wed, 12/06/24",,,,,AA Argentinos Juniors,CA Central Córdoba (SdE),Diego Armando Maradona,Attendance: 19.500,https://www.transfermarkt.co.uk/aa-argentinos-juniors_ca-central-cordoba-sde-/index/spielbericht/4342798
,,,"Thu, 13/06/24",,,,,Club Deportivo Riestra,CA River Plate,Guillermo Laza,Attendance: 3.000,https://www.transfermarkt.co.uk/club-deportivo-riestra_ca-river-plate/index/spielbericht/4342801
,,,"Sun, 04/05/25",,,,,FC Südtirol,Cosenza Calcio,Druso,Attendance: 4.496,https://www.transfermarkt.co.uk/fc-sudtirol_cosenza-calcio/index/spielbericht/4386349
,,,"Fri, 14/06/24",,,,,CA Talleres,Club Atlético Platense,Mario Alberto Kempes,Attendance: 52.700,https://www.transfermarkt.co.uk/ca-talleres_club-atletico-platense/index/spielbericht/4342809
,,,"Sun, 04/05/25",,,,,US Salernitana 1919,Mantova 1911,Arechi,Attendance: 19.469,https://www.transfermarkt.co.uk/us-salernitana-1919_mantova-1911/index/spielbericht/4386348
,,,"Sat, 12/04/25",,,,,Cosenza Calcio,Brescia Calcio (- 2025),San Vito-Luigi Marulla,Attendance: 2.397,https://www.transfermarkt.co.uk/cosenza-calcio_brescia-calcio-2025-/index/spielbericht/4386283
,,,"Thu, 18/07/24",,,,,AA Argentinos Juniors,Club Atlético Tigre,Diego Armando Maradona,Attendance: 19.263,https://www.transfermarkt.co.uk/aa-argentinos-juniors_club-atletico-tigre/index/spielbericht/4342812
,,,"Fri, 14/06/24",,,,,CA Lanús,Racing Club,Ciudad de Lanús - Néstor Díaz Pérez,Attendance: 8.200,https://www.transfermarkt.co.uk/ca-lanus_racing-club/index/spielbericht/4342806
,,,"Sat, 15/06/24",,,,,CA Unión (Santa Fe),CA San Lorenzo de Almagro,15 de Abril,Attendance: 30.000,https://www.transfermarkt.co.uk/ca-union-santa-fe-_ca-san-lorenzo-de-almagro/index/spielbericht/4342811
,,,"Sat, 15/06/24",,,,,CA Huracán,CS Independiente Rivadavia,Tomás Adolfo Ducó,Attendance: 24.300,https://www.transfermarkt.co.uk/ca-huracan_cs-independiente-rivadavia/index/spielbericht/4342804
,,,"Sun, 16/06/24",,,,,Club Atlético Tucumán,Defensa y Justicia,Monumental José Fierro,Attendance: 16.350,https://www.transfermarkt.co.uk/club-atletico-tucuman_defensa-y-justicia/index/spielbericht/4342799
,,,"Thu, 18/07/24",,,,,CS Independiente Rivadavia,Club de Gimnasia y Esgrima La Plata,Bautista Gargantini,Attendance: 23.440,https://www.transfermarkt.co.uk/cs-independiente-rivadavia_club-de-gimnasia-y-esgrima-la-plata/index/spielbericht/4342820
,,,"Sat, 15/06/24",,,,,CA Boca Juniors,CA Vélez Sarsfield,Alberto J. Armando,Attendance: 57.200,https://www.transfermarkt.co.uk/ca-boca-juniors_ca-velez-sarsfield/index/spielbericht/4342800
,,,"Fri, 19/07/24",,,,,Instituto ACC,CA Independiente,Juan Domingo Perón,Attendance: 21.300,https://www.transfermarkt.co.uk/instituto-acc_ca-independiente/index/spielbericht/4342821
,,,"Thu, 13/06/24",,,,,CA Independiente,CA Banfield,Libertadores de América-Ricardo Enrique Bochini,Attendance: 35.500,https://www.transfermarkt.co.uk/ca-independiente_ca-banfield/index/spielbericht/4342805
,,,"Sat, 20/07/24",,,,,CA Rosario Central,CA Sarmiento (Junin),Gigante de Arroyito,Attendance: 41.654,https://www.transfermarkt.co.uk/ca-rosario-central_ca-sarmiento-junin-/index/spielbericht/4342816
,,,"Thu, 13/06/24",,,,,Club de Gimnasia y Esgrima La Plata,CA Barracas Central,Juan Carmelo Zerillo,Attendance: 26.700,https://www.transfermarkt.co.uk/club-de-gimnasia-y-esgrima-la-plata_ca-barracas-central/index/spielbericht/4342802
,,,"Thu, 13/06/24",,,,,Club Atlético Tigre,Club Atlético Belgrano,José Dellagiovanna,Attendance: 14.550,https://www.transfermarkt.co.uk/club-atletico-tigre_club-atletico-belgrano/index/spielbericht/4342810
,,,"Fri, 19/07/24",,,,,CA Barracas Central,CA Newell's Old Boys,Tomás Adolfo Ducó,Attendance: 620,https://www.transfermarkt.co.uk/ca-barracas-central_ca-newells-old-boys/index/spielbericht/4342814
,,,"Thu, 13/06/24",,,,,CA Sarmiento (Junin),Club Estudiantes de La Plata,Eva Perón,Attendance: 4.500,https://www.transfermarkt.co.uk/ca-sarmiento-junin-_club-estudiantes-de-la-plata/index/spielbericht/4342808
,,,"Fri, 19/07/24",,,,,Club Atlético Belgrano,Club Deportivo Riestra,Julio César Villagra,Attendance: 38.500,https://www.transfermarkt.co.uk/club-atletico-belgrano_club-deportivo-riestra/index/spielbericht/4342815
,,,"Sun, 21/07/24",,,,,CA River Plate,CA Lanús,Mâs Monumental,Attendance: 84.567,https://www.transfermarkt.co.uk/ca-river-plate_ca-lanus/index/spielbericht/4342823
,,,"Sat, 20/07/24",,,,,CA San Lorenzo de Almagro,CA Huracán,Pedro Bidegain,Attendance: 47.964,https://www.transfermarkt.co.uk/ca-san-lorenzo-de-almagro_ca-huracan/index/spielbericht/4342824
,,,"Sat, 20/07/24",,,,,CA Banfield,Club Atlético Tucumán,Florencio Sola,Attendance: 7.200,https://www.transfermarkt.co.uk/ca-banfield_club-atletico-tucuman/index/spielbericht/4342813
,,,"Sat, 20/07/24",,,,,Racing Club,CD Godoy Cruz Antonio Tomba,Presidente Perón,Attendance: 39.209,https://www.transfermarkt.co.uk/racing-club_cd-godoy-cruz-antonio-tomba/index/spielbericht/4342822
,,,"Mon, 22/07/24",,,,,CA Vélez Sarsfield,CA Talleres,José Amalfitani,Attendance: 35.000,https://www.transfermarkt.co.uk/ca-velez-sarsfield_ca-talleres/index/spielbericht/4342825
,,,"Sun, 21/07/24",,,,,Club Estudiantes de La Plata,CA Unión (Santa Fe),Jorge Luis Hirschi,Attendance: 22.500,https://www.transfermarkt.co.uk/club-estudiantes-de-la-plata_ca-union-santa-fe-/index/spielbericht/4342819
,,,"Tue, 23/07/24",,,,,Club Deportivo Riestra,AA Argentinos Juniors,Guillermo Laza,Attendance: 1.300,https://www.transfermarkt.co.uk/club-deportivo-riestra_aa-argentinos-juniors/index/spielbericht/4342828
,,,"Wed, 24/07/24",,,,,CA Independiente,CA Barracas Central,Libertadores de América-Ricardo Enrique Bochini,Attendance: 35.000,https://www.transfermarkt.co.uk/ca-independiente_ca-barracas-central/index/spielbericht/4342832
,,,"Tue, 23/07/24",,,,,CA Newell's Old Boys,CS Independiente Rivadavia,Marcelo Bielsa,Attendance: 42.000,https://www.transfermarkt.co.uk/ca-newells-old-boys_cs-independiente-rivadavia/index/spielbericht/4342834
,,,"Wed, 24/07/24",,,,,CA Sarmiento (Junin),Racing Club,Eva Perón,Attendance: 13.000,https://www.transfermarkt.co.uk/ca-sarmiento-junin-_racing-club/index/spielbericht/4342836
,,,"Sun, 21/07/24",,,,,CA Central Córdoba (SdE),Club Atlético Platense,Único Madre de Ciudades,Attendance: 1.200,https://www.transfermarkt.co.uk/ca-central-cordoba-sde-_club-atletico-platense/index/spielbericht/4342817
,,,"Mon, 22/07/24",,,,,Defensa y Justicia,CA Boca Juniors,Norberto Tomaghello,Attendance: 18.850,https://www.transfermarkt.co.uk/defensa-y-justicia_ca-boca-juniors/index/spielbericht/4342818
,,,"Fri, 26/07/24",,,,,Club Atlético Tigre,CA Central Córdoba (SdE),José Dellagiovanna,Attendance: 15.500,https://www.transfermarkt.co.uk/club-atletico-tigre_ca-central-cordoba-sde-/index/spielbericht/4342838
,,,"Fri, 26/07/24",,,,,Club Atlético Tucumán,Instituto ACC,Monumental José Fierro,Attendance: 25.200,https://www.transfermarkt.co.uk/club-atletico-tucuman_instituto-acc/index/spielbericht/4342826
,,,"Thu, 01/08/24",,,,,CA Boca Juniors,CA Banfield,Alberto J. Armando,Attendance: 57.200,https://www.transfermarkt.co.uk/ca-boca-juniors_ca-banfield/index/spielbericht/4342827
,,,"Sun, 12/05/24",,,,,CA Lanús,CS Independiente Rivadavia,Ciudad de Lanús - Néstor Díaz Pérez,Attendance: 8.000,https://www.transfermarkt.co.uk/ca-lanus_cs-independiente-rivadavia/index/spielbericht/4283432
,,,"Wed, 24/07/24",,,,,CD Godoy Cruz Antonio Tomba,CA River Plate,Malvinas Argentinas,Attendance: 14.000,https://www.transfermarkt.co.uk/cd-godoy-cruz-antonio-tomba_ca-river-plate/index/spielbericht/4342830
,,,"Wed, 31/07/24",,,,,CA Unión (Santa Fe),CA Rosario Central,15 de Abril,Attendance: 30.000,https://www.transfermarkt.co.uk/ca-union-santa-fe-_ca-rosario-central/index/spielbericht/4342839
,,,"Sat, 27/07/24",,,,,CS Independiente Rivadavia,CA Independiente,Bautista Gargantini,Attendance: 18.800,https://www.transfermarkt.co.uk/cs-independiente-rivadavia_ca-independiente/index/spielbericht/4342848
,,,"Sun, 28/07/24",,,,,CA Banfield,CA Talleres,Florencio Sola,Attendance: 22.800,https://www.transfermarkt.co.uk/ca-banfield_ca-talleres/index/spielbericht/4342841
,,,"Sun, 28/07/24",,,,,CA River Plate,CA Sarmiento (Junin),Mâs Monumental,Attendance: 84.567,https://www.transfermarkt.co.uk/ca-river-plate_ca-sarmiento-junin-/index/spielbericht/4342851
,,,"Sun, 28/07/24",,,,,Club Estudiantes de La Plata,Club de Gimnasia y Esgrima La Plata,Jorge Luis Hirschi,Attendance: 32.530,https://www.transfermarkt.co.uk/club-estudiantes-de-la-plata_club-de-gimnasia-y-esgrima-la-plata/index/spielbericht/4342847
,,,"Wed, 24/07/24",,,,,CA Huracán,Club Estudiantes de La Plata,Tomás Adolfo Ducó,Attendance: 28.000,https://www.transfermarkt.co.uk/ca-huracan_club-estudiantes-de-la-plata/index/spielbericht/4342831
,,,"Thu, 25/07/24",,,,,Club Atlético Platense,CA Vélez Sarsfield,Ciudad de Vicente López,Attendance: 14.000,https://www.transfermarkt.co.uk/club-atletico-platense_ca-velez-sarsfield/index/spielbericht/4342835
,,,"Mon, 29/07/24",,,,,Instituto ACC,CA Boca Juniors,Juan Domingo Perón,Attendance: 25.000,https://www.transfermarkt.co.uk/instituto-acc_ca-boca-juniors/index/spielbericht/4342849
,,,"Sun, 28/07/24",,,,,Racing Club,CA Unión (Santa Fe),Presidente Perón,Attendance: 43.500,https://www.transfermarkt.co.uk/racing-club_ca-union-santa-fe-/index/spielbericht/4342850
,,,"Tue, 23/07/24",,,,,Club de Gimnasia y Esgrima La Plata,CA San Lorenzo de Almagro,Juan Carmelo Zerillo,Attendance: 24.200,https://www.transfermarkt.co.uk/club-de-gimnasia-y-esgrima-la-plata_ca-san-lorenzo-de-almagro/index/spielbericht/4342829
,,,"Mon, 29/07/24",,,,,Defensa y Justicia,Club Atlético Platense,Norberto Tomaghello,Attendance: 8.000,https://www.transfermarkt.co.uk/defensa-y-justicia_club-atletico-platense/index/spielbericht/4342846
,,,"Mon, 29/07/24",,,,,CA Central Córdoba (SdE),CA Vélez Sarsfield,Único Madre de Ciudades,Attendance: 1.000,https://www.transfermarkt.co.uk/ca-central-cordoba-sde-_ca-velez-sarsfield/index/spielbericht/4342845
,,,"Mon, 29/07/24",,,,,Club Atlético Tigre,Club Deportivo Riestra,José Dellagiovanna,Attendance: 16.200,https://www.transfermarkt.co.uk/club-atletico-tigre_club-deportivo-riestra/index/spielbericht/4342853
,,,"Mon, 20/05/24",,,,,Club Estudiantes de La Plata,Club Deportivo Riestra,Jorge Luis Hirschi,Attendance: 32.530,https://www.transfermarkt.co.uk/club-estudiantes-de-la-plata_club-deportivo-riestra/index/spielbericht/4283451
,,,"Tue, 30/07/24",,,,,Club Atlético Belgrano,CD Godoy Cruz Antonio Tomba,Julio César Villagra,Attendance: 34.830,https://www.transfermarkt.co.uk/club-atletico-belgrano_cd-godoy-cruz-antonio-tomba/index/spielbericht/4342843
,,,"Sat, 03/08/24",,,,,CA Newell's Old Boys,Club Estudiantes de La Plata,Marcelo Bielsa,Attendance: 42.000,https://www.transfermarkt.co.uk/ca-newells-old-boys_club-estudiantes-de-la-plata/index/spielbericht/4342862
,,,"Sat, 03/08/24",,,,,CD Godoy Cruz Antonio Tomba,AA Argentinos Juniors,Malvinas Argentinas,Attendance: 5.000,https://www.transfermarkt.co.uk/cd-godoy-cruz-antonio-tomba_aa-argentinos-juniors/index/spielbericht/4342858
,,,"Tue, 30/07/24",,,,,AA Argentinos Juniors,CA Lanús,Diego Armando Maradona,Attendance: 16.600,https://www.transfermarkt.co.uk/aa-argentinos-juniors_ca-lanus/index/spielbericht/4342840
,,,"Sat, 03/08/24",,,,,CA Independiente,CA San Lorenzo de Almagro,Libertadores de América-Ricardo Enrique Bochini,Attendance: 39.400,https://www.transfermarkt.co.uk/ca-independiente_ca-san-lorenzo-de-almagro/index/spielbericht/4342860
,,,"Sat, 03/08/24",,,,,CA Vélez Sarsfield,Defensa y Justicia,José Amalfitani,Attendance: 38.500,https://www.transfermarkt.co.uk/ca-velez-sarsfield_defensa-y-justicia/index/spielbericht/4342867
,,,"Sun, 04/08/24",,,,,CA Sarmiento (Junin),Club Atlético Belgrano,Eva Perón,Attendance: 6.645,https://www.transfermarkt.co.uk/ca-sarmiento-junin-_club-atletico-belgrano/index/spielbericht/4342864
,,,"Sun, 04/08/24",,,,,CA Unión (Santa Fe),CA River Plate,15 de Abril,Attendance: 30.000,https://www.transfermarkt.co.uk/ca-union-santa-fe-_ca-river-plate/index/spielbericht/4342866
,,,"Mon, 05/08/24",,,,,Club Atlético Tucumán,CS Independiente Rivadavia,Monumental José Fierro,Attendance: 30.600,https://www.transfermarkt.co.uk/club-atletico-tucuman_cs-independiente-rivadavia/index/spielbericht/4342854
,,,"Mon, 29/07/24",,,,,CA Barracas Central,Club Atlético Tucumán,Tomás Adolfo Ducó,Attendance: 500,https://www.transfermarkt.co.uk/ca-barracas-central_club-atletico-tucuman/index/spielbericht/4342842
,,,"Fri, 09/08/24",,,,,CA Barracas Central,CA Talleres,Tomás Adolfo Ducó,Attendance: 700,https://www.transfermarkt.co.uk/ca-barracas-central_ca-talleres/index/spielbericht/4342870
,,,"Mon, 05/08/24",,,,,CA Lanús,Club Atlético Tigre,Ciudad de Lanús - Néstor Díaz Pérez,Attendance: 13.300,https://www.transfermarkt.co.uk/ca-lanus_club-atletico-tigre/index/spielbericht/4342861
,,,"Sat, 11/05/24",,,,,CA Newell's Old Boys,Club Atlético Platense,Marcelo Bielsa,Attendance: 42.000,https://www.transfermarkt.co.uk/ca-newells-old-boys_club-atletico-platense/index/spielbericht/4283438
,,,"Sat, 01/06/24",,,,,Racing Club,Club Deportivo Riestra,Presidente Perón,Attendance: 48.300,https://www.transfermarkt.co.uk/racing-club_club-deportivo-riestra/index/spielbericht/4342784
,,,"Fri, 09/08/24",,,,,Club Deportivo Riestra,CA Lanús,Guillermo Laza,Attendance: 1.442,https://www.transfermarkt.co.uk/club-deportivo-riestra_ca-lanus/index/spielbericht/4342874
,,,"Sat, 10/08/24",,,,,CS Independiente Rivadavia,CA Boca Juniors,Malvinas Argentinas,Attendance: 20.500,https://www.transfermarkt.co.uk/cs-independiente-rivadavia_ca-boca-juniors/index/spielbericht/4342876
,,,"Fri, 09/08/24",,,,,Club Atlético Belgrano,CA Unión (Santa Fe),Julio César Villagra,Attendance: 34.830,https://www.transfermarkt.co.uk/club-atletico-belgrano_ca-union-santa-fe-/index/spielbericht/4342871
,,,"Sat, 10/08/24",,,,,Racing Club,Club de Gimnasia y Esgrima La Plata,Presidente Perón,Attendance: 38.900,https://www.transfermarkt.co.uk/racing-club_club-de-gimnasia-y-esgrima-la-plata/index/spielbericht/4342878
,,,"Sat, 10/08/24",,,,,CA Rosario Central,CA Newell's Old Boys,Gigante de Arroyito,Attendance: 41.654,https://www.transfermarkt.co.uk/ca-rosario-central_ca-newells-old-boys/index/spielbericht/4342872
,,,"Sun, 04/08/24",,,,,CA Huracán,Racing Club,Tomás Adolfo Ducó,Attendance: 35.000,https://www.transfermarkt.co.uk/ca-huracan_racing-club/index/spielbericht/4342859
,,,"Sun, 11/08/24",,,,,Instituto ACC,Club Atlético Platense,Juan Domingo Perón,Attendance: 18.200,https://www.transfermarkt.co.uk/instituto-acc_club-atletico-platense/index/spielbericht/4342877
,,,"Tue, 06/08/24",,,,,Club Atlético Platense,CA Banfield,Ciudad de Vicente López,Attendance: 13.500,https://www.transfermarkt.co.uk/club-atletico-platense_ca-banfield/index/spielbericht/4342863
,,,"Thu, 08/08/24",,,,,AA Argentinos Juniors,CA Sarmiento (Junin),Diego Armando Maradona,Attendance: 7.500,https://www.transfermarkt.co.uk/aa-argentinos-juniors_ca-sarmiento-junin-/index/spielbericht/4342868
,,,"Sat, 11/05/24",,,,,CA Huracán,Defensa y Justicia,Tomás Adolfo Ducó,Attendance: 23.570,https://www.transfermarkt.co.uk/ca-huracan_defensa-y-justicia/index/spielbericht/4283436
,,,"Fri, 24/05/24",,,,,Club Deportivo Riestra,CA Rosario Central,Guillermo Laza,Attendance: 1.400,https://www.transfermarkt.co.uk/club-deportivo-riestra_ca-rosario-central/index/spielbericht/4342768
,,,"Mon, 05/08/24",,,,,Club de Gimnasia y Esgrima La Plata,CA Rosario Central,Juan Carmelo Zerillo,Attendance: 26.500,https://www.transfermarkt.co.uk/club-de-gimnasia-y-esgrima-la-plata_ca-rosario-central/index/spielbericht/4342857
,,,"Sun, 11/08/24",,,,,CA Central Córdoba (SdE),Defensa y Justicia,Único Madre de Ciudades,Attendance: 1.500,https://www.transfermarkt.co.uk/ca-central-cordoba-sde-_defensa-y-justicia/index/spielbericht/4342873
,,,"Sun, 02/06/24",,,,,Club Atlético Platense,CA Boca Juniors,Ciudad de Vicente López,Attendance: 23.750,https://www.transfermarkt.co.uk/club-atletico-platense_ca-boca-juniors/index/spielbericht/4342787
,,,"Mon, 12/08/24",,,,,Club Atlético Tigre,CD Godoy Cruz Antonio Tomba,José Dellagiovanna,Attendance: 16.000,https://www.transfermarkt.co.uk/club-atletico-tigre_cd-godoy-cruz-antonio-tomba/index/spielbericht/4342881
,,,"Sun, 11/08/24",,,,,CA River Plate,CA Huracán,Mâs Monumental,Attendance: 84.567,https://www.transfermarkt.co.uk/ca-river-plate_ca-huracan/index/spielbericht/4342879
,,,"Sun, 11/08/24",,,,,CA Banfield,CA Vélez Sarsfield,Florencio Sola,Attendance: 23.500,https://www.transfermarkt.co.uk/ca-banfield_ca-velez-sarsfield/index/spielbericht/4342869
,,,"Fri, 16/08/24",,,,,Club Atlético Platense,CA Barracas Central,Ciudad de Vicente López,Attendance: 9.280,https://www.transfermarkt.co.uk/club-atletico-platense_ca-barracas-central/index/spielbericht/4342891
,,,"Wed, 05/06/24",,,,,CA Banfield,CA Newell's Old Boys,Florencio Sola,Attendance: 22.000,https://www.transfermarkt.co.uk/ca-banfield_ca-newells-old-boys/index/spielbericht/4342796
,,,"Sat, 17/08/24",,,,,CA Lanús,CA Central Córdoba (SdE),Ciudad de Lanús - Néstor Díaz Pérez,Attendance: 8.500,https://www.transfermarkt.co.uk/ca-lanus_ca-central-cordoba-sde-/index/spielbericht/4342889
,,,"Sat, 17/08/24",,,,,CA Independiente,CA Rosario Central,Libertadores de América-Ricardo Enrique Bochini,Attendance: 39.300,https://www.transfermarkt.co.uk/ca-independiente_ca-rosario-central/index/spielbericht/4342888
,,,"Sun, 18/08/24",,,,,CA Sarmiento (Junin),Club Atlético Tigre,Eva Perón,Attendance: 4.900,https://www.transfermarkt.co.uk/ca-sarmiento-junin-_club-atletico-tigre/index/spielbericht/4342892
,,,"Sat, 17/08/24",,,,,Club de Gimnasia y Esgrima La Plata,CA River Plate,Juan Carmelo Zerillo,Attendance: 27.717,https://www.transfermarkt.co.uk/club-de-gimnasia-y-esgrima-la-plata_ca-river-plate/index/spielbericht/4342885
,,,"Mon, 19/08/24",,,,,CD Godoy Cruz Antonio Tomba,Club Deportivo Riestra,Malvinas Argentinas,Attendance: 6.500,https://www.transfermarkt.co.uk/cd-godoy-cruz-antonio-tomba_club-deportivo-riestra/index/spielbericht/4342886
,,,"Mon, 19/08/24",,,,,CA Huracán,Club Atlético Belgrano,Tomás Adolfo Ducó,Attendance: 35.000,https://www.transfermarkt.co.uk/ca-huracan_club-atletico-belgrano/index/spielbericht/4342887
,,,"Tue, 20/08/24",,,,,Defensa y Justicia,CA Banfield,Norberto Tomaghello,Attendance: 7.000,https://www.transfermarkt.co.uk/defensa-y-justicia_ca-banfield/index/spielbericht/4342884
,,,"Mon, 19/08/24",,,,,CA Unión (Santa Fe),AA Argentinos Juniors,15 de Abril,Attendance: 30.000,https://www.transfermarkt.co.uk/ca-union-santa-fe-_aa-argentinos-juniors/index/spielbericht/4342894
,,,"Sat, 24/08/24",,,,,Instituto ACC,Defensa y Justicia,Juan Domingo Perón,Attendance: 17.370,https://www.transfermarkt.co.uk/instituto-acc_defensa-y-justicia/index/spielbericht/4342904
,,,"Mon, 12/08/24",,,,,Club Estudiantes de La Plata,CA Independiente,Jorge Luis Hirschi,Attendance: 27.500,https://www.transfermarkt.co.uk/club-estudiantes-de-la-plata_ca-independiente/index/spielbericht/4342875
,,,"Sun, 18/08/24",,,,,CA Vélez Sarsfield,Instituto ACC,José Amalfitani,Attendance: 42.000,https://www.transfermarkt.co.uk/ca-velez-sarsfield_instituto-acc/index/spielbericht/4342895
,,,"Sun, 18/08/24",,,,,CA Talleres,CS Independiente Rivadavia,Mario Alberto Kempes,Attendance: 49.800,https://www.transfermarkt.co.uk/ca-talleres_cs-independiente-rivadavia/index/spielbericht/4342893
,,,"Sun, 18/08/24",,,,,Club Atlético Tucumán,Club Estudiantes de La Plata,Monumental José Fierro,Attendance: 34.880,https://www.transfermarkt.co.uk/club-atletico-tucuman_club-estudiantes-de-la-plata/index/spielbericht/4342882
,,,"Sun, 19/05/24",,,,,CA Talleres,Club Atlético Tucumán,Mario Alberto Kempes,Attendance: 52.500,https://www.transfermarkt.co.uk/ca-talleres_club-atletico-tucuman/index/spielbericht/4283442
,,,"Sat, 24/08/24",,,,,AA Argentinos Juniors,CA Huracán,Diego Armando Maradona,Attendance: 16.250,https://www.transfermarkt.co.uk/aa-argentinos-juniors_ca-huracan/index/spielbericht/4342896
,,,"Mon, 26/08/24",,,,,CA Central Córdoba (SdE),CA Banfield,Único Madre de Ciudades,Attendance: 1.000,https://www.transfermarkt.co.uk/ca-central-cordoba-sde-_ca-banfield/index/spielbericht/4342900
,,,"Mon, 26/08/24",,,,,Club Atlético Belgrano,Club de Gimnasia y Esgrima La Plata,Julio César Villagra,Attendance: 34.670,https://www.transfermarkt.co.uk/club-atletico-belgrano_club-de-gimnasia-y-esgrima-la-plata/index/spielbericht/4342898
,,,"Sun, 25/08/24",,,,,CA San Lorenzo de Almagro,CA Talleres,Pedro Bidegain,Attendance: 32.000,https://www.transfermarkt.co.uk/ca-san-lorenzo-de-almagro_ca-talleres/index/spielbericht/4342908
,,,"Sun, 25/08/24",,,,,CA Lanús,CD Godoy Cruz Antonio Tomba,Ciudad de Lanús - Néstor Díaz Pérez,Attendance: 8.110,https://www.transfermarkt.co.uk/ca-lanus_cd-godoy-cruz-antonio-tomba/index/spielbericht/4342905
,,,"Sat, 24/08/24",,,,,Club Deportivo Riestra,CA Sarmiento (Junin),Guillermo Laza,Attendance: 1.305,https://www.transfermarkt.co.uk/club-deportivo-riestra_ca-sarmiento-junin-/index/spielbericht/4342901
,,,"Sun, 25/08/24",,,,,Racing Club,CA Independiente,Presidente Perón,Attendance: 51.389,https://www.transfermarkt.co.uk/racing-club_ca-independiente/index/spielbericht/4342906
,,,"Tue, 27/08/24",,,,,Club Estudiantes de La Plata,CA Boca Juniors,Jorge Luis Hirschi,Attendance: 31.500,https://www.transfermarkt.co.uk/club-estudiantes-de-la-plata_ca-boca-juniors/index/spielbericht/4342902
,,,"Fri, 23/08/24",,,,,CS Independiente Rivadavia,Club Atlético Platense,Bautista Gargantini,Attendance: 19.800,https://www.transfermarkt.co.uk/cs-independiente-rivadavia_club-atletico-platense/index/spielbericht/4342903
,,,"Wed, 24/07/24",,,,,CA Talleres,Defensa y Justicia,Mario Alberto Kempes,Attendance: 40.000,https://www.transfermarkt.co.uk/ca-talleres_defensa-y-justicia/index/spielbericht/4342837
,,,"Mon, 26/08/24",,,,,CA Barracas Central,CA Vélez Sarsfield,Tomás Adolfo Ducó,Attendance: 680,https://www.transfermarkt.co.uk/ca-barracas-central_ca-velez-sarsfield/index/spielbericht/4342897
,,,"Sun, 25/08/24",,,,,Club Atlético Tigre,CA Unión (Santa Fe),José Dellagiovanna,Attendance: 17.700,https://www.transfermarkt.co.uk/club-atletico-tigre_ca-union-santa-fe-/index/spielbericht/4342909
,,,"Mon, 26/08/24",,,,,CA River Plate,CA Newell's Old Boys,Mâs Monumental,Attendance: 84.567,https://www.transfermarkt.co.uk/ca-river-plate_ca-newells-old-boys/index/spielbericht/4342907
,,,"Sat, 31/08/24",,,,,CA Unión (Santa Fe),Club Deportivo Riestra,15 de Abril,Attendance: 28.420,https://www.transfermarkt.co.uk/ca-union-santa-fe-_club-deportivo-riestra/index/spielbericht/4342922
,,,"Sat, 31/08/24",,,,,CA Vélez Sarsfield,CS Independiente Rivadavia,José Amalfitani,Attendance: 28.250,https://www.transfermarkt.co.uk/ca-velez-sarsfield_cs-independiente-rivadavia/index/spielbericht/4342923
,,,"Fri, 30/08/24",,,,,CA Sarmiento (Junin),CA Lanús,Eva Perón,Attendance: 1.120,https://www.transfermarkt.co.uk/ca-sarmiento-junin-_ca-lanus/index/spielbericht/4342920
,,,"Sun, 01/09/24",,,,,CA Boca Juniors,CA Rosario Central,Alberto J. Armando,Attendance: 57.200,https://www.transfermarkt.co.uk/ca-boca-juniors_ca-rosario-central/index/spielbericht/4342912
,,,"Mon, 26/08/24",,,,,CA Rosario Central,Club Atlético Tucumán,Gigante de Arroyito,Attendance: 34.070,https://www.transfermarkt.co.uk/ca-rosario-central_club-atletico-tucuman/index/spielbericht/4342899
,,,"Mon, 02/09/24",,,,,CA Banfield,Instituto ACC,Florencio Sola,Attendance: 22.000,https://www.transfermarkt.co.uk/ca-banfield_instituto-acc/index/spielbericht/4342911
,,,"Mon, 05/08/24",,,,,Club Deportivo Riestra,CA Central Córdoba (SdE),Guillermo Laza,Attendance: 700,https://www.transfermarkt.co.uk/club-deportivo-riestra_ca-central-cordoba-sde-/index/spielbericht/4342856
,,,"Sun, 01/09/24",,,,,Club Atlético Platense,CA San Lorenzo de Almagro,Ciudad de Vicente López,Attendance: 14.000,https://www.transfermarkt.co.uk/club-atletico-platense_ca-san-lorenzo-de-almagro/index/spielbericht/4342919
,,,"Sun, 01/09/24",,,,,CA Huracán,Club Atlético Tigre,Tomás Adolfo Ducó,Attendance: 19.500,https://www.transfermarkt.co.uk/ca-huracan_club-atletico-tigre/index/spielbericht/4342916
,,,"Mon, 02/09/24",,,,,CD Godoy Cruz Antonio Tomba,CA Central Córdoba (SdE),Malvinas Argentinas,Attendance: 8.000,https://www.transfermarkt.co.uk/cd-godoy-cruz-antonio-tomba_ca-central-cordoba-sde-/index/spielbericht/4342915
,,,"Sun, 01/09/24",,,,,Club Atlético Tucumán,Racing Club,Monumental José Fierro,Attendance: 34.770,https://www.transfermarkt.co.uk/club-atletico-tucuman_racing-club/index/spielbericht/4342910
,,,"Mon, 02/09/24",,,,,Club de Gimnasia y Esgrima La Plata,AA Argentinos Juniors,Juan Carmelo Zerillo,Attendance: 27.400,https://www.transfermarkt.co.uk/club-de-gimnasia-y-esgrima-la-plata_aa-argentinos-juniors/index/spielbericht/4342914
,,,"Sun, 02/06/24",,,,,Club Atlético Belgrano,AA Argentinos Juniors,Julio César Villagra,Attendance: 34.830,https://www.transfermarkt.co.uk/club-atletico-belgrano_aa-argentinos-juniors/index/spielbericht/4342786
,,,"Sat, 27/07/24",,,,,CA Rosario Central,CA Huracán,Gigante de Arroyito,Attendance: 41.654,https://www.transfermarkt.co.uk/ca-rosario-central_ca-huracan/index/spielbericht/4342844
,,,"Mon, 17/02/25",,,,,FC Rapid 1923,FC Botosani,Superbet Arena - Giulești,Attendance: 4.758,https://www.transfermarkt.co.uk/fc-rapid-1923_fc-botosani/index/spielbericht/4395292
,,,"Sun, 18/08/24",,,,,CA Boca Juniors,CA San Lorenzo de Almagro,Alberto J. Armando,Attendance: 57.200,https://www.transfermarkt.co.uk/ca-boca-juniors_ca-san-lorenzo-de-almagro/index/spielbericht/4342883
,,,"Sun, 15/09/24",,,,,Club Atlético Tigre,Club de Gimnasia y Esgrima La Plata,José Dellagiovanna,Attendance: 18.120,https://www.transfermarkt.co.uk/club-atletico-tigre_club-de-gimnasia-y-esgrima-la-plata/index/spielbericht/4342937
,,,"Sat, 14/09/24",,,,,CA San Lorenzo de Almagro,CA Vélez Sarsfield,Pedro Bidegain,Attendance: 47.964,https://www.transfermarkt.co.uk/ca-san-lorenzo-de-almagro_ca-velez-sarsfield/index/spielbericht/4342936
,,,"Fri, 13/09/24",,,,,Club Deportivo Riestra,CA Huracán,Guillermo Laza,Attendance: 1.460,https://www.transfermarkt.co.uk/club-deportivo-riestra_ca-huracan/index/spielbericht/4342929
,,,"Sun, 15/09/24",,,,,CD Godoy Cruz Antonio Tomba,CA Sarmiento (Junin),Malvinas Argentinas,Attendance: 4.900,https://www.transfermarkt.co.uk/cd-godoy-cruz-antonio-tomba_ca-sarmiento-junin-/index/spielbericht/4342931
,,,"Tue, 17/09/24",,,,,CS Independiente Rivadavia,Defensa y Justicia,Bautista Gargantini,Attendance: 23.550,https://www.transfermarkt.co.uk/cs-independiente-rivadavia_defensa-y-justicia/index/spielbericht/4342932
,,,"Fri, 20/09/24",,,,,Club de Gimnasia y Esgrima La Plata,Club Deportivo Riestra,Juan Carmelo Zerillo,Attendance: 27.500,https://www.transfermarkt.co.uk/club-de-gimnasia-y-esgrima-la-plata_club-deportivo-riestra/index/spielbericht/4342942
,,,"Sun, 15/09/24",,,,,Club Estudiantes de La Plata,Club Atlético Platense,Jorge Luis Hirschi,Attendance: 32.530,https://www.transfermarkt.co.uk/club-estudiantes-de-la-plata_club-atletico-platense/index/spielbericht/4342930
,,,"Sat, 21/09/24",,,,,CA Unión (Santa Fe),CD Godoy Cruz Antonio Tomba,15 de Abril,Attendance: 30.000,https://www.transfermarkt.co.uk/ca-union-santa-fe-_cd-godoy-cruz-antonio-tomba/index/spielbericht/4342950
,,,"Sat, 21/09/24",,,,,CA Newell's Old Boys,Club Atlético Tigre,Marcelo Bielsa,Attendance: 42.000,https://www.transfermarkt.co.uk/ca-newells-old-boys_club-atletico-tigre/index/spielbericht/4342946
,,,"Mon, 16/09/24",,,,,AA Argentinos Juniors,CA Newell's Old Boys,Diego Armando Maradona,Attendance: 11.400,https://www.transfermarkt.co.uk/aa-argentinos-juniors_ca-newells-old-boys/index/spielbericht/4342924
,,,"Sun, 15/09/24",,,,,CA Rosario Central,CA Talleres,Gigante de Arroyito,Attendance: 41.654,https://www.transfermarkt.co.uk/ca-rosario-central_ca-talleres/index/spielbericht/4342927
,,,"Fri, 14/06/24",,,,,CA Newell's Old Boys,Instituto ACC,Marcelo Bielsa,Attendance: 42.000,https://www.transfermarkt.co.uk/ca-newells-old-boys_instituto-acc/index/spielbericht/4342807
,,,"Thu, 25/07/24",,,,,CA Lanús,Club Atlético Belgrano,Ciudad de Lanús - Néstor Díaz Pérez,Attendance: 9.000,https://www.transfermarkt.co.uk/ca-lanus_club-atletico-belgrano/index/spielbericht/4342833
,,,"Sat, 17/08/24",,,,,CA Newell's Old Boys,Racing Club,Marcelo Bielsa,Attendance: 42.000,https://www.transfermarkt.co.uk/ca-newells-old-boys_racing-club/index/spielbericht/4342890
,,,"Sat, 21/09/24",,,,,Instituto ACC,CA Barracas Central,Juan Domingo Perón,Attendance: 23.200,https://www.transfermarkt.co.uk/instituto-acc_ca-barracas-central/index/spielbericht/4342945
,,,"Sun, 22/09/24",,,,,CA Talleres,Racing Club,Mario Alberto Kempes,Attendance: 52.500,https://www.transfermarkt.co.uk/ca-talleres_racing-club/index/spielbericht/4342949
,,,"Sat, 31/08/24",,,,,CA Talleres,Club Estudiantes de La Plata,Mario Alberto Kempes,Attendance: 52.000,https://www.transfermarkt.co.uk/ca-talleres_club-estudiantes-de-la-plata/index/spielbericht/4342921
,,,"Sun, 22/09/24",,,,,Club Atlético Platense,CA Rosario Central,Ciudad de Vicente López,Attendance: 12.700,https://www.transfermarkt.co.uk/club-atletico-platense_ca-rosario-central/index/spielbericht/4342947
,,,"Sun, 22/09/24",,,,,CA Independiente,AA Argentinos Juniors,Libertadores de América-Ricardo Enrique Bochini,Attendance: 37.229,https://www.transfermarkt.co.uk/ca-independiente_aa-argentinos-juniors/index/spielbericht/4342944
,,,"Sun, 22/09/24",,,,,Club Atlético Tucumán,Club Atlético Belgrano,Monumental José Fierro,Attendance: 32.450,https://www.transfermarkt.co.uk/club-atletico-tucuman_club-atletico-belgrano/index/spielbericht/4342938
,,,"Tue, 24/09/24",,,,,CA Banfield,CS Independiente Rivadavia,Florencio Sola,Attendance: 15.200,https://www.transfermarkt.co.uk/ca-banfield_cs-independiente-rivadavia/index/spielbericht/4342939
,,,"Mon, 23/09/24",,,,,CA Sarmiento (Junin),CA Central Córdoba (SdE),Eva Perón,Attendance: 4.230,https://www.transfermarkt.co.uk/ca-sarmiento-junin-_ca-central-cordoba-sde-/index/spielbericht/4342948
,,,"Tue, 24/09/24",,,,,CA Vélez Sarsfield,Club Estudiantes de La Plata,José Amalfitani,Attendance: 43.703,https://www.transfermarkt.co.uk/ca-velez-sarsfield_club-estudiantes-de-la-plata/index/spielbericht/4342951
,,,"Sat, 28/09/24",,,,,CD Godoy Cruz Antonio Tomba,CA Huracán,Malvinas Argentinas,Attendance: 7.900,https://www.transfermarkt.co.uk/cd-godoy-cruz-antonio-tomba_ca-huracan/index/spielbericht/4342958
,,,"Sat, 28/09/24",,,,,CS Independiente Rivadavia,Instituto ACC,Bautista Gargantini,Attendance: 21.055,https://www.transfermarkt.co.uk/cs-independiente-rivadavia_instituto-acc/index/spielbericht/4342959
,,,"Sun, 29/09/24",,,,,Club Atlético Belgrano,CA Boca Juniors,Julio César Villagra,Attendance: 38.000,https://www.transfermarkt.co.uk/club-atletico-belgrano_ca-boca-juniors/index/spielbericht/4342953
,,,"Sun, 29/09/24",,,,,CA Central Córdoba (SdE),CA Barracas Central,Único Madre de Ciudades,Attendance: 725,https://www.transfermarkt.co.uk/ca-central-cordoba-sde-_ca-barracas-central/index/spielbericht/4342955
,,,"Tue, 01/10/24",,,,,Club Atlético Tigre,CA Independiente,José Dellagiovanna,Attendance: 18.655,https://www.transfermarkt.co.uk/club-atletico-tigre_ca-independiente/index/spielbericht/4342965
,,,"Sat, 14/09/24",,,,,Racing Club,CA Boca Juniors,Presidente Perón,Attendance: 51.000,https://www.transfermarkt.co.uk/racing-club_ca-boca-juniors/index/spielbericht/4342934
,,,"Sun, 01/09/24",,,,,CA Independiente,CA River Plate,Libertadores de América-Ricardo Enrique Bochini,Attendance: 38.900,https://www.transfermarkt.co.uk/ca-independiente_ca-river-plate/index/spielbericht/4342917
,,,"Sun, 22/09/24",,,,,CA Huracán,CA Lanús,Tomás Adolfo Ducó,Attendance: 19.150,https://www.transfermarkt.co.uk/ca-huracan_ca-lanus/index/spielbericht/4342943
,,,"Mon, 30/09/24",,,,,AA Argentinos Juniors,Club Atlético Tucumán,Diego Armando Maradona,Attendance: 11.400,https://www.transfermarkt.co.uk/aa-argentinos-juniors_club-atletico-tucuman/index/spielbericht/4342952
,,,"Sat, 28/09/24",,,,,Club Estudiantes de La Plata,Defensa y Justicia,Jorge Luis Hirschi,Attendance: 29.410,https://www.transfermarkt.co.uk/club-estudiantes-de-la-plata_defensa-y-justicia/index/spielbericht/4342957
,,,"Tue, 27/08/24",,,,,AS Cittadella,Pisa Sporting Club,Piercesare Tombolato,Attendance: 2.905,https://www.transfermarkt.co.uk/as-cittadella_pisa-sporting-club/index/spielbericht/4385787
,,,"Sat, 03/08/24",,,,,CA Talleres,Instituto ACC,Mario Alberto Kempes,Attendance: 54.400,https://www.transfermarkt.co.uk/ca-talleres_instituto-acc/index/spielbericht/4342865
,,,"Fri, 13/09/24",,,,,CA Central Córdoba (SdE),Instituto ACC,Único Madre de Ciudades,Attendance: 1.400,https://www.transfermarkt.co.uk/ca-central-cordoba-sde-_instituto-acc/index/spielbericht/4342928
,,,"Sun, 29/09/24",,,,,CA Sarmiento (Junin),CA Unión (Santa Fe),Eva Perón,Attendance: 5.222,https://www.transfermarkt.co.uk/ca-sarmiento-junin-_ca-union-santa-fe-/index/spielbericht/4342964
,,,"Sat, 14/09/24",,,,,CA River Plate,Club Atlético Tucumán,Mâs Monumental,Attendance: 84.567,https://www.transfermarkt.co.uk/ca-river-plate_club-atletico-tucuman/index/spielbericht/4342935
,,,"Tue, 01/10/24",,,,,CA Lanús,Club de Gimnasia y Esgrima La Plata,Ciudad de Lanús - Néstor Díaz Pérez,Attendance: 10.400,https://www.transfermarkt.co.uk/ca-lanus_club-de-gimnasia-y-esgrima-la-plata/index/spielbericht/4342960
,,,"Sun, 22/09/24",,,,,Defensa y Justicia,CA San Lorenzo de Almagro,Norberto Tomaghello,Attendance: 13.000,https://www.transfermarkt.co.uk/defensa-y-justicia_ca-san-lorenzo-de-almagro/index/spielbericht/4342941
,,,"Sun, 15/09/24",,,,,Club Atlético Belgrano,CA Independiente,Julio César Villagra,Attendance: 38.500,https://www.transfermarkt.co.uk/club-atletico-belgrano_ca-independiente/index/spielbericht/4342926
,,,"Fri, 04/10/24",,,,,CA Unión (Santa Fe),CA Central Córdoba (SdE),15 de Abril,Attendance: 29.150,https://www.transfermarkt.co.uk/ca-union-santa-fe-_ca-central-cordoba-sde-/index/spielbericht/4343150
,,,"Sat, 21/09/24",,,,,CA Boca Juniors,CA River Plate,Alberto J. Armando,Attendance: 57.200,https://www.transfermarkt.co.uk/ca-boca-juniors_ca-river-plate/index/spielbericht/4342940
,,,"Tue, 01/10/24",,,,,Racing Club,Club Atlético Platense,Presidente Perón,Attendance: 35.325,https://www.transfermarkt.co.uk/racing-club_club-atletico-platense/index/spielbericht/4342961
,,,"Sat, 05/10/24",,,,,CA Huracán,CA Sarmiento (Junin),Tomás Adolfo Ducó,Attendance: 25.700,https://www.transfermarkt.co.uk/ca-huracan_ca-sarmiento-junin-/index/spielbericht/4343144
,,,"Sat, 05/10/24",,,,,CA Newell's Old Boys,CA Lanús,Marcelo Bielsa,Attendance: 42.000,https://www.transfermarkt.co.uk/ca-newells-old-boys_ca-lanus/index/spielbericht/4343147
,,,"Sun, 06/10/24",,,,,Instituto ACC,CA San Lorenzo de Almagro,Juan Domingo Perón,Attendance: 23.335,https://www.transfermarkt.co.uk/instituto-acc_ca-san-lorenzo-de-almagro/index/spielbericht/4343146
,,,"Sat, 28/09/24",,,,,CA San Lorenzo de Almagro,CA Banfield,Pedro Bidegain,Attendance: 45.841,https://www.transfermarkt.co.uk/ca-san-lorenzo-de-almagro_ca-banfield/index/spielbericht/4342963
,,,"Sun, 06/10/24",,,,,CA Talleres,Club Atlético Belgrano,Mario Alberto Kempes,Attendance: 56.150,https://www.transfermarkt.co.uk/ca-talleres_club-atletico-belgrano/index/spielbericht/4343149
,,,"Sat, 10/08/24",,,,,CA San Lorenzo de Almagro,Club Atlético Tucumán,Pedro Bidegain,Attendance: 32.000,https://www.transfermarkt.co.uk/ca-san-lorenzo-de-almagro_club-atletico-tucuman/index/spielbericht/4342880
,,,"Sat, 05/10/24",,,,,Club de Gimnasia y Esgrima La Plata,CD Godoy Cruz Antonio Tomba,Juan Carmelo Zerillo,Attendance: 27.527,https://www.transfermarkt.co.uk/club-de-gimnasia-y-esgrima-la-plata_cd-godoy-cruz-antonio-tomba/index/spielbericht/4343143
,,,"Sat, 17/08/24",,,,,SSC Bari,SS Juve Stabia,San Nicola,Attendance: 20.947,https://www.transfermarkt.co.uk/ssc-bari_ss-juve-stabia/index/spielbericht/4385222
,,,"Mon, 07/10/24",,,,,CA Barracas Central,CS Independiente Rivadavia,Guillermo Laza,Attendance: 1.500,https://www.transfermarkt.co.uk/ca-barracas-central_cs-independiente-rivadavia/index/spielbericht/4343140
,,,"Mon, 07/10/24",,,,,CA Boca Juniors,AA Argentinos Juniors,Alberto J. Armando,Attendance: 57.200,https://www.transfermarkt.co.uk/ca-boca-juniors_aa-argentinos-juniors/index/spielbericht/4343141
,,,"Fri, 18/10/24",,,,,CA Sarmiento (Junin),Club de Gimnasia y Esgrima La Plata,Eva Perón,Attendance: 3.550,https://www.transfermarkt.co.uk/ca-sarmiento-junin-_club-de-gimnasia-y-esgrima-la-plata/index/spielbericht/4343163
,,,"Tue, 08/10/24",,,,,Club Atlético Tucumán,Club Atlético Tigre,Monumental José Fierro,Attendance: 21.550,https://www.transfermarkt.co.uk/club-atletico-tucuman_club-atletico-tigre/index/spielbericht/4343138
,,,"Sat, 19/10/24",,,,,Racing Club,Defensa y Justicia,Presidente Perón,Attendance: 43.800,https://www.transfermarkt.co.uk/racing-club_defensa-y-justicia/index/spielbericht/4343160
,,,"Sat, 19/10/24",,,,,Club Atlético Tigre,CA Boca Juniors,José Dellagiovanna,Attendance: 22.800,https://www.transfermarkt.co.uk/club-atletico-tigre_ca-boca-juniors/index/spielbericht/4343164
,,,"Fri, 18/10/24",,,,,CA Lanús,CA Independiente,Ciudad de Lanús - Néstor Díaz Pérez,Attendance: 10.000,https://www.transfermarkt.co.uk/ca-lanus_ca-independiente/index/spielbericht/4343159
,,,"Sun, 20/10/24",,,,,CA Unión (Santa Fe),CA Huracán,15 de Abril,Attendance: 29.850,https://www.transfermarkt.co.uk/ca-union-santa-fe-_ca-huracan/index/spielbericht/4343165
,,,"Fri, 18/10/24",,,,,Club Deportivo Riestra,Club Atlético Tucumán,Guillermo Laza,Attendance: 1.750,https://www.transfermarkt.co.uk/club-deportivo-riestra_club-atletico-tucuman/index/spielbericht/4343156
,,,"Sat, 19/10/24",,,,,CA River Plate,CA Vélez Sarsfield,Mâs Monumental,Attendance: 84.567,https://www.transfermarkt.co.uk/ca-river-plate_ca-velez-sarsfield/index/spielbericht/4343161
,,,"Sun, 20/10/24",,,,,CA Rosario Central,CA Banfield,Gigante de Arroyito,Attendance: 41.534,https://www.transfermarkt.co.uk/ca-rosario-central_ca-banfield/index/spielbericht/4343154
,,,"Sun, 04/08/24",,,,,CA Boca Juniors,CA Barracas Central,Alberto J. Armando,Attendance: 57.200,https://www.transfermarkt.co.uk/ca-boca-juniors_ca-barracas-central/index/spielbericht/4342855
,,,"Sun, 20/10/24",,,,,AA Argentinos Juniors,CA Talleres,Diego Armando Maradona,Attendance: 14.750,https://www.transfermarkt.co.uk/aa-argentinos-juniors_ca-talleres/index/spielbericht/4343152
,,,"Sun, 20/10/24",,,,,Club Estudiantes de La Plata,Instituto ACC,Jorge Luis Hirschi,Attendance: 29.030,https://www.transfermarkt.co.uk/club-estudiantes-de-la-plata_instituto-acc/index/spielbericht/4343157
,,,"Sun, 06/10/24",,,,,CA Independiente,Club Deportivo Riestra,Libertadores de América-Ricardo Enrique Bochini,Attendance: 39.069,https://www.transfermarkt.co.uk/ca-independiente_club-deportivo-riestra/index/spielbericht/4343145
,,,"Sun, 20/10/24",,,,,CA San Lorenzo de Almagro,CA Barracas Central,Pedro Bidegain,Attendance: 43.601,https://www.transfermarkt.co.uk/ca-san-lorenzo-de-almagro_ca-barracas-central/index/spielbericht/4343162
,,,"Sat, 05/10/24",,,,,CA Vélez Sarsfield,Racing Club,José Amalfitani,Attendance: 41.754,https://www.transfermarkt.co.uk/ca-velez-sarsfield_racing-club/index/spielbericht/4343151
,,,"Sun, 20/10/24",,,,,CD Godoy Cruz Antonio Tomba,CA Newell's Old Boys,Malvinas Argentinas,Attendance: 7.000,https://www.transfermarkt.co.uk/cd-godoy-cruz-antonio-tomba_ca-newells-old-boys/index/spielbericht/4343158
,,,"Fri, 25/10/24",,,,,CA Barracas Central,Club Estudiantes de La Plata,Guillermo Laza,Attendance: 680,https://www.transfermarkt.co.uk/ca-barracas-central_club-estudiantes-de-la-plata/index/spielbericht/4343168
,,,"Mon, 07/10/24",,,,,CA Banfield,Club Estudiantes de La Plata,Florencio Sola,Attendance: 19.880,https://www.transfermarkt.co.uk/ca-banfield_club-estudiantes-de-la-plata/index/spielbericht/4343139
,,,"Sun, 27/10/24",,,,,CS Independiente Rivadavia,CA San Lorenzo de Almagro,Bautista Gargantini,Attendance: 21.750,https://www.transfermarkt.co.uk/cs-independiente-rivadavia_ca-san-lorenzo-de-almagro/index/spielbericht/4343173
,,,"Sat, 26/10/24",,,,,Defensa y Justicia,CA River Plate,Norberto Tomaghello,Attendance: 18.600,https://www.transfermarkt.co.uk/defensa-y-justicia_ca-river-plate/index/spielbericht/4343170
,,,"Sun, 27/10/24",,,,,CA Banfield,Racing Club,Florencio Sola,Attendance: 29.000,https://www.transfermarkt.co.uk/ca-banfield_racing-club/index/spielbericht/4343167
,,,"Mon, 28/10/24",,,,,Club de Gimnasia y Esgrima La Plata,CA Unión (Santa Fe),Juan Carmelo Zerillo,Attendance: 26.900,https://www.transfermarkt.co.uk/club-de-gimnasia-y-esgrima-la-plata_ca-union-santa-fe-/index/spielbericht/4343171
,,,"Sun, 27/10/24",,,,,CA Vélez Sarsfield,Club Atlético Belgrano,José Amalfitani,Attendance: 42.550,https://www.transfermarkt.co.uk/ca-velez-sarsfield_club-atletico-belgrano/index/spielbericht/4343179
,,,"Sun, 27/10/24",,,,,Club Atlético Platense,AA Argentinos Juniors,Ciudad de Vicente López,Attendance: 21.150,https://www.transfermarkt.co.uk/club-atletico-platense_aa-argentinos-juniors/index/spielbericht/4343177
,,,"Tue, 29/10/24",,,,,CA Huracán,CA Central Córdoba (SdE),Tomás Adolfo Ducó,Attendance: 32.400,https://www.transfermarkt.co.uk/ca-huracan_ca-central-cordoba-sde-/index/spielbericht/4343172
,,,"Mon, 28/10/24",,,,,Club Atlético Tucumán,CA Lanús,Monumental José Fierro,Attendance: 27.900,https://www.transfermarkt.co.uk/club-atletico-tucuman_ca-lanus/index/spielbericht/4343166
,,,"Thu, 31/10/24",,,,,Club Estudiantes de La Plata,CS Independiente Rivadavia,Jorge Luis Hirschi,Attendance: 29.150,https://www.transfermarkt.co.uk/club-estudiantes-de-la-plata_cs-independiente-rivadavia/index/spielbericht/4343185
,,,"Thu, 31/10/24",,,,,CA Sarmiento (Junin),CA Independiente,Eva Perón,Attendance: 5.000,https://www.transfermarkt.co.uk/ca-sarmiento-junin-_ca-independiente/index/spielbericht/4343191
,,,"Sun, 27/10/24",,,,,CA Boca Juniors,Club Deportivo Riestra,Alberto J. Armando,Attendance: 57.200,https://www.transfermarkt.co.uk/ca-boca-juniors_club-deportivo-riestra/index/spielbericht/4343169
,,,"Mon, 28/10/24",,,,,CA Talleres,Club Atlético Tigre,Mario Alberto Kempes,Attendance: 51.300,https://www.transfermarkt.co.uk/ca-talleres_club-atletico-tigre/index/spielbericht/4343178
,,,"Fri, 01/11/24",,,,,CA Central Córdoba (SdE),CA San Lorenzo de Almagro,Único Madre de Ciudades,Attendance: 3.000,https://www.transfermarkt.co.uk/ca-central-cordoba-sde-_ca-san-lorenzo-de-almagro/index/spielbericht/4343183
,,,"Fri, 01/11/24",,,,,CD Godoy Cruz Antonio Tomba,Club Atlético Tucumán,Malvinas Argentinas,Attendance: 5.800,https://www.transfermarkt.co.uk/cd-godoy-cruz-antonio-tomba_club-atletico-tucuman/index/spielbericht/4343186
,,,"Fri, 01/11/24",,,,,CA Rosario Central,CA Barracas Central,Gigante de Arroyito,Attendance: 41.654,https://www.transfermarkt.co.uk/ca-rosario-central_ca-barracas-central/index/spielbericht/4343182
,,,"Sat, 26/10/24",,,,,CA Newell's Old Boys,CA Sarmiento (Junin),Marcelo Bielsa,Attendance: 42.000,https://www.transfermarkt.co.uk/ca-newells-old-boys_ca-sarmiento-junin-/index/spielbericht/4343176
,,,"Sat, 02/11/24",,,,,Club Deportivo Riestra,CA Talleres,Guillermo Laza,Attendance: 1.200,https://www.transfermarkt.co.uk/club-deportivo-riestra_ca-talleres/index/spielbericht/4343184
,,,"Sat, 02/11/24",,,,,CA River Plate,CA Banfield,Mâs Monumental,Attendance: 76.267,https://www.transfermarkt.co.uk/ca-river-plate_ca-banfield/index/spielbericht/4343190
,,,"Sun, 03/11/24",,,,,Club Atlético Tigre,Club Atlético Platense,José Dellagiovanna,Attendance: 25.500,https://www.transfermarkt.co.uk/club-atletico-tigre_club-atletico-platense/index/spielbericht/4343192
,,,"Sat, 02/11/24",,,,,AA Argentinos Juniors,CA Vélez Sarsfield,Diego Armando Maradona,Attendance: 20.060,https://www.transfermarkt.co.uk/aa-argentinos-juniors_ca-velez-sarsfield/index/spielbericht/4343180
,,,"Wed, 06/11/24",,,,,CA Barracas Central,Racing Club,Guillermo Laza,Attendance: 750,https://www.transfermarkt.co.uk/ca-barracas-central_racing-club/index/spielbericht/4343196
,,,"Sun, 01/09/24",,,,,Mantova 1911,US Salernitana 1919,Danilo Martelli,Attendance: 8.651,https://www.transfermarkt.co.uk/mantova-1911_us-salernitana-1919/index/spielbericht/4385796
,,,"Tue, 05/11/24",,,,,CS Independiente Rivadavia,CA Rosario Central,Bautista Gargantini,Attendance: 21.300,https://www.transfermarkt.co.uk/cs-independiente-rivadavia_ca-rosario-central/index/spielbericht/4343200
,,,"Tue, 05/11/24",,,,,Club de Gimnasia y Esgrima La Plata,CA Central Córdoba (SdE),Juan Carmelo Zerillo,Attendance: 27.430,https://www.transfermarkt.co.uk/club-de-gimnasia-y-esgrima-la-plata_ca-central-cordoba-sde-/index/spielbericht/4343199
,,,"Sun, 03/11/24",,,,,CA Lanús,CA Boca Juniors,Ciudad de Lanús - Néstor Díaz Pérez,Attendance: 14.500,https://www.transfermarkt.co.uk/ca-lanus_ca-boca-juniors/index/spielbericht/4343188
,,,"Wed, 06/11/24",,,,,CA Banfield,Club Atlético Belgrano,Florencio Sola,Attendance: 6.900,https://www.transfermarkt.co.uk/ca-banfield_club-atletico-belgrano/index/spielbericht/4343195
,,,"Sun, 03/11/24",,,,,Racing Club,Instituto ACC,Presidente Perón,Attendance: 43.000,https://www.transfermarkt.co.uk/racing-club_instituto-acc/index/spielbericht/4343189
,,,"Tue, 05/11/24",,,,,CA San Lorenzo de Almagro,Club Estudiantes de La Plata,Pedro Bidegain,Attendance: 41.350,https://www.transfermarkt.co.uk/ca-san-lorenzo-de-almagro_club-estudiantes-de-la-plata/index/spielbericht/4343205
,,,"Thu, 07/11/24",,,,,Defensa y Justicia,AA Argentinos Juniors,Norberto Tomaghello,Attendance: 14.650,https://www.transfermarkt.co.uk/defensa-y-justicia_aa-argentinos-juniors/index/spielbericht/4343198
,,,"Wed, 06/11/24",,,,,CA Newell's Old Boys,CA Huracán,Marcelo Bielsa,Attendance: 41.460,https://www.transfermarkt.co.uk/ca-newells-old-boys_ca-huracan/index/spielbericht/4343203
,,,"Thu, 07/11/24",,,,,Instituto ACC,CA River Plate,Juan Domingo Perón,Attendance: 21.400,https://www.transfermarkt.co.uk/instituto-acc_ca-river-plate/index/spielbericht/4343202
,,,"Thu, 07/11/24",,,,,CA Talleres,CA Lanús,Mario Alberto Kempes,Attendance: 51.500,https://www.transfermarkt.co.uk/ca-talleres_ca-lanus/index/spielbericht/4343206
,,,"Sat, 31/08/24",,,,,CA Newell's Old Boys,Club Atlético Belgrano,Marcelo Bielsa,Attendance: 39.800,https://www.transfermarkt.co.uk/ca-newells-old-boys_club-atletico-belgrano/index/spielbericht/4342918
,,,"Fri, 23/08/24",,,,,Modena FC,SSC Bari,Alberto Braglia,Attendance: 10.248,https://www.transfermarkt.co.uk/modena-fc_ssc-bari/index/spielbericht/4385778
,,,"Fri, 01/11/24",,,,,CA Huracán,Club de Gimnasia y Esgrima La Plata,Tomás Adolfo Ducó,Attendance: 32.000,https://www.transfermarkt.co.uk/ca-huracan_club-de-gimnasia-y-esgrima-la-plata/index/spielbericht/4343187
,,,"Sun, 06/10/24",,,,,Club Atlético Platense,CA River Plate,Ciudad de Vicente López,Attendance: 20.550,https://www.transfermarkt.co.uk/club-atletico-platense_ca-river-plate/index/spielbericht/4343148
,,,"Sat, 09/11/24",,,,,CA Unión (Santa Fe),Club Atlético Tucumán,15 de Abril,Attendance: 30.000,https://www.transfermarkt.co.uk/ca-union-santa-fe-_club-atletico-tucuman/index/spielbericht/4343221
,,,"Mon, 04/11/24",,,,,Club Atlético Tucumán,CA Sarmiento (Junin),Monumental José Fierro,Attendance: 30.000,https://www.transfermarkt.co.uk/club-atletico-tucuman_ca-sarmiento-junin-/index/spielbericht/4343194
,,,"Sat, 09/11/24",,,,,Club de Gimnasia y Esgrima La Plata,CA Newell's Old Boys,Juan Carmelo Zerillo,Attendance: 27.500,https://www.transfermarkt.co.uk/club-de-gimnasia-y-esgrima-la-plata_ca-newells-old-boys/index/spielbericht/4343213
,,,"Wed, 06/11/24",,,,,CA Independiente,CA Unión (Santa Fe),Libertadores de América-Ricardo Enrique Bochini,Attendance: 38.200,https://www.transfermarkt.co.uk/ca-independiente_ca-union-santa-fe-/index/spielbericht/4343201
,,,"Mon, 11/11/24",,,,,CA Lanús,Club Atlético Platense,Ciudad de Lanús - Néstor Díaz Pérez,Attendance: 16.150,https://www.transfermarkt.co.uk/ca-lanus_club-atletico-platense/index/spielbericht/4343216
,,,"Mon, 16/09/24",,,,,CA Barracas Central,CA Banfield,Guillermo Laza,Attendance: 1.100,https://www.transfermarkt.co.uk/ca-barracas-central_ca-banfield/index/spielbericht/4342925
,,,"Sun, 10/11/24",,,,,CA Central Córdoba (SdE),Club Estudiantes de La Plata,Único Madre de Ciudades,Attendance: 1.400,https://www.transfermarkt.co.uk/ca-central-cordoba-sde-_club-estudiantes-de-la-plata/index/spielbericht/4343211
,,,"Sat, 02/11/24",,,,,Club Atlético Belgrano,Defensa y Justicia,Julio César Villagra,Attendance: 38.000,https://www.transfermarkt.co.uk/club-atletico-belgrano_defensa-y-justicia/index/spielbericht/4343181
,,,"Sun, 15/09/24",,,,,AC Reggiana 1919,FC Südtirol,Mapei Stadium - Città del Tricolore,Attendance: 8.665,https://www.transfermarkt.co.uk/ac-reggiana-1919_fc-sudtirol/index/spielbericht/4385812
,,,"Sun, 17/11/24",,,,,CA San Lorenzo de Almagro,Racing Club,Pedro Bidegain,Attendance: 32.000,https://www.transfermarkt.co.uk/ca-san-lorenzo-de-almagro_racing-club/index/spielbericht/4343233
,,,"Mon, 18/11/24",,,,,CA Banfield,Club Atlético Tigre,Florencio Sola,Attendance: 21.500,https://www.transfermarkt.co.uk/ca-banfield_club-atletico-tigre/index/spielbericht/4343223
,,,"Mon, 18/11/24",,,,,Club Atlético Platense,CD Godoy Cruz Antonio Tomba,Ciudad de Vicente López,Attendance: 18.000,https://www.transfermarkt.co.uk/club-atletico-platense_cd-godoy-cruz-antonio-tomba/index/spielbericht/4343232
,,,"Mon, 11/11/24",,,,,Club Atlético Tigre,Defensa y Justicia,José Dellagiovanna,Attendance: 15.132,https://www.transfermarkt.co.uk/club-atletico-tigre_defensa-y-justicia/index/spielbericht/4343220
,,,"Mon, 11/11/24",,,,,Club Deportivo Riestra,CA Vélez Sarsfield,Guillermo Laza,Attendance: 2.605,https://www.transfermarkt.co.uk/club-deportivo-riestra_ca-velez-sarsfield/index/spielbericht/4343212
,,,"Mon, 11/11/24",,,,,CA Sarmiento (Junin),CA Boca Juniors,Eva Perón,Attendance: 20.400,https://www.transfermarkt.co.uk/ca-sarmiento-junin-_ca-boca-juniors/index/spielbericht/4343219
,,,"Tue, 19/11/24",,,,,Club Atlético Tucumán,CA Huracán,Monumental José Fierro,Attendance: 28.500,https://www.transfermarkt.co.uk/club-atletico-tucuman_ca-huracan/index/spielbericht/4343222
,,,"Tue, 12/11/24",,,,,AA Argentinos Juniors,CA Banfield,Diego Armando Maradona,Attendance: 15.000,https://www.transfermarkt.co.uk/aa-argentinos-juniors_ca-banfield/index/spielbericht/4343208
,,,"Sat, 14/09/24",,,,,SSC Bari,Mantova 1911,San Nicola,Attendance: 14.003,https://www.transfermarkt.co.uk/ssc-bari_mantova-1911/index/spielbericht/4385804
,,,"Wed, 20/11/24",,,,,Club Estudiantes de La Plata,CA Rosario Central,Jorge Luis Hirschi,Attendance: 31.630,https://www.transfermarkt.co.uk/club-estudiantes-de-la-plata_ca-rosario-central/index/spielbericht/4343227
,,,"Thu, 21/11/24",,,,,CA Boca Juniors,CA Unión (Santa Fe),Alberto J. Armando,Attendance: 57.200,https://www.transfermarkt.co.uk/ca-boca-juniors_ca-union-santa-fe-/index/spielbericht/4343225
,,,"Tue, 19/11/24",,,,,Instituto ACC,AA Argentinos Juniors,Juan Domingo Perón,Attendance: 21.405,https://www.transfermarkt.co.uk/instituto-acc_aa-argentinos-juniors/index/spielbericht/4343230
,,,"Fri, 13/09/24",,,,,CA Lanús,CA Unión (Santa Fe),Ciudad de Lanús - Néstor Díaz Pérez,Attendance: 9.200,https://www.transfermarkt.co.uk/ca-lanus_ca-union-santa-fe-/index/spielbericht/4342933
,,,"Thu, 21/11/24",,,,,CA Talleres,CA Sarmiento (Junin),Mario Alberto Kempes,Attendance: 53.300,https://www.transfermarkt.co.uk/ca-talleres_ca-sarmiento-junin-/index/spielbericht/4343234
,,,"Sat, 31/08/24",,,,,Defensa y Justicia,CA Barracas Central,Norberto Tomaghello,Attendance: 1.200,https://www.transfermarkt.co.uk/defensa-y-justicia_ca-barracas-central/index/spielbericht/4342913
,,,"Sun, 10/11/24",,,,,CA Huracán,CA Independiente,Tomás Adolfo Ducó,Attendance: 45.722,https://www.transfermarkt.co.uk/ca-huracan_ca-independiente/index/spielbericht/4343215
,,,"Sat, 23/11/24",,,,,Club Atlético Tigre,Instituto ACC,José Dellagiovanna,Attendance: 15.020,https://www.transfermarkt.co.uk/club-atletico-tigre_instituto-acc/index/spielbericht/4343248
,,,"Sat, 09/11/24",,,,,CA Rosario Central,CA San Lorenzo de Almagro,Gigante de Arroyito,Attendance: 41.654,https://www.transfermarkt.co.uk/ca-rosario-central_ca-san-lorenzo-de-almagro/index/spielbericht/4343210
,,,"Sun, 24/11/24",,,,,Club de Gimnasia y Esgrima La Plata,Club Atlético Tucumán,Juan Carmelo Zerillo,Attendance: 27.200,https://www.transfermarkt.co.uk/club-de-gimnasia-y-esgrima-la-plata_club-atletico-tucuman/index/spielbericht/4343240
,,,"Mon, 25/11/24",,,,,CA Lanús,Defensa y Justicia,Ciudad de Lanús - Néstor Díaz Pérez,Attendance: 3.450,https://www.transfermarkt.co.uk/ca-lanus_defensa-y-justicia/index/spielbericht/4343243
,,,"Mon, 25/11/24",,,,,CA Central Córdoba (SdE),CA Rosario Central,Único Madre de Ciudades,Attendance: 1.230,https://www.transfermarkt.co.uk/ca-central-cordoba-sde-_ca-rosario-central/index/spielbericht/4343238
,,,"Sun, 24/11/24",,,,,CD Godoy Cruz Antonio Tomba,CA Vélez Sarsfield,Malvinas Argentinas,Attendance: 6.040,https://www.transfermarkt.co.uk/cd-godoy-cruz-antonio-tomba_ca-velez-sarsfield/index/spielbericht/4343241
,,,"Wed, 27/11/24",,,,,CA Sarmiento (Junin),Club Atlético Platense,Eva Perón,Attendance: 7.000,https://www.transfermarkt.co.uk/ca-sarmiento-junin-_club-atletico-platense/index/spielbericht/4343247
,,,"Sun, 10/11/24",,,,,Racing Club,CS Independiente Rivadavia,Presidente Perón,Attendance: 25.694,https://www.transfermarkt.co.uk/racing-club_cs-independiente-rivadavia/index/spielbericht/4343217
,,,"Mon, 18/11/24",,,,,Defensa y Justicia,Club Deportivo Riestra,Norberto Tomaghello,Attendance: 15.020,https://www.transfermarkt.co.uk/defensa-y-justicia_club-deportivo-riestra/index/spielbericht/4343226
,,,"Tue, 26/11/24",,,,,AA Argentinos Juniors,CA Barracas Central,Diego Armando Maradona,Attendance: 17.232,https://www.transfermarkt.co.uk/aa-argentinos-juniors_ca-barracas-central/index/spielbericht/4343236
,,,"Wed, 27/11/24",,,,,CA Unión (Santa Fe),CA Talleres,15 de Abril,Attendance: 30.000,https://www.transfermarkt.co.uk/ca-union-santa-fe-_ca-talleres/index/spielbericht/4343249
,,,"Tue, 12/11/24",,,,,Club Atlético Belgrano,Instituto ACC,Julio César Villagra,Attendance: 38.500,https://www.transfermarkt.co.uk/club-atletico-belgrano_instituto-acc/index/spielbericht/4343209
,,,"Tue, 26/11/24",,,,,Club Atlético Belgrano,CS Independiente Rivadavia,Julio César Villagra,Attendance: 38.500,https://www.transfermarkt.co.uk/club-atletico-belgrano_cs-independiente-rivadavia/index/spielbericht/4343237
,,,"Thu, 05/12/24",,,,,CA River Plate,CA San Lorenzo de Almagro,Mâs Monumental,Attendance: 84.140,https://www.transfermarkt.co.uk/ca-river-plate_ca-san-lorenzo-de-almagro/index/spielbericht/4343246
,,,"Tue, 26/11/24",,,,,CA Newell's Old Boys,CA Independiente,Marcelo Bielsa,Attendance: 41.855,https://www.transfermarkt.co.uk/ca-newells-old-boys_ca-independiente/index/spielbericht/4343244
,,,"Wed, 04/12/24",,,,,Racing Club,Club Estudiantes de La Plata,Presidente Perón,Attendance: 49.502,https://www.transfermarkt.co.uk/racing-club_club-estudiantes-de-la-plata/index/spielbericht/4343245
,,,"Fri, 22/11/24",,,,,CS Independiente Rivadavia,CA River Plate,Malvinas Argentinas,Attendance: 16.000,https://www.transfermarkt.co.uk/cs-independiente-rivadavia_ca-river-plate/index/spielbericht/4343228
,,,"Thu, 21/11/24",,,,,CA Independiente,Club de Gimnasia y Esgrima La Plata,Libertadores de América-Ricardo Enrique Bochini,Attendance: 39.060,https://www.transfermarkt.co.uk/ca-independiente_club-de-gimnasia-y-esgrima-la-plata/index/spielbericht/4343229
,,,"Fri, 29/11/24",,,,,CA San Lorenzo de Almagro,Club Atlético Belgrano,Pedro Bidegain,Attendance: 43.500,https://www.transfermarkt.co.uk/ca-san-lorenzo-de-almagro_club-atletico-belgrano/index/spielbericht/4343261
,,,"Sun, 01/12/24",,,,,CA Independiente,CA Central Córdoba (SdE),Libertadores de América-Ricardo Enrique Bochini,Attendance: 40.050,https://www.transfermarkt.co.uk/ca-independiente_ca-central-cordoba-sde-/index/spielbericht/4343258
,,,"Sun, 01/12/24",,,,,Defensa y Justicia,CD Godoy Cruz Antonio Tomba,Norberto Tomaghello,Attendance: 15.020,https://www.transfermarkt.co.uk/defensa-y-justicia_cd-godoy-cruz-antonio-tomba/index/spielbericht/4343255
,,,"Mon, 02/12/24",,,,,CA Boca Juniors,Club de Gimnasia y Esgrima La Plata,Alberto J. Armando,Attendance: 57.200,https://www.transfermarkt.co.uk/ca-boca-juniors_club-de-gimnasia-y-esgrima-la-plata/index/spielbericht/4343253
,,,"Mon, 02/12/24",,,,,CA Talleres,CA Huracán,Mario Alberto Kempes,Attendance: 54.250,https://www.transfermarkt.co.uk/ca-talleres_ca-huracan/index/spielbericht/4343262
,,,"Tue, 03/12/24",,,,,CS Independiente Rivadavia,AA Argentinos Juniors,Bautista Gargantini,Attendance: 23.660,https://www.transfermarkt.co.uk/cs-independiente-rivadavia_aa-argentinos-juniors/index/spielbericht/4343257
,,,"Fri, 06/12/24",,,,,CA Sarmiento (Junin),Defensa y Justicia,Eva Perón,Attendance: 3.800,https://www.transfermarkt.co.uk/ca-sarmiento-junin-_defensa-y-justicia/index/spielbericht/4343275
,,,"Mon, 02/12/24",,,,,Club Atlético Platense,CA Unión (Santa Fe),Ciudad de Vicente López,Attendance: 17.000,https://www.transfermarkt.co.uk/club-atletico-platense_ca-union-santa-fe-/index/spielbericht/4343260
,,,"Sat, 07/12/24",,,,,CA Lanús,Instituto ACC,Ciudad de Lanús - Néstor Díaz Pérez,Attendance: 14.160,https://www.transfermarkt.co.uk/ca-lanus_instituto-acc/index/spielbericht/4343272
,,,"Sat, 26/10/24",,,,,Instituto ACC,CA Rosario Central,Juan Domingo Perón,Attendance: 18.000,https://www.transfermarkt.co.uk/instituto-acc_ca-rosario-central/index/spielbericht/4343175
,,,"Sat, 07/12/24",,,,,CA Unión (Santa Fe),CA Vélez Sarsfield,15 de Abril,Attendance: 29.580,https://www.transfermarkt.co.uk/ca-union-santa-fe-_ca-velez-sarsfield/index/spielbericht/4343277
,,,"Fri, 06/12/24",,,,,Club Deportivo Riestra,CA Barracas Central,Guillermo Laza,Attendance: 350,https://www.transfermarkt.co.uk/club-deportivo-riestra_ca-barracas-central/index/spielbericht/4343267
,,,"Thu, 21/11/24",,,,,CA Barracas Central,Club Atlético Belgrano,Ciudad de Lanús - Néstor Díaz Pérez,Attendance: 620,https://www.transfermarkt.co.uk/ca-barracas-central_club-atletico-belgrano/index/spielbericht/4343224
,,,"Mon, 02/12/24",,,,,CA Barracas Central,Club Atlético Tigre,Ciudad de Lanús - Néstor Díaz Pérez,Attendance: 490,https://www.transfermarkt.co.uk/ca-barracas-central_club-atletico-tigre/index/spielbericht/4343252
,,,"Sun, 08/12/24",,,,,CA Central Córdoba (SdE),Racing Club,Único Madre de Ciudades,Attendance: 3.700,https://www.transfermarkt.co.uk/ca-central-cordoba-sde-_racing-club/index/spielbericht/4343266
,,,"Sun, 01/12/24",,,,,CA Vélez Sarsfield,CA Sarmiento (Junin),José Amalfitani,Attendance: 49.747,https://www.transfermarkt.co.uk/ca-velez-sarsfield_ca-sarmiento-junin-/index/spielbericht/4343263
,,,"Sun, 27/10/24",,,,,UC Sampdoria,Mantova 1911,Luigi Ferraris,Attendance: 22.629,https://www.transfermarkt.co.uk/uc-sampdoria_mantova-1911/index/spielbericht/4385888
,,,"Sat, 30/11/24",,,,,Club Estudiantes de La Plata,CA River Plate,Jorge Luis Hirschi,Attendance: 32.530,https://www.transfermarkt.co.uk/club-estudiantes-de-la-plata_ca-river-plate/index/spielbericht/4343256
,,,"Wed, 02/10/24",,,,,CA Rosario Central,CA Vélez Sarsfield,Gigante de Arroyito,Attendance: 41.654,https://www.transfermarkt.co.uk/ca-rosario-central_ca-velez-sarsfield/index/spielbericht/4342954
,,,"Wed, 20/11/24",,,,,CA Vélez Sarsfield,CA Lanús,José Amalfitani,Attendance: 49.747,https://www.transfermarkt.co.uk/ca-velez-sarsfield_ca-lanus/index/spielbericht/4343235
,,,"Mon, 09/12/24",,,,,Club Atlético Tigre,CS Independiente Rivadavia,José Dellagiovanna,Attendance: 10.500,https://www.transfermarkt.co.uk/club-atletico-tigre_cs-independiente-rivadavia/index/spielbericht/4343276
,,,"Sun, 08/12/24",,,,,CA River Plate,CA Rosario Central,Mâs Monumental,Attendance: 82.570,https://www.transfermarkt.co.uk/ca-river-plate_ca-rosario-central/index/spielbericht/4343274
,,,"Fri, 27/09/24",,,,,Club Deportivo Riestra,CA Newell's Old Boys,Guillermo Laza,Attendance: 1.890,https://www.transfermarkt.co.uk/club-deportivo-riestra_ca-newells-old-boys/index/spielbericht/4342956
,,,"Mon, 09/12/24",,,,,CA Newell's Old Boys,CA Boca Juniors,Marcelo Bielsa,Attendance: 42.000,https://www.transfermarkt.co.uk/ca-newells-old-boys_ca-boca-juniors/index/spielbericht/4343273
,,,"Tue, 03/12/24",,,,,Club Atlético Tucumán,CA Newell's Old Boys,Monumental José Fierro,Attendance: 34.580,https://www.transfermarkt.co.uk/club-atletico-tucuman_ca-newells-old-boys/index/spielbericht/4343250
,,,"Mon, 07/10/24",,,,,Defensa y Justicia,CA Rosario Central,Norberto Tomaghello,Attendance: 8.500,https://www.transfermarkt.co.uk/defensa-y-justicia_ca-rosario-central/index/spielbericht/4343142
,,,"Tue, 10/12/24",,,,,CA Huracán,Club Atlético Platense,Tomás Adolfo Ducó,Attendance: 41.120,https://www.transfermarkt.co.uk/ca-huracan_club-atletico-platense/index/spielbericht/4343270
,,,"Sat, 14/12/24",,,,,CA Rosario Central,Club Atlético Belgrano,Gigante de Arroyito,Attendance: 41.654,https://www.transfermarkt.co.uk/ca-rosario-central_club-atletico-belgrano/index/spielbericht/4343282
,,,"Fri, 13/12/24",,,,,Club Estudiantes de La Plata,AA Argentinos Juniors,Jorge Luis Hirschi,Attendance: 29.930,https://www.transfermarkt.co.uk/club-estudiantes-de-la-plata_aa-argentinos-juniors/index/spielbericht/4343284
,,,"Sat, 14/12/24",,,,,CA Boca Juniors,CA Independiente,Alberto J. Armando,Attendance: 57.200,https://www.transfermarkt.co.uk/ca-boca-juniors_ca-independiente/index/spielbericht/4343281
,,,"Sat, 30/11/24",,,,,CA Rosario Central,Racing Club,Gigante de Arroyito,Attendance: 41.654,https://www.transfermarkt.co.uk/ca-rosario-central_racing-club/index/spielbericht/4343254
,,,"Sun, 15/12/24",,,,,Club Atlético Platense,Club de Gimnasia y Esgrima La Plata,Ciudad de Vicente López,Attendance: 12.000,https://www.transfermarkt.co.uk/club-atletico-platense_club-de-gimnasia-y-esgrima-la-plata/index/spielbericht/4343287
,,,"Sun, 08/12/24",,,,,CD Godoy Cruz Antonio Tomba,CA Banfield,Malvinas Argentinas,Attendance: 5.000,https://www.transfermarkt.co.uk/cd-godoy-cruz-antonio-tomba_ca-banfield/index/spielbericht/4343269
,,,"Tue, 17/12/24",,,,,Club Atlético Tucumán,CA Central Córdoba (SdE),Monumental José Fierro,Attendance: 31.000,https://www.transfermarkt.co.uk/club-atletico-tucuman_ca-central-cordoba-sde-/index/spielbericht/4343278
,,,"Tue, 17/12/24",,,,,CS Independiente Rivadavia,Club Deportivo Riestra,Bautista Gargantini,Attendance: 23.700,https://www.transfermarkt.co.uk/cs-independiente-rivadavia_club-deportivo-riestra/index/spielbericht/4343285
,,,"Sun, 15/12/24",,,,,Defensa y Justicia,CA Unión (Santa Fe),Norberto Tomaghello,Attendance: 15.000,https://www.transfermarkt.co.uk/defensa-y-justicia_ca-union-santa-fe-/index/spielbericht/4343283
,,,"Fri, 08/11/24",,,,,Club Atlético Platense,Club Deportivo Riestra,Ciudad de Vicente López,Attendance: 15.020,https://www.transfermarkt.co.uk/club-atletico-platense_club-deportivo-riestra/index/spielbericht/4343204
,,,"Sun, 10/11/24",,,,,CA River Plate,CA Barracas Central,Mâs Monumental,Attendance: 83.905,https://www.transfermarkt.co.uk/ca-river-plate_ca-barracas-central/index/spielbericht/4343218
,,,"Sat, 14/12/24",,,,,Instituto ACC,CD Godoy Cruz Antonio Tomba,Juan Domingo Perón,Attendance: 9.550,https://www.transfermarkt.co.uk/instituto-acc_cd-godoy-cruz-antonio-tomba/index/spielbericht/4343286
,,,"Fri, 13/12/24",,,,,CA Barracas Central,CA Lanús,Tomás Adolfo Ducó,Attendance: 500,https://www.transfermarkt.co.uk/ca-barracas-central_ca-lanus/index/spielbericht/4343280
,,,"Tue, 10/12/24",,,,,CA Independiente,Club Atlético Tucumán,Libertadores de América-Ricardo Enrique Bochini,Attendance: 37.705,https://www.transfermarkt.co.uk/ca-independiente_club-atletico-tucuman/index/spielbericht/4343271
,,,"Mon, 09/12/24",,,,,AA Argentinos Juniors,CA San Lorenzo de Almagro,Diego Armando Maradona,Attendance: 19.260,https://www.transfermarkt.co.uk/aa-argentinos-juniors_ca-san-lorenzo-de-almagro/index/spielbericht/4343264
,,,"Sun, 15/12/24",,,,,CA Vélez Sarsfield,CA Huracán,José Amalfitani,Attendance: 49.747,https://www.transfermarkt.co.uk/ca-velez-sarsfield_ca-huracan/index/spielbericht/4343291
,,,"Sat, 10/08/24",,,,,Leixões SC,SL Benfica B,Estádio do Mar,Attendance: 2.267,https://www.transfermarkt.co.uk/leixoes-sc_sl-benfica-b/index/spielbericht/4397012
,,,"Sun, 15/12/24",,,,,CA Talleres,CA Newell's Old Boys,Mario Alberto Kempes,Attendance: 57.000,https://www.transfermarkt.co.uk/ca-talleres_ca-newells-old-boys/index/spielbericht/4343290
,,,"Sat, 02/11/24",,,,,CA Unión (Santa Fe),CA Newell's Old Boys,15 de Abril,Attendance: 29.770,https://www.transfermarkt.co.uk/ca-union-santa-fe-_ca-newells-old-boys/index/spielbericht/4343193
,,,"Sat, 26/10/24",,,,,CA Independiente,CD Godoy Cruz Antonio Tomba,Libertadores de América-Ricardo Enrique Bochini,Attendance: 41.620,https://www.transfermarkt.co.uk/ca-independiente_cd-godoy-cruz-antonio-tomba/index/spielbericht/4343174
,,,"Sat, 10/08/24",,,,,CD Mafra,FC Paços de Ferreira,Parque Desportivo e Municipal de Mafra,Attendance: 371,https://www.transfermarkt.co.uk/cd-mafra_fc-pacos-de-ferreira/index/spielbericht/4397017
,,,"Sat, 10/08/24",,,,,Académico Viseu FC,GD Chaves,Estádio Municipal do Fontelo,Attendance: 2.100,https://www.transfermarkt.co.uk/academico-viseu-fc_gd-chaves/index/spielbericht/4397014
,,,"Sun, 10/11/24",,,,,CD Godoy Cruz Antonio Tomba,CA Talleres,Malvinas Argentinas,Attendance: 6.550,https://www.transfermarkt.co.uk/cd-godoy-cruz-antonio-tomba_ca-talleres/index/spielbericht/4343214
,,,"Sat, 14/12/24",,,,,CA Banfield,CA Sarmiento (Junin),Florencio Sola,Attendance: 13.000,https://www.transfermarkt.co.uk/ca-banfield_ca-sarmiento-junin-/index/spielbericht/4343279
,,,"Fri, 08/11/24",,,,,CA Vélez Sarsfield,Club Atlético Tigre,José Amalfitani,Attendance: 49.550,https://www.transfermarkt.co.uk/ca-velez-sarsfield_club-atletico-tigre/index/spielbericht/4343207
,,,"Sat, 19/10/24",,,,,Club Atlético Belgrano,Club Atlético Platense,Julio César Villagra,Attendance: 38.000,https://www.transfermarkt.co.uk/club-atletico-belgrano_club-atletico-platense/index/spielbericht/4343153
,,,"Sat, 17/08/24",,,,,UD Oliveirense,CD Mafra,Estádio Carlos Osório,Attendance: 528,https://www.transfermarkt.co.uk/ud-oliveirense_cd-mafra/index/spielbericht/4396973
,,,"Sun, 18/08/24",,,,,FC Paços de Ferreira,CS Marítimo,Estádio Capital do Móvel,Attendance: 1.747,https://www.transfermarkt.co.uk/fc-pacos-de-ferreira_cs-maritimo/index/spielbericht/4396968
,,,"Sun, 15/12/24",,,,,Racing Club,CA River Plate,Presidente Perón,Attendance: 44.750,https://www.transfermarkt.co.uk/racing-club_ca-river-plate/index/spielbericht/4343288
,,,"Sun, 11/08/24",,,,,FC Penafiel,UD Oliveirense,Estádio Municipal 25 de Abril,Attendance: 982,https://www.transfermarkt.co.uk/fc-penafiel_ud-oliveirense/index/spielbericht/4397013
,,,"Sat, 17/08/24",,,,,Portimonense SAD,UD Leiria,Estádio Municipal de Portimão,Attendance: 1.634,https://www.transfermarkt.co.uk/portimonense-sad_ud-leiria/index/spielbericht/4396969
,,,"Sun, 24/11/24",,,,,Club Deportivo Riestra,CA Banfield,Guillermo Laza,Attendance: 2.100,https://www.transfermarkt.co.uk/club-deportivo-riestra_ca-banfield/index/spielbericht/4343239
,,,"Mon, 19/08/24",,,,,CD Tondela,FC Porto B,Estádio João Cardoso,Attendance: 2.126,https://www.transfermarkt.co.uk/cd-tondela_fc-porto-b/index/spielbericht/4396967
,,,"Wed, 06/11/24",,,,,CA Boca Juniors,CD Godoy Cruz Antonio Tomba,Alberto J. Armando,Attendance: 57.200,https://www.transfermarkt.co.uk/ca-boca-juniors_cd-godoy-cruz-antonio-tomba/index/spielbericht/4343197
,,,"Sun, 11/08/24",,,,,SC União Torreense,CD Feirense,Estádio Manuel Marques,Attendance: 638,https://www.transfermarkt.co.uk/sc-uniao-torreense_cd-feirense/index/spielbericht/4397016
,,,"Sun, 18/08/24",,,,,SL Benfica B,SC União Torreense,Benfica Campus,Attendance: 637,https://www.transfermarkt.co.uk/sl-benfica-b_sc-uniao-torreense/index/spielbericht/4396974
,,,"Sun, 18/08/24",,,,,FC Vizela,FC Penafiel,Estádio do Futebol Clube de Vizela,Attendance: 1.698,https://www.transfermarkt.co.uk/fc-vizela_fc-penafiel/index/spielbericht/4396970
,,,"Sun, 01/12/24",,,,,Instituto ACC,Club Deportivo Riestra,Juan Domingo Perón,Attendance: 21.000,https://www.transfermarkt.co.uk/instituto-acc_club-deportivo-riestra/index/spielbericht/4343259
,,,"Fri, 23/08/24",,,,,UD Leiria,FC Alverca,Estádio Dr. Magalhães Pessoa,Attendance: 6.437,https://www.transfermarkt.co.uk/ud-leiria_fc-alverca/index/spielbericht/4397005
,,,"Sun, 25/08/24",,,,,Académico Viseu FC,FC Porto B,Estádio Municipal do Fontelo,Attendance: 2.363,https://www.transfermarkt.co.uk/academico-viseu-fc_fc-porto-b/index/spielbericht/4397010
,,,"Wed, 20/11/24",,,,,CA Newell's Old Boys,CA Central Córdoba (SdE),Marcelo Bielsa,Attendance: 40.800,https://www.transfermarkt.co.uk/ca-newells-old-boys_ca-central-cordoba-sde-/index/spielbericht/4343231
,,,"Sun, 18/08/24",,,,,GD Chaves,Leixões SC,Estádio Municipal Eng.º Manuel Branco Teixeira,Attendance: 2.673,https://www.transfermarkt.co.uk/gd-chaves_leixoes-sc/index/spielbericht/4396971
,,,"Sat, 17/08/24",,,,,FC Alverca,FC Felgueiras 1932,Estádio Manuel Marques,Attendance: 223,https://www.transfermarkt.co.uk/fc-alverca_fc-felgueiras-1932/index/spielbericht/4396972
,,,"Mon, 09/12/24",,,,,Club Atlético Belgrano,Club Estudiantes de La Plata,Julio César Villagra,Attendance: 38.465,https://www.transfermarkt.co.uk/club-atletico-belgrano_club-estudiantes-de-la-plata/index/spielbericht/4343265
,,,"Sun, 11/08/24",,,,,UD Leiria,FC Vizela,Estádio Dr. Magalhães Pessoa,Attendance: 7.565,https://www.transfermarkt.co.uk/ud-leiria_fc-vizela/index/spielbericht/4397018
,,,"Sun, 25/08/24",,,,,FC Penafiel,CD Tondela,Estádio Municipal 25 de Abril,Attendance: 1.075,https://www.transfermarkt.co.uk/fc-penafiel_cd-tondela/index/spielbericht/4397009
,,,"Sat, 10/08/24",,,,,CS Marítimo,CD Tondela,Estádio do Marítimo,Attendance: 5.223,https://www.transfermarkt.co.uk/cs-maritimo_cd-tondela/index/spielbericht/4397020
,,,"Sun, 25/08/24",,,,,SL Benfica B,FC Vizela,Benfica Campus,Attendance: 653,https://www.transfermarkt.co.uk/sl-benfica-b_fc-vizela/index/spielbericht/4397008
,,,"Sat, 24/08/24",,,,,SC União Torreense,UD Oliveirense,Estádio Manuel Marques,Attendance: 522,https://www.transfermarkt.co.uk/sc-uniao-torreense_ud-oliveirense/index/spielbericht/4397006
,,,"Sun, 01/09/24",,,,,CD Feirense,SL Benfica B,Estádio Marcolino de Castro,Attendance: 2.675,https://www.transfermarkt.co.uk/cd-feirense_sl-benfica-b/index/spielbericht/4396996
,,,"Sun, 11/08/24",,,,,FC Porto B,FC Alverca,Estádio Luís Filipe Menezes,Attendance: 486,https://www.transfermarkt.co.uk/fc-porto-b_fc-alverca/index/spielbericht/4397015
,,,"Sun, 25/08/24",,,,,CS Marítimo,GD Chaves,Estádio do Marítimo,Attendance: 8.125,https://www.transfermarkt.co.uk/cs-maritimo_gd-chaves/index/spielbericht/4397004
,,,"Sat, 24/08/24",,,,,FC Felgueiras 1932,CD Feirense,Estádio Doutor Machado de Matos,Attendance: 1.790,https://www.transfermarkt.co.uk/fc-felgueiras-1932_cd-feirense/index/spielbericht/4397003
,,,"Sat, 31/08/24",,,,,CD Tondela,FC Felgueiras 1932,Estádio João Cardoso,Attendance: 679,https://www.transfermarkt.co.uk/cd-tondela_fc-felgueiras-1932/index/spielbericht/4397002
,,,"Sun, 01/09/24",,,,,FC Porto B,UD Leiria,Estádio Luís Filipe Menezes,Attendance: 648,https://www.transfermarkt.co.uk/fc-porto-b_ud-leiria/index/spielbericht/4396997
,,,"Sun, 01/09/24",,,,,GD Chaves,CD Mafra,Estádio Municipal Eng.º Manuel Branco Teixeira,Attendance: 1.397,https://www.transfermarkt.co.uk/gd-chaves_cd-mafra/index/spielbericht/4397001
,,,"Sun, 25/08/24",,,,,CD Mafra,Portimonense SAD,Parque Desportivo e Municipal de Mafra,Attendance: 446,https://www.transfermarkt.co.uk/cd-mafra_portimonense-sad/index/spielbericht/4397007
,,,"Fri, 13/09/24",,,,,SC União Torreense,Portimonense SAD,Estádio Manuel Marques,Attendance: 771,https://www.transfermarkt.co.uk/sc-uniao-torreense_portimonense-sad/index/spielbericht/4396987
,,,"Sun, 15/09/24",,,,,CS Marítimo,FC Alverca,Estádio do Marítimo,Attendance: 6.125,https://www.transfermarkt.co.uk/cs-maritimo_fc-alverca/index/spielbericht/4396985
,,,"Sun, 15/09/24",,,,,Leixões SC,FC Vizela,Estádio do Mar,Attendance: 2.896,https://www.transfermarkt.co.uk/leixoes-sc_fc-vizela/index/spielbericht/4396990
,,,"Sat, 31/08/24",,,,,FC Vizela,SC União Torreense,Estádio do Futebol Clube de Vizela,Attendance: 1.427,https://www.transfermarkt.co.uk/fc-vizela_sc-uniao-torreense/index/spielbericht/4396995
,,,"Sat, 14/09/24",,,,,FC Felgueiras 1932,GD Chaves,Estádio Doutor Machado de Matos,Attendance: 1.750,https://www.transfermarkt.co.uk/fc-felgueiras-1932_gd-chaves/index/spielbericht/4396986
,,,"Sun, 01/09/24",,,,,Portimonense SAD,CS Marítimo,Estádio Municipal de Portimão,Attendance: 1.186,https://www.transfermarkt.co.uk/portimonense-sad_cs-maritimo/index/spielbericht/4396994
,,,"Sun, 15/09/24",,,,,FC Penafiel,FC Porto B,Estádio Municipal 25 de Abril,Attendance: 1.073,https://www.transfermarkt.co.uk/fc-penafiel_fc-porto-b/index/spielbericht/4396993
,,,"Sun, 29/09/24",,,,,UD Oliveirense,CD Feirense,Estádio Carlos Osório,Attendance: 813,https://www.transfermarkt.co.uk/ud-oliveirense_cd-feirense/index/spielbericht/4396980
,,,"Sun, 08/12/24",,,,,Club de Gimnasia y Esgrima La Plata,CA Talleres,Juan Carmelo Zerillo,Attendance: 27.500,https://www.transfermarkt.co.uk/club-de-gimnasia-y-esgrima-la-plata_ca-talleres/index/spielbericht/4343268
,,,"Sat, 31/08/24",,,,,UD Oliveirense,Leixões SC,Estádio Carlos Osório,Attendance: 789,https://www.transfermarkt.co.uk/ud-oliveirense_leixoes-sc/index/spielbericht/4396998
,,,"Sat, 28/09/24",,,,,CD Tondela,Académico Viseu FC,Estádio João Cardoso,Attendance: 2.863,https://www.transfermarkt.co.uk/cd-tondela_academico-viseu-fc/index/spielbericht/4396981
,,,"Sun, 15/09/24",,,,,CD Mafra,CD Tondela,Parque Desportivo e Municipal de Mafra,Attendance: 397,https://www.transfermarkt.co.uk/cd-mafra_cd-tondela/index/spielbericht/4396991
,,,"Sun, 15/09/24",,,,,SL Benfica B,UD Oliveirense,Benfica Campus,Attendance: 553,https://www.transfermarkt.co.uk/sl-benfica-b_ud-oliveirense/index/spielbericht/4396988
,,,"Sun, 01/09/24",,,,,FC Paços de Ferreira,FC Penafiel,Estádio Capital do Móvel,Attendance: 2.260,https://www.transfermarkt.co.uk/fc-pacos-de-ferreira_fc-penafiel/index/spielbericht/4396999
,,,"Mon, 30/09/24",,,,,FC Vizela,CD Mafra,Estádio do Futebol Clube de Vizela,Attendance: 1.540,https://www.transfermarkt.co.uk/fc-vizela_cd-mafra/index/spielbericht/4396976
,,,"Sun, 29/09/24",,,,,FC Alverca,Leixões SC,Complexo Desportivo FC Alverca,Attendance: 765,https://www.transfermarkt.co.uk/fc-alverca_leixoes-sc/index/spielbericht/4396983
,,,"Sat, 28/09/24",,,,,Portimonense SAD,FC Penafiel,Estádio Municipal de Portimão,Attendance: 1.169,https://www.transfermarkt.co.uk/portimonense-sad_fc-penafiel/index/spielbericht/4396978
,,,"Sat, 14/09/24",,,,,Académico Viseu FC,UD Leiria,Estádio Municipal do Fontelo,Attendance: 2.398,https://www.transfermarkt.co.uk/academico-viseu-fc_ud-leiria/index/spielbericht/4396992
,,,"Sat, 28/09/24",,,,,FC Paços de Ferreira,SL Benfica B,Estádio Capital do Móvel,Attendance: 1.775,https://www.transfermarkt.co.uk/fc-pacos-de-ferreira_sl-benfica-b/index/spielbericht/4396979
,,,"Sun, 06/10/24",,,,,CD Feirense,FC Vizela,Estádio Marcolino de Castro,Attendance: 1.415,https://www.transfermarkt.co.uk/cd-feirense_fc-vizela/index/spielbericht/4396965
,,,"Sat, 30/11/24",,,,,CA Banfield,CA Lanús,Florencio Sola,Attendance: 34.901,https://www.transfermarkt.co.uk/ca-banfield_ca-lanus/index/spielbericht/4343251
,,,"Sat, 12/10/24",,,,,CD Tondela,Leixões SC,Estádio João Cardoso,Attendance: 1.184,https://www.transfermarkt.co.uk/cd-tondela_leixoes-sc/index/spielbericht/4397022
,,,"Sat, 12/10/24",,,,,FC Alverca,FC Penafiel,Complexo Desportivo FC Alverca,Attendance: 626,https://www.transfermarkt.co.uk/fc-alverca_fc-penafiel/index/spielbericht/4397027
,,,"Sun, 06/10/24",,,,,SL Benfica B,GD Chaves,Benfica Campus,Attendance: 725,https://www.transfermarkt.co.uk/sl-benfica-b_gd-chaves/index/spielbericht/4396963
,,,"Sun, 06/10/24",,,,,CD Mafra,FC Alverca,Parque Desportivo e Municipal de Mafra,Attendance: 446,https://www.transfermarkt.co.uk/cd-mafra_fc-alverca/index/spielbericht/4396959
,,,"Sun, 29/09/24",,,,,UD Leiria,CS Marítimo,Estádio Dr. Magalhães Pessoa,Attendance: 1.263,https://www.transfermarkt.co.uk/ud-leiria_cs-maritimo/index/spielbericht/4396984
,,,"Fri, 25/10/24",,,,,FC Paços de Ferreira,FC Vizela,Estádio Capital do Móvel,Attendance: 1.533,https://www.transfermarkt.co.uk/fc-pacos-de-ferreira_fc-vizela/index/spielbericht/4397045
,,,"Sun, 13/10/24",,,,,FC Paços de Ferreira,SC União Torreense,Estádio Capital do Móvel,Attendance: 1.430,https://www.transfermarkt.co.uk/fc-pacos-de-ferreira_sc-uniao-torreense/index/spielbericht/4397029
,,,"Fri, 11/10/24",,,,,UD Leiria,FC Felgueiras 1932,Estádio Dr. Magalhães Pessoa,Attendance: 388,https://www.transfermarkt.co.uk/ud-leiria_fc-felgueiras-1932/index/spielbericht/4397021
,,,"Sun, 13/10/24",,,,,Académico Viseu FC,CS Marítimo,Estádio Municipal do Fontelo,Attendance: 1.678,https://www.transfermarkt.co.uk/academico-viseu-fc_cs-maritimo/index/spielbericht/4397028
,,,"Sat, 26/10/24",,,,,UD Oliveirense,GD Chaves,Estádio Carlos Osório,Attendance: 370,https://www.transfermarkt.co.uk/ud-oliveirense_gd-chaves/index/spielbericht/4397040
,,,"Wed, 23/10/24",,,,,FC Porto B,CD Mafra,Estádio Luís Filipe Menezes,Attendance: 302,https://www.transfermarkt.co.uk/fc-porto-b_cd-mafra/index/spielbericht/4397025
,,,"Mon, 16/09/24",,,,,CD Feirense,FC Paços de Ferreira,Estádio Marcolino de Castro,Attendance: 1.519,https://www.transfermarkt.co.uk/cd-feirense_fc-pacos-de-ferreira/index/spielbericht/4396989
,,,"Sun, 13/10/24",,,,,GD Chaves,CD Feirense,Estádio Municipal Eng.º Manuel Branco Teixeira,Attendance: 932,https://www.transfermarkt.co.uk/gd-chaves_cd-feirense/index/spielbericht/4397026
,,,"Sun, 27/10/24",,,,,FC Felgueiras 1932,CS Marítimo,Estádio Doutor Machado de Matos,Attendance: 1.778,https://www.transfermarkt.co.uk/fc-felgueiras-1932_cs-maritimo/index/spielbericht/4397043
,,,"Fri, 04/10/24",,,,,SC União Torreense,CD Tondela,Estádio Manuel Marques,Attendance: 822,https://www.transfermarkt.co.uk/sc-uniao-torreense_cd-tondela/index/spielbericht/4396960
,,,"Sun, 27/10/24",,,,,SC União Torreense,FC Alverca,Estádio Manuel Marques,Attendance: 861,https://www.transfermarkt.co.uk/sc-uniao-torreense_fc-alverca/index/spielbericht/4397039
,,,"Sat, 26/10/24",,,,,FC Penafiel,Académico Viseu FC,Estádio Municipal 25 de Abril,Attendance: 741,https://www.transfermarkt.co.uk/fc-penafiel_academico-viseu-fc/index/spielbericht/4397042
,,,"Sat, 02/11/24",,,,,Portimonense SAD,FC Vizela,Estádio Municipal de Portimão,Attendance: 636,https://www.transfermarkt.co.uk/portimonense-sad_fc-vizela/index/spielbericht/4397031
,,,"Sun, 27/10/24",,,,,Leixões SC,FC Porto B,Estádio do Mar,Attendance: 2.544,https://www.transfermarkt.co.uk/leixoes-sc_fc-porto-b/index/spielbericht/4397047
,,,"Sat, 26/10/24",,,,,CD Feirense,Portimonense SAD,Estádio Marcolino de Castro,Attendance: 1.506,https://www.transfermarkt.co.uk/cd-feirense_portimonense-sad/index/spielbericht/4397046
,,,"Sat, 26/10/24",,,,,SL Benfica B,CD Tondela,Benfica Campus,Attendance: 760,https://www.transfermarkt.co.uk/sl-benfica-b_cd-tondela/index/spielbericht/4397044
,,,"Sat, 23/11/24",,,,,Portimonense SAD,SL Benfica B,Estádio Municipal de Portimão,Attendance: 967,https://www.transfermarkt.co.uk/portimonense-sad_sl-benfica-b/index/spielbericht/4397023
,,,"Sun, 06/10/24",,,,,FC Penafiel,UD Leiria,Estádio Municipal 25 de Abril,Attendance: 956,https://www.transfermarkt.co.uk/fc-penafiel_ud-leiria/index/spielbericht/4396961
,,,"Sat, 02/11/24",,,,,GD Chaves,FC Paços de Ferreira,Estádio Municipal Eng.º Manuel Branco Teixeira,Attendance: 1.610,https://www.transfermarkt.co.uk/gd-chaves_fc-pacos-de-ferreira/index/spielbericht/4397034
,,,"Mon, 28/10/24",,,,,CD Mafra,UD Leiria,Parque Desportivo e Municipal de Mafra,Attendance: 353,https://www.transfermarkt.co.uk/cd-mafra_ud-leiria/index/spielbericht/4397041
,,,"Fri, 08/11/24",,,,,FC Vizela,GD Chaves,Estádio do Futebol Clube de Vizela,Attendance: 1.419,https://www.transfermarkt.co.uk/fc-vizela_gd-chaves/index/spielbericht/4397059
,,,"Sun, 03/11/24",,,,,FC Felgueiras 1932,CD Mafra,Estádio Doutor Machado de Matos,Attendance: 1.450,https://www.transfermarkt.co.uk/fc-felgueiras-1932_cd-mafra/index/spielbericht/4397038
,,,"Sat, 09/11/24",,,,,FC Penafiel,FC Felgueiras 1932,Estádio Municipal 25 de Abril,Attendance: 1.301,https://www.transfermarkt.co.uk/fc-penafiel_fc-felgueiras-1932/index/spielbericht/4397058
,,,"Sat, 02/11/24",,,,,CS Marítimo,FC Penafiel,Estádio do Marítimo,Attendance: 7.211,https://www.transfermarkt.co.uk/cs-maritimo_fc-penafiel/index/spielbericht/4397030
,,,"Sun, 03/11/24",,,,,Académico Viseu FC,SL Benfica B,Estádio Municipal do Fontelo,Attendance: 1.943,https://www.transfermarkt.co.uk/academico-viseu-fc_sl-benfica-b/index/spielbericht/4397037
,,,"Sun, 03/11/24",,,,,UD Leiria,Leixões SC,Estádio Dr. Magalhães Pessoa,Attendance: 4.615,https://www.transfermarkt.co.uk/ud-leiria_leixoes-sc/index/spielbericht/4397032
,,,"Sat, 09/11/24",,,,,CD Feirense,CD Tondela,Estádio Marcolino de Castro,Attendance: 2.031,https://www.transfermarkt.co.uk/cd-feirense_cd-tondela/index/spielbericht/4397064
,,,"Sat, 09/11/24",,,,,CD Mafra,Académico Viseu FC,Parque Desportivo e Municipal de Mafra,Attendance: 411,https://www.transfermarkt.co.uk/cd-mafra_academico-viseu-fc/index/spielbericht/4397061
,,,"Sun, 10/11/24",,,,,FC Paços de Ferreira,FC Porto B,Estádio Capital do Móvel,Attendance: 1.593,https://www.transfermarkt.co.uk/fc-pacos-de-ferreira_fc-porto-b/index/spielbericht/4397063
,,,"Sun, 10/11/24",,,,,SC União Torreense,UD Leiria,Estádio Manuel Marques,Attendance: 882,https://www.transfermarkt.co.uk/sc-uniao-torreense_ud-leiria/index/spielbericht/4397060
,,,"Sun, 01/12/24",,,,,FC Penafiel,CD Mafra,Estádio Municipal 25 de Abril,Attendance: 980,https://www.transfermarkt.co.uk/fc-penafiel_cd-mafra/index/spielbericht/4397088
,,,"Fri, 30/08/24",,,,,FC Alverca,Académico Viseu FC,Complexo Desportivo FC Alverca,Attendance: 626,https://www.transfermarkt.co.uk/fc-alverca_academico-viseu-fc/index/spielbericht/4397000
,,,"Sun, 10/11/24",,,,,SL Benfica B,FC Alverca,Benfica Campus,Attendance: 668,https://www.transfermarkt.co.uk/sl-benfica-b_fc-alverca/index/spielbericht/4397057
,,,"Sun, 01/12/24",,,,,CS Marítimo,SL Benfica B,Estádio do Marítimo,Attendance: 6.309,https://www.transfermarkt.co.uk/cs-maritimo_sl-benfica-b/index/spielbericht/4397086
,,,"Sat, 30/11/24",,,,,FC Felgueiras 1932,SC União Torreense,Estádio Doutor Machado de Matos,Attendance: 957,https://www.transfermarkt.co.uk/fc-felgueiras-1932_sc-uniao-torreense/index/spielbericht/4397092
,,,"Sat, 07/12/24",,,,,SC União Torreense,Académico Viseu FC,Estádio Manuel Marques,Attendance: 536,https://www.transfermarkt.co.uk/sc-uniao-torreense_academico-viseu-fc/index/spielbericht/4397102
,,,"Fri, 29/11/24",,,,,Académico Viseu FC,Leixões SC,Estádio Municipal do Fontelo,Attendance: 1.033,https://www.transfermarkt.co.uk/academico-viseu-fc_leixoes-sc/index/spielbericht/4397091
,,,"Sun, 01/12/24",,,,,FC Porto B,UD Oliveirense,Estádio Luís Filipe Menezes,Attendance: 344,https://www.transfermarkt.co.uk/fc-porto-b_ud-oliveirense/index/spielbericht/4397087
,,,"Sun, 29/09/24",,,,,FC Porto B,FC Felgueiras 1932,Estádio Luís Filipe Menezes,Attendance: 591,https://www.transfermarkt.co.uk/fc-porto-b_fc-felgueiras-1932/index/spielbericht/4396977
,,,"Sat, 05/10/24",,,,,UD Oliveirense,FC Paços de Ferreira,Estádio Carlos Osório,Attendance: 451,https://www.transfermarkt.co.uk/ud-oliveirense_fc-pacos-de-ferreira/index/spielbericht/4396962
,,,"Sun, 24/11/24",,,,,CA Huracán,CA Boca Juniors,Tomás Adolfo Ducó,Attendance: 45.112,https://www.transfermarkt.co.uk/ca-huracan_ca-boca-juniors/index/spielbericht/4343242
,,,"Sat, 07/12/24",,,,,Leixões SC,FC Felgueiras 1932,Estádio do Mar,Attendance: 1.328,https://www.transfermarkt.co.uk/leixoes-sc_fc-felgueiras-1932/index/spielbericht/4397105
,,,"Sun, 24/11/24",,,,,FC Vizela,UD Oliveirense,Estádio do Futebol Clube de Vizela,Attendance: 1.292,https://www.transfermarkt.co.uk/fc-vizela_ud-oliveirense/index/spielbericht/4397024
,,,"Sun, 08/12/24",,,,,UD Oliveirense,FC Alverca,Estádio Carlos Osório,Attendance: 237,https://www.transfermarkt.co.uk/ud-oliveirense_fc-alverca/index/spielbericht/4397103
,,,"Sun, 08/12/24",,,,,FC Paços de Ferreira,Portimonense SAD,Estádio Capital do Móvel,Attendance: 1.089,https://www.transfermarkt.co.uk/fc-pacos-de-ferreira_portimonense-sad/index/spielbericht/4397110
,,,"Sat, 05/10/24",,,,,CS Marítimo,FC Porto B,Estádio do Marítimo,Attendance: 5.231,https://www.transfermarkt.co.uk/cs-maritimo_fc-porto-b/index/spielbericht/4396966
,,,"Sat, 05/10/24",,,,,FC Felgueiras 1932,Académico Viseu FC,Estádio Doutor Machado de Matos,Attendance: 1.102,https://www.transfermarkt.co.uk/fc-felgueiras-1932_academico-viseu-fc/index/spielbericht/4396958
,,,"Sun, 01/12/24",,,,,CD Tondela,FC Paços de Ferreira,Estádio João Cardoso,Attendance: 1.537,https://www.transfermarkt.co.uk/cd-tondela_fc-pacos-de-ferreira/index/spielbericht/4397084
,,,"Sun, 08/12/24",,,,,FC Vizela,CD Tondela,Estádio do Futebol Clube de Vizela,Attendance: 1.344,https://www.transfermarkt.co.uk/fc-vizela_cd-tondela/index/spielbericht/4397104
,,,"Sat, 14/12/24",,,,,UD Leiria,FC Paços de Ferreira,Estádio Dr. Magalhães Pessoa,Attendance: 1.707,https://www.transfermarkt.co.uk/ud-leiria_fc-pacos-de-ferreira/index/spielbericht/4397070
,,,"Sun, 08/12/24",,,,,CD Mafra,CS Marítimo,Parque Desportivo e Municipal de Mafra,Attendance: 549,https://www.transfermarkt.co.uk/cd-mafra_cs-maritimo/index/spielbericht/4397108
,,,"Sun, 08/12/24",,,,,GD Chaves,FC Porto B,Estádio Municipal Eng.º Manuel Branco Teixeira,Attendance: 1.114,https://www.transfermarkt.co.uk/gd-chaves_fc-porto-b/index/spielbericht/4397107
,,,"Sun, 18/08/24",,,,,CD Feirense,Académico Viseu FC,Estádio Marcolino de Castro,Attendance: 1.802,https://www.transfermarkt.co.uk/cd-feirense_academico-viseu-fc/index/spielbericht/4396975
,,,"Sat, 07/12/24",,,,,CD Feirense,FC Penafiel,Estádio Marcolino de Castro,Attendance: 1.540,https://www.transfermarkt.co.uk/cd-feirense_fc-penafiel/index/spielbericht/4397109
,,,"Sun, 01/12/24",,,,,US Salernitana 1919,Carrarese Calcio 1908,Arechi,Attendance: 7.634,https://www.transfermarkt.co.uk/us-salernitana-1919_carrarese-calcio-1908/index/spielbericht/4385947
,,,"Sat, 30/11/24",,,,,UD Leiria,CD Feirense,Estádio Dr. Magalhães Pessoa,Attendance: 2.010,https://www.transfermarkt.co.uk/ud-leiria_cd-feirense/index/spielbericht/4397089
,,,"Mon, 04/11/24",,,,,CD Tondela,UD Oliveirense,Estádio João Cardoso,Attendance: 1.217,https://www.transfermarkt.co.uk/cd-tondela_ud-oliveirense/index/spielbericht/4397033
,,,"Sat, 07/12/24",,,,,SL Benfica B,UD Leiria,Benfica Campus,Attendance: 448,https://www.transfermarkt.co.uk/sl-benfica-b_ud-leiria/index/spielbericht/4397106
,,,"Sun, 15/12/24",,,,,CD Tondela,Portimonense SAD,Estádio João Cardoso,Attendance: 1.342,https://www.transfermarkt.co.uk/cd-tondela_portimonense-sad/index/spielbericht/4397068
,,,"Mon, 16/12/24",,,,,Académico Viseu FC,UD Oliveirense,Estádio Municipal do Fontelo,Attendance: 1.021,https://www.transfermarkt.co.uk/academico-viseu-fc_ud-oliveirense/index/spielbericht/4397073
,,,"Sun, 15/12/24",,,,,FC Porto B,CD Feirense,Estádio Luís Filipe Menezes,Attendance: 488,https://www.transfermarkt.co.uk/fc-porto-b_cd-feirense/index/spielbericht/4397066
,,,"Sat, 23/11/24",,,,,CD Feirense,CS Marítimo,Estádio Marcolino de Castro,Attendance: 1.702,https://www.transfermarkt.co.uk/cd-feirense_cs-maritimo/index/spielbericht/4397055
,,,"Sat, 14/12/24",,,,,CD Mafra,SL Benfica B,Parque Desportivo e Municipal de Mafra,Attendance: 430,https://www.transfermarkt.co.uk/cd-mafra_sl-benfica-b/index/spielbericht/4397069
,,,"Sun, 22/12/24",,,,,UD Oliveirense,UD Leiria,Estádio Carlos Osório,Attendance: 415,https://www.transfermarkt.co.uk/ud-oliveirense_ud-leiria/index/spielbericht/4397051
,,,"Sun, 29/12/24",,,,,FC Penafiel,SL Benfica B,Estádio Municipal 25 de Abril,Attendance: 2.623,https://www.transfermarkt.co.uk/fc-penafiel_sl-benfica-b/index/spielbericht/4397123
,,,"Sun, 22/12/24",,,,,FC Paços de Ferreira,FC Alverca,Estádio Capital do Móvel,Attendance: 1.170,https://www.transfermarkt.co.uk/fc-pacos-de-ferreira_fc-alverca/index/spielbericht/4397048
,,,"Sun, 12/01/25",,,,,Académico Viseu FC,FC Vizela,Estádio Municipal do Fontelo,Attendance: 1.718,https://www.transfermarkt.co.uk/academico-viseu-fc_fc-vizela/index/spielbericht/4397127
,,,"Sat, 14/12/24",,,,,FC Penafiel,Leixões SC,Estádio Municipal 25 de Abril,Attendance: 962,https://www.transfermarkt.co.uk/fc-penafiel_leixoes-sc/index/spielbericht/4397067
,,,"Sun, 15/12/24",,,,,FC Felgueiras 1932,FC Vizela,Estádio Doutor Machado de Matos,Attendance: 1.870,https://www.transfermarkt.co.uk/fc-felgueiras-1932_fc-vizela/index/spielbericht/4397074
,,,"Sun, 29/12/24",,,,,CD Mafra,CD Feirense,Parque Desportivo e Municipal de Mafra,Attendance: 509,https://www.transfermarkt.co.uk/cd-mafra_cd-feirense/index/spielbericht/4397121
,,,"Sun, 22/12/24",,,,,SL Benfica B,FC Felgueiras 1932,Benfica Campus,Attendance: 484,https://www.transfermarkt.co.uk/sl-benfica-b_fc-felgueiras-1932/index/spielbericht/4397053
,,,"Sat, 21/12/24",,,,,Portimonense SAD,Académico Viseu FC,Estádio Municipal de Portimão,Attendance: 693,https://www.transfermarkt.co.uk/portimonense-sad_academico-viseu-fc/index/spielbericht/4397052
,,,"Sat, 21/12/24",,,,,GD Chaves,CD Tondela,Estádio Municipal Eng.º Manuel Branco Teixeira,Attendance: 1.948,https://www.transfermarkt.co.uk/gd-chaves_cd-tondela/index/spielbericht/4397054
,,,"Sat, 04/01/25",,,,,GD Chaves,FC Penafiel,Estádio Municipal Eng.º Manuel Branco Teixeira,Attendance: 1.335,https://www.transfermarkt.co.uk/gd-chaves_fc-penafiel/index/spielbericht/4397081
,,,"Sun, 12/01/25",,,,,Leixões SC,SC União Torreense,Estádio do Mar,Attendance: 1.325,https://www.transfermarkt.co.uk/leixoes-sc_sc-uniao-torreense/index/spielbericht/4397124
,,,"Sun, 29/12/24",,,,,CS Marítimo,UD Oliveirense,Estádio do Marítimo,Attendance: 7.344,https://www.transfermarkt.co.uk/cs-maritimo_ud-oliveirense/index/spielbericht/4397120
,,,"Sun, 12/01/25",,,,,FC Porto B,Portimonense SAD,Estádio Luís Filipe Menezes,Attendance: 268,https://www.transfermarkt.co.uk/fc-porto-b_portimonense-sad/index/spielbericht/4397125
,,,"Sun, 05/01/25",,,,,FC Paços de Ferreira,Académico Viseu FC,Estádio Capital do Móvel,Attendance: 866,https://www.transfermarkt.co.uk/fc-pacos-de-ferreira_academico-viseu-fc/index/spielbericht/4397080
,,,"Sun, 05/01/25",,,,,UD Oliveirense,FC Felgueiras 1932,Estádio Carlos Osório,Attendance: 316,https://www.transfermarkt.co.uk/ud-oliveirense_fc-felgueiras-1932/index/spielbericht/4397076
,,,"Sun, 12/01/25",,,,,UD Leiria,GD Chaves,Estádio Dr. Magalhães Pessoa,Attendance: 3.685,https://www.transfermarkt.co.uk/ud-leiria_gd-chaves/index/spielbericht/4397122
,,,"Mon, 06/01/25",,,,,SL Benfica B,FC Porto B,Benfica Campus,Attendance: 725,https://www.transfermarkt.co.uk/sl-benfica-b_fc-porto-b/index/spielbericht/4397083
,,,"Sun, 22/12/24",,,,,SC União Torreense,FC Penafiel,Estádio Manuel Marques,Attendance: 1.436,https://www.transfermarkt.co.uk/sc-uniao-torreense_fc-penafiel/index/spielbericht/4397049
,,,"Sun, 05/01/25",,,,,SC União Torreense,CD Mafra,Estádio Manuel Marques,Attendance: 826,https://www.transfermarkt.co.uk/sc-uniao-torreense_cd-mafra/index/spielbericht/4397075
,,,"Sat, 04/01/25",,,,,CD Tondela,UD Leiria,Estádio João Cardoso,Attendance: 1.714,https://www.transfermarkt.co.uk/cd-tondela_ud-leiria/index/spielbericht/4397079
,,,"Sat, 18/01/25",,,,,CD Feirense,SC União Torreense,Estádio Marcolino de Castro,Attendance: 1.830,https://www.transfermarkt.co.uk/cd-feirense_sc-uniao-torreense/index/spielbericht/4397093
,,,"Fri, 24/01/25",,,,,Académico Viseu FC,CD Feirense,Estádio Municipal do Fontelo,Attendance: 1.482,https://www.transfermarkt.co.uk/academico-viseu-fc_cd-feirense/index/spielbericht/4397119
,,,"Sun, 19/01/25",,,,,FC Paços de Ferreira,CD Mafra,Estádio Capital do Móvel,Attendance: 1.315,https://www.transfermarkt.co.uk/fc-pacos-de-ferreira_cd-mafra/index/spielbericht/4397100
,,,"Sat, 18/01/25",,,,,FC Alverca,FC Porto B,Complexo Desportivo FC Alverca,Attendance: 781,https://www.transfermarkt.co.uk/fc-alverca_fc-porto-b/index/spielbericht/4397096
,,,"Fri, 17/01/25",,,,,GD Chaves,Académico Viseu FC,Estádio Municipal Eng.º Manuel Branco Teixeira,Attendance: 699,https://www.transfermarkt.co.uk/gd-chaves_academico-viseu-fc/index/spielbericht/4397098
,,,"Fri, 17/01/25",,,,,SL Benfica B,Leixões SC,Benfica Campus,Attendance: 210,https://www.transfermarkt.co.uk/sl-benfica-b_leixoes-sc/index/spielbericht/4397094
,,,"Sun, 19/01/25",,,,,FC Vizela,UD Leiria,Estádio do Futebol Clube de Vizela,Attendance: 1.351,https://www.transfermarkt.co.uk/fc-vizela_ud-leiria/index/spielbericht/4397097
,,,"Fri, 17/01/25",,,,,UC Sampdoria,Cesena FC,Luigi Ferraris,Attendance: 21.078,https://www.transfermarkt.co.uk/uc-sampdoria_cesena-fc/index/spielbericht/4386030
,,,"Sat, 30/11/24",,,,,FC Alverca,FC Vizela,Complexo Desportivo FC Alverca,Attendance: 529,https://www.transfermarkt.co.uk/fc-alverca_fc-vizela/index/spielbericht/4397090
,,,"Sat, 28/09/24",,,,,GD Chaves,SC União Torreense,Estádio Municipal Eng.º Manuel Branco Teixeira,Attendance: 822,https://www.transfermarkt.co.uk/gd-chaves_sc-uniao-torreense/index/spielbericht/4396982
,,,"Sun, 05/01/25",,,,,FC Vizela,CS Marítimo,Estádio do Futebol Clube de Vizela,Attendance: 1.102,https://www.transfermarkt.co.uk/fc-vizela_cs-maritimo/index/spielbericht/4397077
,,,"Sat, 18/01/25",,,,,SSC Bari,Brescia Calcio (- 2025),San Nicola,Attendance: 11.980,https://www.transfermarkt.co.uk/ssc-bari_brescia-calcio-2025-/index/spielbericht/4386022
,,,"Mon, 20/01/25",,,,,UD Oliveirense,FC Penafiel,Estádio Carlos Osório,Attendance: 325,https://www.transfermarkt.co.uk/ud-oliveirense_fc-penafiel/index/spielbericht/4397095
,,,"Sun, 19/01/25",,,,,CD Tondela,CS Marítimo,Estádio João Cardoso,Attendance: 1.629,https://www.transfermarkt.co.uk/cd-tondela_cs-maritimo/index/spielbericht/4397101
,,,"Sat, 25/01/25",,,,,Leixões SC,GD Chaves,Estádio do Mar,Attendance: 1.223,https://www.transfermarkt.co.uk/leixoes-sc_gd-chaves/index/spielbericht/4397118
,,,"Sun, 26/01/25",,,,,FC Penafiel,FC Vizela,Estádio Municipal 25 de Abril,Attendance: 1.046,https://www.transfermarkt.co.uk/fc-penafiel_fc-vizela/index/spielbericht/4397114
,,,"Sun, 12/01/25",,,,,FC Felgueiras 1932,FC Paços de Ferreira,Estádio Doutor Machado de Matos,Attendance: 1.870,https://www.transfermarkt.co.uk/fc-felgueiras-1932_fc-pacos-de-ferreira/index/spielbericht/4397128
,,,"Sat, 21/12/24",,,,,FC Vizela,FC Porto B,Estádio do Futebol Clube de Vizela,Attendance: 1.285,https://www.transfermarkt.co.uk/fc-vizela_fc-porto-b/index/spielbericht/4397050
,,,"Sat, 25/01/25",,,,,CS Marítimo,FC Paços de Ferreira,Estádio do Marítimo,Attendance: 5.062,https://www.transfermarkt.co.uk/cs-maritimo_fc-pacos-de-ferreira/index/spielbericht/4397112
,,,"Sun, 26/01/25",,,,,CD Mafra,UD Oliveirense,Parque Desportivo e Municipal de Mafra,Attendance: 529,https://www.transfermarkt.co.uk/cd-mafra_ud-oliveirense/index/spielbericht/4397115
,,,"Sat, 01/02/25",,,,,CD Tondela,FC Penafiel,Estádio João Cardoso,Attendance: 2.029,https://www.transfermarkt.co.uk/cd-tondela_fc-penafiel/index/spielbericht/4397171
,,,"Sun, 26/01/25",,,,,UD Leiria,Portimonense SAD,Estádio Dr. Magalhães Pessoa,Attendance: 2.295,https://www.transfermarkt.co.uk/ud-leiria_portimonense-sad/index/spielbericht/4397113
,,,"Sat, 01/02/25",,,,,FC Vizela,SL Benfica B,Estádio do Futebol Clube de Vizela,Attendance: 1.815,https://www.transfermarkt.co.uk/fc-vizela_sl-benfica-b/index/spielbericht/4397169
,,,"Sat, 09/11/24",,,,,UD Oliveirense,Portimonense SAD,Estádio Carlos Osório,Attendance: 327,https://www.transfermarkt.co.uk/ud-oliveirense_portimonense-sad/index/spielbericht/4397062
,,,"Mon, 27/01/25",,,,,SC União Torreense,SL Benfica B,Estádio Manuel Marques,Attendance: 840,https://www.transfermarkt.co.uk/sc-uniao-torreense_sl-benfica-b/index/spielbericht/4397117
,,,"Sun, 29/12/24",,,,,UC Sampdoria,Pisa Sporting Club,Luigi Ferraris,Attendance: 21.766,https://www.transfermarkt.co.uk/uc-sampdoria_pisa-sporting-club/index/spielbericht/4385998
,,,"Sat, 01/02/25",,,,,Portimonense SAD,CD Mafra,Estádio Municipal de Portimão,Attendance: 1.073,https://www.transfermarkt.co.uk/portimonense-sad_cd-mafra/index/spielbericht/4397172
,,,"Sun, 02/02/25",,,,,FC Alverca,UD Leiria,Complexo Desportivo FC Alverca,Attendance: 1.252,https://www.transfermarkt.co.uk/fc-alverca_ud-leiria/index/spielbericht/4397168
,,,"Sat, 01/02/25",,,,,FC Porto B,Académico Viseu FC,Estádio Luís Filipe Menezes,Attendance: 479,https://www.transfermarkt.co.uk/fc-porto-b_academico-viseu-fc/index/spielbericht/4397170
,,,"Sat, 08/02/25",,,,,CS Marítimo,Portimonense SAD,Estádio do Marítimo,Attendance: 5.740,https://www.transfermarkt.co.uk/cs-maritimo_portimonense-sad/index/spielbericht/4397129
,,,"Sun, 02/02/25",,,,,GD Chaves,CS Marítimo,Estádio Municipal Eng.º Manuel Branco Teixeira,Attendance: 1.118,https://www.transfermarkt.co.uk/gd-chaves_cs-maritimo/index/spielbericht/4397166
,,,"Sat, 08/02/25",,,,,FC Penafiel,FC Paços de Ferreira,Estádio Municipal 25 de Abril,Attendance: 2.076,https://www.transfermarkt.co.uk/fc-penafiel_fc-pacos-de-ferreira/index/spielbericht/4397134
,,,"Sat, 08/02/25",,,,,FC Felgueiras 1932,CD Tondela,Estádio Doutor Machado de Matos,Attendance: 1.490,https://www.transfermarkt.co.uk/fc-felgueiras-1932_cd-tondela/index/spielbericht/4397137
,,,"Fri, 31/01/25",,,,,FC Paços de Ferreira,Leixões SC,Estádio Capital do Móvel,Attendance: 1.503,https://www.transfermarkt.co.uk/fc-pacos-de-ferreira_leixoes-sc/index/spielbericht/4397173
,,,"Sat, 08/02/25",,,,,Leixões SC,UD Oliveirense,Estádio do Mar,Attendance: 1.045,https://www.transfermarkt.co.uk/leixoes-sc_ud-oliveirense/index/spielbericht/4397132
,,,"Sun, 16/02/25",,,,,FC Vizela,Leixões SC,Estádio do Futebol Clube de Vizela,Attendance: 1.683,https://www.transfermarkt.co.uk/fc-vizela_leixoes-sc/index/spielbericht/4397151
,,,"Sat, 05/10/24",,,,,Leixões SC,Portimonense SAD,Estádio do Mar,Attendance: 1.596,https://www.transfermarkt.co.uk/leixoes-sc_portimonense-sad/index/spielbericht/4396964
,,,"Mon, 10/02/25",,,,,SC União Torreense,FC Vizela,Estádio Manuel Marques,Attendance: 760,https://www.transfermarkt.co.uk/sc-uniao-torreense_fc-vizela/index/spielbericht/4397130
,,,"Sun, 09/02/25",,,,,UD Leiria,FC Porto B,Estádio Dr. Magalhães Pessoa,Attendance: 3.012,https://www.transfermarkt.co.uk/ud-leiria_fc-porto-b/index/spielbericht/4397133
,,,"Sun, 10/11/24",,,,,Leixões SC,CS Marítimo,Estádio do Mar,Attendance: 1.636,https://www.transfermarkt.co.uk/leixoes-sc_cs-maritimo/index/spielbericht/4397065
,,,"Sun, 16/02/25",,,,,Portimonense SAD,SC União Torreense,Estádio Municipal de Portimão,Attendance: 909,https://www.transfermarkt.co.uk/portimonense-sad_sc-uniao-torreense/index/spielbericht/4397149
,,,"Sat, 22/02/25",,,,,SL Benfica B,FC Paços de Ferreira,Benfica Campus,Attendance: 523,https://www.transfermarkt.co.uk/sl-benfica-b_fc-pacos-de-ferreira/index/spielbericht/4397196
,,,"Sun, 16/02/25",,,,,FC Porto B,FC Penafiel,Estádio Luís Filipe Menezes,Attendance: 679,https://www.transfermarkt.co.uk/fc-porto-b_fc-penafiel/index/spielbericht/4397155
,,,"Sat, 04/01/25",,,,,CD Feirense,Leixões SC,Estádio Marcolino de Castro,Attendance: 1.727,https://www.transfermarkt.co.uk/cd-feirense_leixoes-sc/index/spielbericht/4397082
,,,"Sun, 12/01/25",,,,,FC Alverca,CD Tondela,Complexo Desportivo FC Alverca,Attendance: 771,https://www.transfermarkt.co.uk/fc-alverca_cd-tondela/index/spielbericht/4397126
,,,"Sat, 01/02/25",,,,,CD Feirense,FC Felgueiras 1932,Estádio Marcolino de Castro,Attendance: 1.314,https://www.transfermarkt.co.uk/cd-feirense_fc-felgueiras-1932/index/spielbericht/4397165
,,,"Sat, 15/02/25",,,,,FC Paços de Ferreira,CD Feirense,Estádio Capital do Móvel,Attendance: 3.114,https://www.transfermarkt.co.uk/fc-pacos-de-ferreira_cd-feirense/index/spielbericht/4397154
,,,"Sat, 25/01/25",,,,,FC Felgueiras 1932,FC Alverca,Estádio Doutor Machado de Matos,Attendance: 860,https://www.transfermarkt.co.uk/fc-felgueiras-1932_fc-alverca/index/spielbericht/4397116
,,,"Sun, 23/02/25",,,,,Leixões SC,FC Alverca,Estádio do Mar,Attendance: 1.212,https://www.transfermarkt.co.uk/leixoes-sc_fc-alverca/index/spielbericht/4397199
,,,"Sat, 22/02/25",,,,,CD Mafra,FC Vizela,Parque Desportivo e Municipal de Mafra,Attendance: 653,https://www.transfermarkt.co.uk/cd-mafra_fc-vizela/index/spielbericht/4397192
,,,"Sun, 02/03/25",,,,,Portimonense SAD,Leixões SC,Estádio Municipal de Portimão,Attendance: 735,https://www.transfermarkt.co.uk/portimonense-sad_leixoes-sc/index/spielbericht/4397144
,,,"Sat, 22/02/25",,,,,CD Feirense,UD Oliveirense,Estádio Marcolino de Castro,Attendance: 3.350,https://www.transfermarkt.co.uk/cd-feirense_ud-oliveirense/index/spielbericht/4397195
,,,"Sun, 16/02/25",,,,,UD Oliveirense,SL Benfica B,Estádio Carlos Osório,Attendance: 674,https://www.transfermarkt.co.uk/ud-oliveirense_sl-benfica-b/index/spielbericht/4397150
,,,"Sun, 09/02/25",,,,,Académico Viseu FC,FC Alverca,Estádio Municipal do Fontelo,Attendance: 1.402,https://www.transfermarkt.co.uk/academico-viseu-fc_fc-alverca/index/spielbericht/4397135
,,,"Sun, 02/03/25",,,,,UD Leiria,FC Penafiel,Estádio Dr. Magalhães Pessoa,Attendance: 2.691,https://www.transfermarkt.co.uk/ud-leiria_fc-penafiel/index/spielbericht/4397142
,,,"Sat, 15/02/25",,,,,GD Chaves,FC Felgueiras 1932,Estádio Municipal Eng.º Manuel Branco Teixeira,Attendance: 990,https://www.transfermarkt.co.uk/gd-chaves_fc-felgueiras-1932/index/spielbericht/4397148
,,,"Sat, 22/02/25",,,,,CS Marítimo,UD Leiria,Estádio do Marítimo,Attendance: 5.986,https://www.transfermarkt.co.uk/cs-maritimo_ud-leiria/index/spielbericht/4397200
,,,"Sun, 02/03/25",,,,,FC Vizela,CD Feirense,Estádio do Futebol Clube de Vizela,Attendance: 2.789,https://www.transfermarkt.co.uk/fc-vizela_cd-feirense/index/spielbericht/4397145
,,,"Sun, 09/03/25",,,,,CD Mafra,FC Porto B,Parque Desportivo e Municipal de Mafra,Attendance: 458,https://www.transfermarkt.co.uk/cd-mafra_fc-porto-b/index/spielbericht/4397178
,,,"Sat, 30/11/24",,,,,Portimonense SAD,GD Chaves,Estádio Municipal de Portimão,Attendance: 824,https://www.transfermarkt.co.uk/portimonense-sad_gd-chaves/index/spielbericht/4397085
,,,"Sat, 01/03/25",,,,,FC Alverca,CD Mafra,Complexo Desportivo FC Alverca,Attendance: 1.107,https://www.transfermarkt.co.uk/fc-alverca_cd-mafra/index/spielbericht/4397139
,,,"Fri, 21/02/25",,,,,FC Penafiel,Portimonense SAD,Estádio Municipal 25 de Abril,Attendance: 791,https://www.transfermarkt.co.uk/fc-penafiel_portimonense-sad/index/spielbericht/4397194
,,,"Sun, 02/03/25",,,,,FC Porto B,CS Marítimo,Estádio Luís Filipe Menezes,Attendance: 494,https://www.transfermarkt.co.uk/fc-porto-b_cs-maritimo/index/spielbericht/4397146
,,,"Sat, 01/03/25",,,,,Académico Viseu FC,FC Felgueiras 1932,Estádio Municipal do Fontelo,Attendance: 1.108,https://www.transfermarkt.co.uk/academico-viseu-fc_fc-felgueiras-1932/index/spielbericht/4397138
,,,"Sun, 09/03/25",,,,,CS Marítimo,Académico Viseu FC,Estádio do Marítimo,Attendance: 4.976,https://www.transfermarkt.co.uk/cs-maritimo_academico-viseu-fc/index/spielbericht/4397181
,,,"Sat, 08/03/25",,,,,FC Felgueiras 1932,UD Leiria,Estádio Doutor Machado de Matos,Attendance: 1.050,https://www.transfermarkt.co.uk/fc-felgueiras-1932_ud-leiria/index/spielbericht/4397174
,,,"Sat, 08/03/25",,,,,SC União Torreense,FC Paços de Ferreira,Estádio Manuel Marques,Attendance: 530,https://www.transfermarkt.co.uk/sc-uniao-torreense_fc-pacos-de-ferreira/index/spielbericht/4397182
,,,"Sat, 15/03/25",,,,,CS Marítimo,FC Felgueiras 1932,Estádio do Marítimo,Attendance: 4.902,https://www.transfermarkt.co.uk/cs-maritimo_fc-felgueiras-1932/index/spielbericht/4397189
,,,"Sun, 03/11/24",,,,,FC Porto B,SC União Torreense,Estádio Luís Filipe Menezes,Attendance: 347,https://www.transfermarkt.co.uk/fc-porto-b_sc-uniao-torreense/index/spielbericht/4397035
,,,"Sat, 22/02/25",,,,,FC Felgueiras 1932,FC Porto B,Estádio Doutor Machado de Matos,Attendance: 1.580,https://www.transfermarkt.co.uk/fc-felgueiras-1932_fc-porto-b/index/spielbericht/4397193
,,,"Sun, 15/12/24",,,,,CS Marítimo,SC União Torreense,Estádio do Marítimo,Attendance: 4.895,https://www.transfermarkt.co.uk/cs-maritimo_sc-uniao-torreense/index/spielbericht/4397071
,,,"Sun, 09/03/25",,,,,SL Benfica B,Portimonense SAD,Benfica Campus,Attendance: 508,https://www.transfermarkt.co.uk/sl-benfica-b_portimonense-sad/index/spielbericht/4397176
,,,"Sat, 15/03/25",,,,,GD Chaves,UD Oliveirense,Estádio Municipal Eng.º Manuel Branco Teixeira,Attendance: 1.425,https://www.transfermarkt.co.uk/gd-chaves_ud-oliveirense/index/spielbericht/4397185
,,,"Sun, 16/03/25",,,,,UD Leiria,CD Mafra,Estádio Dr. Magalhães Pessoa,Attendance: 2.526,https://www.transfermarkt.co.uk/ud-leiria_cd-mafra/index/spielbericht/4397186
,,,"Fri, 20/12/24",,,,,Leixões SC,CD Mafra,Estádio do Mar,Attendance: 987,https://www.transfermarkt.co.uk/leixoes-sc_cd-mafra/index/spielbericht/4397056
,,,"Sun, 16/03/25",,,,,CD Tondela,SL Benfica B,Estádio João Cardoso,Attendance: 2.267,https://www.transfermarkt.co.uk/cd-tondela_sl-benfica-b/index/spielbericht/4397188
,,,"Fri, 28/02/25",,,,,GD Chaves,SL Benfica B,Estádio Municipal Eng.º Manuel Branco Teixeira,Attendance: 1.569,https://www.transfermarkt.co.uk/gd-chaves_sl-benfica-b/index/spielbericht/4397143
,,,"Sat, 29/03/25",,,,,FC Penafiel,CS Marítimo,Estádio Municipal 25 de Abril,Attendance: 1.302,https://www.transfermarkt.co.uk/fc-penafiel_cs-maritimo/index/spielbericht/4397204
,,,"Sat, 29/03/25",,,,,UD Oliveirense,CD Tondela,Estádio Carlos Osório,Attendance: 617,https://www.transfermarkt.co.uk/ud-oliveirense_cd-tondela/index/spielbericht/4397203
,,,"Sun, 23/02/25",,,,,SC União Torreense,GD Chaves,Estádio Manuel Marques,Attendance: 1.546,https://www.transfermarkt.co.uk/sc-uniao-torreense_gd-chaves/index/spielbericht/4397198
,,,"Sat, 15/03/25",,,,,Académico Viseu FC,FC Penafiel,Estádio Municipal do Fontelo,Attendance: 1.266,https://www.transfermarkt.co.uk/academico-viseu-fc_fc-penafiel/index/spielbericht/4397184
,,,"Fri, 14/03/25",,,,,FC Alverca,SC União Torreense,Complexo Desportivo FC Alverca,Attendance: 1.667,https://www.transfermarkt.co.uk/fc-alverca_sc-uniao-torreense/index/spielbericht/4397183
,,,"Sun, 30/03/25",,,,,CD Feirense,FC Alverca,Estádio Marcolino de Castro,Attendance: 2.504,https://www.transfermarkt.co.uk/cd-feirense_fc-alverca/index/spielbericht/4397208
,,,"Sun, 30/03/25",,,,,FC Paços de Ferreira,GD Chaves,Estádio Capital do Móvel,Attendance: 2.564,https://www.transfermarkt.co.uk/fc-pacos-de-ferreira_gd-chaves/index/spielbericht/4397205
,,,"Sat, 14/12/24",,,,,FC Alverca,GD Chaves,Complexo Desportivo FC Alverca,Attendance: 577,https://www.transfermarkt.co.uk/fc-alverca_gd-chaves/index/spielbericht/4397072
,,,"Sun, 16/03/25",,,,,FC Vizela,FC Paços de Ferreira,Estádio do Futebol Clube de Vizela,Attendance: 2.573,https://www.transfermarkt.co.uk/fc-vizela_fc-pacos-de-ferreira/index/spielbericht/4397187
,,,"Sun, 30/03/25",,,,,Leixões SC,UD Leiria,Estádio do Mar,Attendance: 1.188,https://www.transfermarkt.co.uk/leixoes-sc_ud-leiria/index/spielbericht/4397202
,,,"Sat, 08/03/25",,,,,FC Penafiel,FC Alverca,Estádio Municipal 25 de Abril,Attendance: 1.050,https://www.transfermarkt.co.uk/fc-penafiel_fc-alverca/index/spielbericht/4397180
,,,"Fri, 14/03/25",,,,,Portimonense SAD,CD Feirense,Estádio Municipal de Portimão,Attendance: 789,https://www.transfermarkt.co.uk/portimonense-sad_cd-feirense/index/spielbericht/4397190
,,,"Mon, 10/03/25",,,,,Leixões SC,CD Tondela,Estádio do Mar,Attendance: 734,https://www.transfermarkt.co.uk/leixoes-sc_cd-tondela/index/spielbericht/4397175
,,,"Sat, 05/04/25",,,,,GD Chaves,FC Vizela,Estádio Municipal Eng.º Manuel Branco Teixeira,Attendance: 3.163,https://www.transfermarkt.co.uk/gd-chaves_fc-vizela/index/spielbericht/4397220
,,,"Sun, 16/03/25",,,,,FC Porto B,Leixões SC,Estádio Luís Filipe Menezes,Attendance: 679,https://www.transfermarkt.co.uk/fc-porto-b_leixoes-sc/index/spielbericht/4397191
,,,"Sun, 06/04/25",,,,,FC Alverca,SL Benfica B,Complexo Desportivo FC Alverca,Attendance: 1.601,https://www.transfermarkt.co.uk/fc-alverca_sl-benfica-b/index/spielbericht/4397222
,,,"Sun, 30/03/25",,,,,SC União Torreense,FC Porto B,Estádio Manuel Marques,Attendance: 823,https://www.transfermarkt.co.uk/sc-uniao-torreense_fc-porto-b/index/spielbericht/4397209
,,,"Sat, 12/04/25",,,,,Leixões SC,Académico Viseu FC,Estádio do Mar,Attendance: 718,https://www.transfermarkt.co.uk/leixoes-sc_academico-viseu-fc/index/spielbericht/4397251
,,,"Sat, 05/04/25",,,,,FC Felgueiras 1932,FC Penafiel,Estádio Doutor Machado de Matos,Attendance: 1.320,https://www.transfermarkt.co.uk/fc-felgueiras-1932_fc-penafiel/index/spielbericht/4397219
,,,"Mon, 03/03/25",,,,,FC Paços de Ferreira,UD Oliveirense,Estádio Capital do Móvel,Attendance: 1.063,https://www.transfermarkt.co.uk/fc-pacos-de-ferreira_ud-oliveirense/index/spielbericht/4397141
,,,"Sun, 06/04/25",,,,,UD Leiria,SC União Torreense,Estádio Dr. Magalhães Pessoa,Attendance: 4.760,https://www.transfermarkt.co.uk/ud-leiria_sc-uniao-torreense/index/spielbericht/4397221
,,,"Sun, 06/04/25",,,,,FC Porto B,FC Paços de Ferreira,Estádio Luís Filipe Menezes,Attendance: 1.047,https://www.transfermarkt.co.uk/fc-porto-b_fc-pacos-de-ferreira/index/spielbericht/4397226
,,,"Sat, 18/01/25",,,,,Portimonense SAD,FC Felgueiras 1932,Estádio Municipal de Portimão,Attendance: 951,https://www.transfermarkt.co.uk/portimonense-sad_fc-felgueiras-1932/index/spielbericht/4397099
,,,"Sat, 12/04/25",,,,,GD Chaves,Portimonense SAD,Estádio Municipal Eng.º Manuel Branco Teixeira,Attendance: 1.362,https://www.transfermarkt.co.uk/gd-chaves_portimonense-sad/index/spielbericht/4397246
,,,"Sat, 12/04/25",,,,,FC Paços de Ferreira,CD Tondela,Estádio Capital do Móvel,Attendance: 1.725,https://www.transfermarkt.co.uk/fc-pacos-de-ferreira_cd-tondela/index/spielbericht/4397249
,,,"Fri, 11/04/25",,,,,CD Feirense,UD Leiria,Estádio Marcolino de Castro,Attendance: 1.389,https://www.transfermarkt.co.uk/cd-feirense_ud-leiria/index/spielbericht/4397254
,,,"Sat, 19/04/25",,,,,Académico Viseu FC,SC União Torreense,Estádio Municipal do Fontelo,Attendance: 648,https://www.transfermarkt.co.uk/academico-viseu-fc_sc-uniao-torreense/index/spielbericht/4397237
,,,"Sat, 19/04/25",,,,,FC Penafiel,CD Feirense,Estádio Municipal 25 de Abril,Attendance: 728,https://www.transfermarkt.co.uk/fc-penafiel_cd-feirense/index/spielbericht/4397244
,,,"Sun, 13/04/25",,,,,FC Vizela,FC Alverca,Estádio do Futebol Clube de Vizela,Attendance: 3.229,https://www.transfermarkt.co.uk/fc-vizela_fc-alverca/index/spielbericht/4397253
,,,"Fri, 18/04/25",,,,,UD Leiria,SL Benfica B,Estádio Dr. Magalhães Pessoa,Attendance: 2.021,https://www.transfermarkt.co.uk/ud-leiria_sl-benfica-b/index/spielbericht/4397240
,,,"Mon, 31/03/25",,,,,SL Benfica B,Académico Viseu FC,Benfica Campus,Attendance: 455,https://www.transfermarkt.co.uk/sl-benfica-b_academico-viseu-fc/index/spielbericht/4397206
,,,"Sun, 13/04/25",,,,,SC União Torreense,FC Felgueiras 1932,Estádio Manuel Marques,Attendance: 643,https://www.transfermarkt.co.uk/sc-uniao-torreense_fc-felgueiras-1932/index/spielbericht/4397252
,,,"Fri, 18/04/25",,,,,FC Felgueiras 1932,Leixões SC,Estádio Doutor Machado de Matos,Attendance: 1.003,https://www.transfermarkt.co.uk/fc-felgueiras-1932_leixoes-sc/index/spielbericht/4397239
,,,"Sat, 04/01/25",,,,,Portimonense SAD,FC Alverca,Estádio Municipal de Portimão,Attendance: 918,https://www.transfermarkt.co.uk/portimonense-sad_fc-alverca/index/spielbericht/4397078
,,,"Sat, 26/04/25",,,,,SC União Torreense,CS Marítimo,Estádio Manuel Marques,Attendance: 938,https://www.transfermarkt.co.uk/sc-uniao-torreense_cs-maritimo/index/spielbericht/4397236
,,,"Sat, 05/04/25",,,,,CS Marítimo,Leixões SC,Estádio do Marítimo,Attendance: 5.031,https://www.transfermarkt.co.uk/cs-maritimo_leixoes-sc/index/spielbericht/4397225
,,,"Sun, 06/04/25",,,,,Portimonense SAD,UD Oliveirense,Estádio Municipal de Portimão,Attendance: 589,https://www.transfermarkt.co.uk/portimonense-sad_ud-oliveirense/index/spielbericht/4397227
,,,"Sat, 26/04/25",,,,,FC Vizela,FC Felgueiras 1932,Estádio do Futebol Clube de Vizela,Attendance: 4.408,https://www.transfermarkt.co.uk/fc-vizela_fc-felgueiras-1932/index/spielbericht/4397234
,,,"Mon, 17/02/25",,,,,UD Leiria,Académico Viseu FC,Estádio Dr. Magalhães Pessoa,Attendance: 2.207,https://www.transfermarkt.co.uk/ud-leiria_academico-viseu-fc/index/spielbericht/4397152
,,,"Fri, 25/04/25",,,,,FC Paços de Ferreira,UD Leiria,Estádio Capital do Móvel,Attendance: 3.460,https://www.transfermarkt.co.uk/fc-pacos-de-ferreira_ud-leiria/index/spielbericht/4397232
,,,"Fri, 25/04/25",,,,,UD Oliveirense,Académico Viseu FC,Estádio Carlos Osório,Attendance: 926,https://www.transfermarkt.co.uk/ud-oliveirense_academico-viseu-fc/index/spielbericht/4397233
,,,"Sun, 13/04/25",,,,,UD Oliveirense,FC Porto B,Estádio Carlos Osório,Attendance: 1.182,https://www.transfermarkt.co.uk/ud-oliveirense_fc-porto-b/index/spielbericht/4397248
,,,"Sat, 15/02/25",,,,,CD Tondela,CD Mafra,Estádio João Cardoso,Attendance: 1.674,https://www.transfermarkt.co.uk/cd-tondela_cd-mafra/index/spielbericht/4397153
,,,"Sun, 13/04/25",,,,,SL Benfica B,CS Marítimo,Benfica Campus,Attendance: 530,https://www.transfermarkt.co.uk/sl-benfica-b_cs-maritimo/index/spielbericht/4397247
,,,"Sun, 20/04/25",,,,,CD Tondela,FC Vizela,Estádio João Cardoso,Attendance: 3.875,https://www.transfermarkt.co.uk/cd-tondela_fc-vizela/index/spielbericht/4397238
,,,"Sat, 19/04/25",,,,,FC Porto B,GD Chaves,Estádio Luís Filipe Menezes,Attendance: 902,https://www.transfermarkt.co.uk/fc-porto-b_gd-chaves/index/spielbericht/4397242
,,,"Fri, 18/04/25",,,,,Portimonense SAD,FC Paços de Ferreira,Estádio Municipal de Portimão,Attendance: 992,https://www.transfermarkt.co.uk/portimonense-sad_fc-pacos-de-ferreira/index/spielbericht/4397245
,,,"Sat, 03/05/25",,,,,Académico Viseu FC,Portimonense SAD,Estádio Municipal do Fontelo,Attendance: 521,https://www.transfermarkt.co.uk/academico-viseu-fc_portimonense-sad/index/spielbericht/4397156
,,,"Mon, 14/04/25",,,,,CD Mafra,FC Penafiel,Parque Desportivo e Municipal de Mafra,Attendance: 434,https://www.transfermarkt.co.uk/cd-mafra_fc-penafiel/index/spielbericht/4397250
,,,"Fri, 07/02/25",,,,,SL Benfica B,CD Feirense,Benfica Campus,Attendance: 252,https://www.transfermarkt.co.uk/sl-benfica-b_cd-feirense/index/spielbericht/4397131
,,,"Sun, 20/04/25",,,,,CS Marítimo,CD Mafra,Estádio do Marítimo,Attendance: 3.318,https://www.transfermarkt.co.uk/cs-maritimo_cd-mafra/index/spielbericht/4397243
,,,"Sat, 03/05/25",,,,,FC Porto B,FC Vizela,Estádio Luís Filipe Menezes,Attendance: 1.088,https://www.transfermarkt.co.uk/fc-porto-b_fc-vizela/index/spielbericht/4397163
,,,"Sun, 04/05/25",,,,,FC Felgueiras 1932,SL Benfica B,Estádio Doutor Machado de Matos,Attendance: 1.610,https://www.transfermarkt.co.uk/fc-felgueiras-1932_sl-benfica-b/index/spielbericht/4397158
,,,"Sun, 04/05/25",,,,,CD Mafra,Leixões SC,Parque Desportivo e Municipal de Mafra,Attendance: 272,https://www.transfermarkt.co.uk/cd-mafra_leixoes-sc/index/spielbericht/4397161
,,,"Sun, 11/05/25",,,,,FC Vizela,Académico Viseu FC,Estádio do Futebol Clube de Vizela,Attendance: 3.756,https://www.transfermarkt.co.uk/fc-vizela_academico-viseu-fc/index/spielbericht/4397262
,,,"Sun, 04/05/25",,,,,FC Alverca,FC Paços de Ferreira,Complexo Desportivo FC Alverca,Attendance: 1.372,https://www.transfermarkt.co.uk/fc-alverca_fc-pacos-de-ferreira/index/spielbericht/4397162
,,,"Sun, 27/04/25",,,,,CD Feirense,FC Porto B,Estádio Marcolino de Castro,Attendance: 2.760,https://www.transfermarkt.co.uk/cd-feirense_fc-porto-b/index/spielbericht/4397231
,,,"Mon, 05/05/25",,,,,FC Penafiel,SC União Torreense,Estádio Municipal 25 de Abril,Attendance: 607,https://www.transfermarkt.co.uk/fc-penafiel_sc-uniao-torreense/index/spielbericht/4397157
,,,"Thu, 01/05/25",,,,,UD Leiria,UD Oliveirense,Estádio Dr. Magalhães Pessoa,Attendance: 1.611,https://www.transfermarkt.co.uk/ud-leiria_ud-oliveirense/index/spielbericht/4397164
,,,"Sun, 11/05/25",,,,,CD Tondela,FC Alverca,Estádio João Cardoso,Attendance: 4.689,https://www.transfermarkt.co.uk/cd-tondela_fc-alverca/index/spielbericht/4397261
,,,"Sun, 02/02/25",,,,,UD Oliveirense,SC União Torreense,Estádio Carlos Osório,Attendance: 313,https://www.transfermarkt.co.uk/ud-oliveirense_sc-uniao-torreense/index/spielbericht/4397167
,,,"Sun, 27/04/25",,,,,Portimonense SAD,CD Tondela,Estádio Municipal de Portimão,Attendance: 1.059,https://www.transfermarkt.co.uk/portimonense-sad_cd-tondela/index/spielbericht/4397229
,,,"Thu, 15/05/25",,,,,FC Penafiel,GD Chaves,Estádio Municipal 25 de Abril,Attendance: 556,https://www.transfermarkt.co.uk/fc-penafiel_gd-chaves/index/spielbericht/4397216
,,,"Sat, 10/05/25",,,,,FC Paços de Ferreira,FC Felgueiras 1932,Estádio Capital do Móvel,Attendance: 2.078,https://www.transfermarkt.co.uk/fc-pacos-de-ferreira_fc-felgueiras-1932/index/spielbericht/4397263
,,,"Sat, 10/05/25",,,,,GD Chaves,UD Leiria,Estádio Municipal Eng.º Manuel Branco Teixeira,Attendance: 464,https://www.transfermarkt.co.uk/gd-chaves_ud-leiria/index/spielbericht/4397256
,,,"Sun, 11/05/25",,,,,Portimonense SAD,FC Porto B,Estádio Municipal de Portimão,Attendance: 1.206,https://www.transfermarkt.co.uk/portimonense-sad_fc-porto-b/index/spielbericht/4397260
,,,"Sun, 04/05/25",,,,,CD Tondela,GD Chaves,Estádio João Cardoso,Attendance: 3.875,https://www.transfermarkt.co.uk/cd-tondela_gd-chaves/index/spielbericht/4397159
,,,"Fri, 16/05/25",,,,,FC Alverca,Portimonense SAD,Complexo Desportivo FC Alverca,Attendance: 2.521,https://www.transfermarkt.co.uk/fc-alverca_portimonense-sad/index/spielbericht/4397213
,,,"Sat, 10/05/25",,,,,UD Oliveirense,CS Marítimo,Estádio Carlos Osório,Attendance: 754,https://www.transfermarkt.co.uk/ud-oliveirense_cs-maritimo/index/spielbericht/4397255
,,,"Wed, 14/05/25",,,,,Leixões SC,CD Feirense,Estádio do Mar,Attendance: 1.543,https://www.transfermarkt.co.uk/leixoes-sc_cd-feirense/index/spielbericht/4397217
,,,"Fri, 09/05/25",,,,,CD Feirense,CD Mafra,Estádio Marcolino de Castro,Attendance: 1.557,https://www.transfermarkt.co.uk/cd-feirense_cd-mafra/index/spielbericht/4397259
,,,"Sun, 11/05/25",,,,,SL Benfica B,FC Penafiel,Benfica Campus,Attendance: 704,https://www.transfermarkt.co.uk/sl-benfica-b_fc-penafiel/index/spielbericht/4397257
,,,"Sat, 01/03/25",,,,,CD Tondela,SC União Torreense,Estádio João Cardoso,Attendance: 1.738,https://www.transfermarkt.co.uk/cd-tondela_sc-uniao-torreense/index/spielbericht/4397140
,,,"Sat, 17/05/25",,,,,FC Porto B,SL Benfica B,Estádio Luís Filipe Menezes,Attendance: 698,https://www.transfermarkt.co.uk/fc-porto-b_sl-benfica-b/index/spielbericht/4397218
,,,"Sat, 17/05/25",,,,,FC Felgueiras 1932,UD Oliveirense,Estádio Doutor Machado de Matos,Attendance: 1.410,https://www.transfermarkt.co.uk/fc-felgueiras-1932_ud-oliveirense/index/spielbericht/4397211
,,,"Sat, 20/07/24",,,,,Yverdon Sport FC,FC Zürich,Stade Municipal,Attendance: 2.900,https://www.transfermarkt.co.uk/yverdon-sport-fc_fc-zurich/index/spielbericht/4361915
,,,"Sun, 21/07/24",,,,,BSC Young Boys,FC Sion,Stadion Wankdorf,Attendance: 28.366,https://www.transfermarkt.co.uk/bsc-young-boys_fc-sion/index/spielbericht/4361917
,,,"Sun, 28/07/24",,,,,FC St. Gallen 1879,BSC Young Boys,kybunpark,Attendance: 18.720,https://www.transfermarkt.co.uk/fc-st-gallen-1879_bsc-young-boys/index/spielbericht/4361924
,,,"Sun, 21/07/24",,,,,FC Luzern,Servette FC,swissporarena,Attendance: 10.254,https://www.transfermarkt.co.uk/fc-luzern_servette-fc/index/spielbericht/4361919
,,,"Sat, 03/08/24",,,,,Grasshopper Club Zurich,FC Basel 1893,Stadion Letzigrund,Attendance: 9.099,https://www.transfermarkt.co.uk/grasshopper-club-zurich_fc-basel-1893/index/spielbericht/4362915
,,,"Sat, 20/07/24",,,,,FC Lugano,Grasshopper Club Zurich,Stadio di Cornaredo,Attendance: 3.316,https://www.transfermarkt.co.uk/fc-lugano_grasshopper-club-zurich/index/spielbericht/4361914
,,,"Sun, 28/07/24",,,,,Servette FC,Yverdon Sport FC,Stade de Genève,Attendance: 5.436,https://www.transfermarkt.co.uk/servette-fc_yverdon-sport-fc/index/spielbericht/4361923
,,,"Fri, 16/05/25",,,,,CS Marítimo,FC Vizela,Estádio do Marítimo,Attendance: 6.102,https://www.transfermarkt.co.uk/cs-maritimo_fc-vizela/index/spielbericht/4397212
,,,"Sun, 23/02/25",,,,,Académico Viseu FC,CD Tondela,Estádio Municipal do Fontelo,Attendance: 5.145,https://www.transfermarkt.co.uk/academico-viseu-fc_cd-tondela/index/spielbericht/4397197
,,,"Sun, 16/03/25",,,,,FC Südtirol,Carrarese Calcio 1908,Druso,Attendance: 4.331,https://www.transfermarkt.co.uk/fc-sudtirol_carrarese-calcio-1908/index/spielbericht/4386187
,,,"Sun, 28/07/24",,,,,FC Zürich,FC Winterthur,Stadion Letzigrund,Attendance: 15.242,https://www.transfermarkt.co.uk/fc-zurich_fc-winterthur/index/spielbericht/4361925
,,,"Thu, 15/05/25",,,,,CD Mafra,SC União Torreense,Parque Desportivo e Municipal de Mafra,Attendance: 535,https://www.transfermarkt.co.uk/cd-mafra_sc-uniao-torreense/index/spielbericht/4397210
,,,"Fri, 16/05/25",,,,,UD Leiria,CD Tondela,Estádio Dr. Magalhães Pessoa,Attendance: 5.127,https://www.transfermarkt.co.uk/ud-leiria_cd-tondela/index/spielbericht/4397214
,,,"Sat, 20/07/24",,,,,FC Winterthur,FC St. Gallen 1879,Schützenwiese,Attendance: 8.700,https://www.transfermarkt.co.uk/fc-winterthur_fc-st-gallen-1879/index/spielbericht/4361916
,,,"Sat, 10/08/24",,,,,Yverdon Sport FC,BSC Young Boys,Stade Municipal,Attendance: 3.200,https://www.transfermarkt.co.uk/yverdon-sport-fc_bsc-young-boys/index/spielbericht/4362923
,,,"Sat, 10/08/24",,,,,FC Sion,FC Winterthur,Tourbillon,Attendance: 9.500,https://www.transfermarkt.co.uk/fc-sion_fc-winterthur/index/spielbericht/4362922
,,,"Sat, 27/07/24",,,,,Grasshopper Club Zurich,FC Luzern,Stadion Letzigrund,Attendance: 5.510,https://www.transfermarkt.co.uk/grasshopper-club-zurich_fc-luzern/index/spielbericht/4361920
,,,"Sat, 27/07/24",,,,,FC Basel 1893,FC Lugano,St. Jakob-Park,Attendance: 19.866,https://www.transfermarkt.co.uk/fc-basel-1893_fc-lugano/index/spielbericht/4361922
,,,"Mon, 31/03/25",,,,,CD Mafra,FC Felgueiras 1932,Parque Desportivo e Municipal de Mafra,Attendance: 324,https://www.transfermarkt.co.uk/cd-mafra_fc-felgueiras-1932/index/spielbericht/4397207
,,,"Sat, 03/08/24",,,,,FC Luzern,FC Sion,swissporarena,Attendance: 10.430,https://www.transfermarkt.co.uk/fc-luzern_fc-sion/index/spielbericht/4362917
,,,"Sun, 11/08/24",,,,,FC Lugano,FC Luzern,Stadio di Cornaredo,Attendance: 3.341,https://www.transfermarkt.co.uk/fc-lugano_fc-luzern/index/spielbericht/4362921
,,,"Sat, 24/08/24",,,,,Grasshopper Club Zurich,FC Sion,Stadion Letzigrund,Attendance: 4.652,https://www.transfermarkt.co.uk/grasshopper-club-zurich_fc-sion/index/spielbericht/4362930
,,,"Sun, 11/08/24",,,,,Servette FC,FC Basel 1893,Stade de Genève,Attendance: 8.327,https://www.transfermarkt.co.uk/servette-fc_fc-basel-1893/index/spielbericht/4362925
,,,"Sun, 04/08/24",,,,,FC Lausanne-Sport,FC St. Gallen 1879,Stade de la Tuilière,Attendance: 6.024,https://www.transfermarkt.co.uk/fc-lausanne-sport_fc-st-gallen-1879/index/spielbericht/4362918
,,,"Sun, 25/08/24",,,,,FC Basel 1893,Yverdon Sport FC,St. Jakob-Park,Attendance: 30.013,https://www.transfermarkt.co.uk/fc-basel-1893_yverdon-sport-fc/index/spielbericht/4362931
,,,"Tue, 24/09/24",,,,,FC St. Gallen 1879,FC Zürich,kybunpark,Attendance: 18.893,https://www.transfermarkt.co.uk/fc-st-gallen-1879_fc-zurich/index/spielbericht/4362932
,,,"Sun, 11/08/24",,,,,FC Zürich,FC Lausanne-Sport,Stadion Letzigrund,Attendance: 10.241,https://www.transfermarkt.co.uk/fc-zurich_fc-lausanne-sport/index/spielbericht/4362926
,,,"Sun, 06/04/25",,,,,Académico Viseu FC,CD Mafra,Estádio Municipal do Fontelo,Attendance: 1.008,https://www.transfermarkt.co.uk/academico-viseu-fc_cd-mafra/index/spielbericht/4397223
,,,"Sun, 04/05/25",,,,,CS Marítimo,CD Feirense,Estádio do Marítimo,Attendance: 3.265,https://www.transfermarkt.co.uk/cs-maritimo_cd-feirense/index/spielbericht/4397160
,,,"Sun, 01/09/24",,,,,FC Winterthur,Servette FC,Schützenwiese,Attendance: 8.100,https://www.transfermarkt.co.uk/fc-winterthur_servette-fc/index/spielbericht/4362936
,,,"Sat, 31/08/24",,,,,BSC Young Boys,FC Lausanne-Sport,Stadion Wankdorf,Attendance: 28.079,https://www.transfermarkt.co.uk/bsc-young-boys_fc-lausanne-sport/index/spielbericht/4362935
,,,"Sat, 31/08/24",,,,,Yverdon Sport FC,Grasshopper Club Zurich,Stade Municipal,Attendance: 2.250,https://www.transfermarkt.co.uk/yverdon-sport-fc_grasshopper-club-zurich/index/spielbericht/4362934
,,,"Sun, 01/09/24",,,,,FC Lugano,FC St. Gallen 1879,Stadio di Cornaredo,Attendance: 3.606,https://www.transfermarkt.co.uk/fc-lugano_fc-st-gallen-1879/index/spielbericht/4362937
,,,"Sat, 03/08/24",,,,,FC Lugano,Servette FC,Stadio di Cornaredo,Attendance: 3.334,https://www.transfermarkt.co.uk/fc-lugano_servette-fc/index/spielbericht/4362916
,,,"Sun, 01/09/24",,,,,FC Zürich,FC Luzern,Stadion Letzigrund,Attendance: 16.191,https://www.transfermarkt.co.uk/fc-zurich_fc-luzern/index/spielbericht/4362938
,,,"Sun, 04/08/24",,,,,FC Winterthur,Yverdon Sport FC,Schützenwiese,Attendance: 7.125,https://www.transfermarkt.co.uk/fc-winterthur_yverdon-sport-fc/index/spielbericht/4362919
,,,"Sat, 21/09/24",,,,,Grasshopper Club Zurich,Servette FC,Stadion Letzigrund,Attendance: 4.371,https://www.transfermarkt.co.uk/grasshopper-club-zurich_servette-fc/index/spielbericht/4362939
,,,"Sun, 22/09/24",,,,,FC Lausanne-Sport,Yverdon Sport FC,Stade de la Tuilière,Attendance: 8.765,https://www.transfermarkt.co.uk/fc-lausanne-sport_yverdon-sport-fc/index/spielbericht/4362942
,,,"Sat, 24/08/24",,,,,FC Luzern,FC Winterthur,swissporarena,Attendance: 10.365,https://www.transfermarkt.co.uk/fc-luzern_fc-winterthur/index/spielbericht/4362929
,,,"Sat, 31/08/24",,,,,FC Sion,FC Basel 1893,Tourbillon,Attendance: 13.200,https://www.transfermarkt.co.uk/fc-sion_fc-basel-1893/index/spielbericht/4362933
,,,"Sat, 29/03/25",,,,,FC Vizela,Portimonense SAD,Estádio do Futebol Clube de Vizela,Attendance: 2.241,https://www.transfermarkt.co.uk/fc-vizela_portimonense-sad/index/spielbericht/4397201
,,,"Sun, 22/09/24",,,,,FC Winterthur,BSC Young Boys,Schützenwiese,Attendance: 8.700,https://www.transfermarkt.co.uk/fc-winterthur_bsc-young-boys/index/spielbericht/4362944
,,,"Wed, 24/07/24",,,,,Servette FC,BSC Young Boys,Stade de Genève,Attendance: 8.727,https://www.transfermarkt.co.uk/servette-fc_bsc-young-boys/index/spielbericht/4362927
,,,"Sat, 05/10/24",,,,,FC Luzern,FC Lausanne-Sport,swissporarena,Attendance: 10.665,https://www.transfermarkt.co.uk/fc-luzern_fc-lausanne-sport/index/spielbericht/4362951
,,,"Sat, 28/09/24",,,,,Yverdon Sport FC,FC St. Gallen 1879,Stade Municipal,Attendance: 2.650,https://www.transfermarkt.co.uk/yverdon-sport-fc_fc-st-gallen-1879/index/spielbericht/4362945
,,,"Sat, 05/10/24",,,,,FC Sion,Yverdon Sport FC,Tourbillon,Attendance: 8.200,https://www.transfermarkt.co.uk/fc-sion_yverdon-sport-fc/index/spielbericht/4362952
,,,"Sun, 06/10/24",,,,,FC Basel 1893,BSC Young Boys,St. Jakob-Park,Attendance: 28.463,https://www.transfermarkt.co.uk/fc-basel-1893_bsc-young-boys/index/spielbericht/4362955
,,,"Sun, 11/08/24",,,,,FC St. Gallen 1879,Grasshopper Club Zurich,kybunpark,Attendance: 18.810,https://www.transfermarkt.co.uk/fc-st-gallen-1879_grasshopper-club-zurich/index/spielbericht/4362924
,,,"Sat, 19/10/24",,,,,Grasshopper Club Zurich,FC Zürich,Stadion Letzigrund,Attendance: 19.223,https://www.transfermarkt.co.uk/grasshopper-club-zurich_fc-zurich/index/spielbericht/4362958
,,,"Sun, 29/09/24",,,,,FC Lugano,FC Winterthur,Stadio di Cornaredo,Attendance: 3.081,https://www.transfermarkt.co.uk/fc-lugano_fc-winterthur/index/spielbericht/4362947
,,,"Sat, 21/09/24",,,,,FC St. Gallen 1879,FC Luzern,kybunpark,Attendance: 19.574,https://www.transfermarkt.co.uk/fc-st-gallen-1879_fc-luzern/index/spielbericht/4362940
,,,"Sat, 19/10/24",,,,,Servette FC,FC Sion,Stade de Genève,Attendance: 12.987,https://www.transfermarkt.co.uk/servette-fc_fc-sion/index/spielbericht/4362960
,,,"Sat, 28/09/24",,,,,Servette FC,FC Lausanne-Sport,Stade de Genève,Attendance: 12.185,https://www.transfermarkt.co.uk/servette-fc_fc-lausanne-sport/index/spielbericht/4362948
,,,"Sun, 20/10/24",,,,,FC Basel 1893,FC St. Gallen 1879,St. Jakob-Park,Attendance: 27.009,https://www.transfermarkt.co.uk/fc-basel-1893_fc-st-gallen-1879/index/spielbericht/4362961
,,,"Sat, 05/10/24",,,,,FC Winterthur,Grasshopper Club Zurich,Schützenwiese,Attendance: 8.700,https://www.transfermarkt.co.uk/fc-winterthur_grasshopper-club-zurich/index/spielbericht/4362953
,,,"Sat, 21/09/24",,,,,FC Basel 1893,FC Zürich,St. Jakob-Park,Attendance: 36.000,https://www.transfermarkt.co.uk/fc-basel-1893_fc-zurich/index/spielbericht/4362941
,,,"Sat, 26/10/24",,,,,FC Luzern,Yverdon Sport FC,swissporarena,Attendance: 8.513,https://www.transfermarkt.co.uk/fc-luzern_yverdon-sport-fc/index/spielbericht/4362970
,,,"Sat, 26/10/24",,,,,FC Winterthur,FC Basel 1893,Schützenwiese,Attendance: 8.700,https://www.transfermarkt.co.uk/fc-winterthur_fc-basel-1893/index/spielbericht/4362969
,,,"Sun, 20/10/24",,,,,Yverdon Sport FC,FC Lugano,Stade Municipal,Attendance: 2.100,https://www.transfermarkt.co.uk/yverdon-sport-fc_fc-lugano/index/spielbericht/4362963
,,,"Sat, 28/09/24",,,,,BSC Young Boys,Grasshopper Club Zurich,Stadion Wankdorf,Attendance: 26.203,https://www.transfermarkt.co.uk/bsc-young-boys_grasshopper-club-zurich/index/spielbericht/4362949
,,,"Tue, 29/04/25",,,,,GD Chaves,FC Alverca,Estádio Municipal Eng.º Manuel Branco Teixeira,Attendance: 2.183,https://www.transfermarkt.co.uk/gd-chaves_fc-alverca/index/spielbericht/4397235
,,,"Sun, 27/10/24",,,,,FC Sion,FC St. Gallen 1879,Tourbillon,Attendance: 10.000,https://www.transfermarkt.co.uk/fc-sion_fc-st-gallen-1879/index/spielbericht/4362971
,,,"Sun, 20/10/24",,,,,FC Lausanne-Sport,FC Winterthur,Stade de la Tuilière,Attendance: 5.143,https://www.transfermarkt.co.uk/fc-lausanne-sport_fc-winterthur/index/spielbericht/4362962
,,,"Sat, 26/10/24",,,,,FC Lausanne-Sport,Grasshopper Club Zurich,Stade de la Tuilière,Attendance: 4.447,https://www.transfermarkt.co.uk/fc-lausanne-sport_grasshopper-club-zurich/index/spielbericht/4362968
,,,"Sun, 27/10/24",,,,,FC Lugano,BSC Young Boys,Stadio di Cornaredo,Attendance: 4.896,https://www.transfermarkt.co.uk/fc-lugano_bsc-young-boys/index/spielbericht/4362972
,,,"Sun, 06/10/24",,,,,FC St. Gallen 1879,Servette FC,kybunpark,Attendance: 18.380,https://www.transfermarkt.co.uk/fc-st-gallen-1879_servette-fc/index/spielbericht/4362956
,,,"Sun, 27/10/24",,,,,FC Zürich,Servette FC,Stadion Letzigrund,Attendance: 16.239,https://www.transfermarkt.co.uk/fc-zurich_servette-fc/index/spielbericht/4362973
,,,"Wed, 30/04/25",,,,,SL Benfica B,CD Mafra,Benfica Campus,Attendance: 418,https://www.transfermarkt.co.uk/sl-benfica-b_cd-mafra/index/spielbericht/4397230
,,,"Wed, 30/10/24",,,,,BSC Young Boys,FC Basel 1893,Stadion Wankdorf,Attendance: 30.024,https://www.transfermarkt.co.uk/bsc-young-boys_fc-basel-1893/index/spielbericht/4362984
,,,"Sun, 03/11/24",,,,,FC Lausanne-Sport,Servette FC,Stade de la Tuilière,Attendance: 11.274,https://www.transfermarkt.co.uk/fc-lausanne-sport_servette-fc/index/spielbericht/4362989
,,,"Sun, 03/11/24",,,,,FC Luzern,Grasshopper Club Zurich,swissporarena,Attendance: 11.779,https://www.transfermarkt.co.uk/fc-luzern_grasshopper-club-zurich/index/spielbericht/4362991
,,,"Sun, 09/03/25",,,,,UD Oliveirense,FC Vizela,Estádio Carlos Osório,Attendance: 1.031,https://www.transfermarkt.co.uk/ud-oliveirense_fc-vizela/index/spielbericht/4397177
,,,"Sat, 02/11/24",,,,,FC Zürich,BSC Young Boys,Stadion Letzigrund,Attendance: 16.014,https://www.transfermarkt.co.uk/fc-zurich_bsc-young-boys/index/spielbericht/4362993
,,,"Sun, 04/08/24",,,,,BSC Young Boys,FC Zürich,Stadion Wankdorf,Attendance: 30.630,https://www.transfermarkt.co.uk/bsc-young-boys_fc-zurich/index/spielbericht/4362920
,,,"Sun, 10/11/24",,,,,Grasshopper Club Zurich,FC St. Gallen 1879,Stadion Letzigrund,Attendance: 5.819,https://www.transfermarkt.co.uk/grasshopper-club-zurich_fc-st-gallen-1879/index/spielbericht/4362994
,,,"Sun, 10/11/24",,,,,BSC Young Boys,FC Lugano,Stadion Wankdorf,Attendance: 27.972,https://www.transfermarkt.co.uk/bsc-young-boys_fc-lugano/index/spielbericht/4362998
,,,"Sun, 10/11/24",,,,,FC Sion,FC Luzern,Tourbillon,Attendance: 10.000,https://www.transfermarkt.co.uk/fc-sion_fc-luzern/index/spielbericht/4362996
,,,"Wed, 30/10/24",,,,,FC St. Gallen 1879,FC Winterthur,kybunpark,Attendance: 15.781,https://www.transfermarkt.co.uk/fc-st-gallen-1879_fc-winterthur/index/spielbericht/4362983
,,,"Sat, 02/11/24",,,,,FC Basel 1893,FC Winterthur,St. Jakob-Park,Attendance: 22.670,https://www.transfermarkt.co.uk/fc-basel-1893_fc-winterthur/index/spielbericht/4362988
,,,"Wed, 30/10/24",,,,,FC Sion,FC Zürich,Tourbillon,Attendance: 8.800,https://www.transfermarkt.co.uk/fc-sion_fc-zurich/index/spielbericht/4362982
,,,"Sun, 22/09/24",,,,,FC Sion,FC Lugano,Tourbillon,Attendance: 9.300,https://www.transfermarkt.co.uk/fc-sion_fc-lugano/index/spielbericht/4362943
,,,"Sat, 23/11/24",,,,,FC Luzern,BSC Young Boys,swissporarena,Attendance: 12.416,https://www.transfermarkt.co.uk/fc-luzern_bsc-young-boys/index/spielbericht/4363004
,,,"Sun, 29/09/24",,,,,FC Luzern,FC Basel 1893,swissporarena,Attendance: 15.680,https://www.transfermarkt.co.uk/fc-luzern_fc-basel-1893/index/spielbericht/4362946
,,,"Sat, 02/11/24",,,,,FC St. Gallen 1879,FC Sion,kybunpark,Attendance: 17.160,https://www.transfermarkt.co.uk/fc-st-gallen-1879_fc-sion/index/spielbericht/4362992
,,,"Sun, 06/10/24",,,,,FC Zürich,FC Lugano,Stadion Letzigrund,Attendance: 14.393,https://www.transfermarkt.co.uk/fc-zurich_fc-lugano/index/spielbericht/4362954
,,,"Thu, 31/10/24",,,,,Servette FC,FC Luzern,Stade de Genève,Attendance: 9.531,https://www.transfermarkt.co.uk/servette-fc_fc-luzern/index/spielbericht/4362981
,,,"Sun, 24/11/24",,,,,FC Basel 1893,Servette FC,St. Jakob-Park,Attendance: 26.247,https://www.transfermarkt.co.uk/fc-basel-1893_servette-fc/index/spielbericht/4363000
,,,"Sat, 09/11/24",,,,,FC Winterthur,FC Lausanne-Sport,Schützenwiese,Attendance: 7.302,https://www.transfermarkt.co.uk/fc-winterthur_fc-lausanne-sport/index/spielbericht/4362997
,,,"Sun, 24/11/24",,,,,FC Lugano,FC Zürich,Stadio di Cornaredo,Attendance: 4.645,https://www.transfermarkt.co.uk/fc-lugano_fc-zurich/index/spielbericht/4363003
,,,"Sat, 23/11/24",,,,,FC Lausanne-Sport,FC Sion,Stade de la Tuilière,Attendance: 8.657,https://www.transfermarkt.co.uk/fc-lausanne-sport_fc-sion/index/spielbericht/4363002
,,,"Sat, 30/11/24",,,,,FC Basel 1893,FC Lausanne-Sport,St. Jakob-Park,Attendance: 22.204,https://www.transfermarkt.co.uk/fc-basel-1893_fc-lausanne-sport/index/spielbericht/4363007
,,,"Sun, 01/12/24",,,,,FC Winterthur,FC Sion,Schützenwiese,Attendance: 7.200,https://www.transfermarkt.co.uk/fc-winterthur_fc-sion/index/spielbericht/4363009
,,,"Sat, 09/11/24",,,,,Servette FC,FC Zürich,Stade de Genève,Attendance: 11.348,https://www.transfermarkt.co.uk/servette-fc_fc-zurich/index/spielbericht/4362995
,,,"Sat, 23/11/24",,,,,Grasshopper Club Zurich,FC Winterthur,Stadion Letzigrund,Attendance: 4.409,https://www.transfermarkt.co.uk/grasshopper-club-zurich_fc-winterthur/index/spielbericht/4363001
,,,"Sat, 14/12/24",,,,,FC Winterthur,FC Luzern,Schützenwiese,Attendance: 7.700,https://www.transfermarkt.co.uk/fc-winterthur_fc-luzern/index/spielbericht/4363022
,,,"Sun, 24/11/24",,,,,FC St. Gallen 1879,Yverdon Sport FC,kybunpark,Attendance: 16.510,https://www.transfermarkt.co.uk/fc-st-gallen-1879_yverdon-sport-fc/index/spielbericht/4363005
,,,"Sun, 08/12/24",,,,,FC Lausanne-Sport,FC Zürich,Stade de la Tuilière,Attendance: 7.038,https://www.transfermarkt.co.uk/fc-lausanne-sport_fc-zurich/index/spielbericht/4363015
,,,"Thu, 31/10/24",,,,,Grasshopper Club Zurich,FC Lugano,Stadion Letzigrund,Attendance: 3.641,https://www.transfermarkt.co.uk/grasshopper-club-zurich_fc-lugano/index/spielbericht/4362980
,,,"Sun, 03/11/24",,,,,FC Lugano,Yverdon Sport FC,Stadio di Cornaredo,Attendance: 2.961,https://www.transfermarkt.co.uk/fc-lugano_yverdon-sport-fc/index/spielbericht/4362990
,,,"Sat, 18/01/25",,,,,Servette FC,FC St. Gallen 1879,Stade de Genève,Attendance: 8.527,https://www.transfermarkt.co.uk/servette-fc_fc-st-gallen-1879/index/spielbericht/4363028
,,,"Sat, 07/12/24",,,,,Grasshopper Club Zurich,Yverdon Sport FC,Stadion Letzigrund,Attendance: 2.323,https://www.transfermarkt.co.uk/grasshopper-club-zurich_yverdon-sport-fc/index/spielbericht/4363014
,,,"Sat, 18/01/25",,,,,FC Sion,Grasshopper Club Zurich,Tourbillon,Attendance: 8.200,https://www.transfermarkt.co.uk/fc-sion_grasshopper-club-zurich/index/spielbericht/4363029
,,,"Sun, 01/12/24",,,,,Servette FC,FC Lugano,Stade de Genève,Attendance: 9.242,https://www.transfermarkt.co.uk/servette-fc_fc-lugano/index/spielbericht/4363008
,,,"Sat, 09/11/24",,,,,Yverdon Sport FC,FC Basel 1893,Stade Municipal,Attendance: 4.250,https://www.transfermarkt.co.uk/yverdon-sport-fc_fc-basel-1893/index/spielbericht/4362999
,,,"Sun, 19/01/25",,,,,FC Lausanne-Sport,FC Luzern,Stade de la Tuilière,Attendance: 7.743,https://www.transfermarkt.co.uk/fc-lausanne-sport_fc-luzern/index/spielbericht/4363026
,,,"Sun, 27/04/25",,,,,Leixões SC,FC Penafiel,Estádio do Mar,Attendance: 1.324,https://www.transfermarkt.co.uk/leixoes-sc_fc-penafiel/index/spielbericht/4397228
,,,"Sun, 01/12/24",,,,,BSC Young Boys,FC St. Gallen 1879,Stadion Wankdorf,Attendance: 29.124,https://www.transfermarkt.co.uk/bsc-young-boys_fc-st-gallen-1879/index/spielbericht/4363010
,,,"Sun, 08/12/24",,,,,FC St. Gallen 1879,FC Basel 1893,kybunpark,Attendance: 19.700,https://www.transfermarkt.co.uk/fc-st-gallen-1879_fc-basel-1893/index/spielbericht/4363019
,,,"Sat, 25/01/25",,,,,Grasshopper Club Zurich,BSC Young Boys,Stadion Letzigrund,Attendance: 5.135,https://www.transfermarkt.co.uk/grasshopper-club-zurich_bsc-young-boys/index/spielbericht/4363033
,,,"Sat, 25/01/25",,,,,Yverdon Sport FC,Servette FC,Stade Municipal,Attendance: 3.070,https://www.transfermarkt.co.uk/yverdon-sport-fc_servette-fc/index/spielbericht/4363037
,,,"Sun, 26/01/25",,,,,FC Basel 1893,FC Sion,St. Jakob-Park,Attendance: 22.301,https://www.transfermarkt.co.uk/fc-basel-1893_fc-sion/index/spielbericht/4363032
,,,"Wed, 18/09/24",,,,,FC Lausanne-Sport,FC Lugano,Stade de la Tuilière,Attendance: 3.462,https://www.transfermarkt.co.uk/fc-lausanne-sport_fc-lugano/index/spielbericht/4362928
,,,"Sat, 01/02/25",,,,,Servette FC,Grasshopper Club Zurich,Stade de Genève,Attendance: 7.628,https://www.transfermarkt.co.uk/servette-fc_grasshopper-club-zurich/index/spielbericht/4363041
,,,"Sun, 08/12/24",,,,,Servette FC,FC Winterthur,Stade de Genève,Attendance: 7.085,https://www.transfermarkt.co.uk/servette-fc_fc-winterthur/index/spielbericht/4363017
,,,"Sun, 26/01/25",,,,,FC Luzern,FC Zürich,swissporarena,Attendance: 14.030,https://www.transfermarkt.co.uk/fc-luzern_fc-zurich/index/spielbericht/4363034
,,,"Sat, 14/12/24",,,,,FC Basel 1893,Grasshopper Club Zurich,St. Jakob-Park,Attendance: 23.486,https://www.transfermarkt.co.uk/fc-basel-1893_grasshopper-club-zurich/index/spielbericht/4363020
,,,"Sun, 11/05/25",,,,,SC União Torreense,Leixões SC,Estádio Manuel Marques,Attendance: 646,https://www.transfermarkt.co.uk/sc-uniao-torreense_leixoes-sc/index/spielbericht/4397258
,,,"Sat, 30/11/24",,,,,FC Zürich,Grasshopper Club Zurich,Stadion Letzigrund,Attendance: 18.537,https://www.transfermarkt.co.uk/fc-zurich_grasshopper-club-zurich/index/spielbericht/4363012
,,,"Sat, 07/12/24",,,,,FC Luzern,FC Lugano,swissporarena,Attendance: 9.444,https://www.transfermarkt.co.uk/fc-luzern_fc-lugano/index/spielbericht/4363016
,,,"Sun, 29/09/24",,,,,FC Zürich,FC Sion,Stadion Letzigrund,Attendance: 13.732,https://www.transfermarkt.co.uk/fc-zurich_fc-sion/index/spielbericht/4362950
,,,"Sun, 19/01/25",,,,,FC Zürich,Yverdon Sport FC,Stadion Letzigrund,Attendance: 11.877,https://www.transfermarkt.co.uk/fc-zurich_yverdon-sport-fc/index/spielbericht/4363031
,,,"Sun, 26/01/25",,,,,FC St. Gallen 1879,FC Lausanne-Sport,kybunpark,Attendance: 16.544,https://www.transfermarkt.co.uk/fc-st-gallen-1879_fc-lausanne-sport/index/spielbericht/4363035
,,,"Sat, 07/12/24",,,,,FC Sion,BSC Young Boys,Tourbillon,Attendance: 10.300,https://www.transfermarkt.co.uk/fc-sion_bsc-young-boys/index/spielbericht/4363018
,,,"Sun, 15/12/24",,,,,FC Zürich,FC St. Gallen 1879,Stadion Letzigrund,Attendance: 15.198,https://www.transfermarkt.co.uk/fc-zurich_fc-st-gallen-1879/index/spielbericht/4363025
,,,"Sat, 01/02/25",,,,,FC Lausanne-Sport,BSC Young Boys,Stade de la Tuilière,Attendance: 6.648,https://www.transfermarkt.co.uk/fc-lausanne-sport_bsc-young-boys/index/spielbericht/4363038
,,,"Sat, 14/12/24",,,,,Yverdon Sport FC,FC Sion,Stade Municipal,Attendance: 2.600,https://www.transfermarkt.co.uk/yverdon-sport-fc_fc-sion/index/spielbericht/4363024
,,,"Sat, 08/02/25",,,,,BSC Young Boys,FC Sion,Stadion Wankdorf,Attendance: 26.565,https://www.transfermarkt.co.uk/bsc-young-boys_fc-sion/index/spielbericht/4514295
,,,"Thu, 06/02/25",,,,,FC Winterthur,FC Zürich,Schützenwiese,Attendance: 8.700,https://www.transfermarkt.co.uk/fc-winterthur_fc-zurich/index/spielbericht/4408999
,,,"Sun, 02/02/25",,,,,Yverdon Sport FC,FC Winterthur,Stade Municipal,Attendance: 2.540,https://www.transfermarkt.co.uk/yverdon-sport-fc_fc-winterthur/index/spielbericht/4363042
,,,"Sun, 09/02/25",,,,,Servette FC,FC Basel 1893,Stade de Genève,Attendance: 10.021,https://www.transfermarkt.co.uk/servette-fc_fc-basel-1893/index/spielbericht/4514296
,,,"Sun, 02/02/25",,,,,FC Zürich,FC Basel 1893,Stadion Letzigrund,Attendance: 21.690,https://www.transfermarkt.co.uk/fc-zurich_fc-basel-1893/index/spielbericht/4363043
,,,"Sun, 15/12/24",,,,,FC Lugano,FC Lausanne-Sport,Stadio di Cornaredo,Attendance: 3.592,https://www.transfermarkt.co.uk/fc-lugano_fc-lausanne-sport/index/spielbericht/4363021
,,,"Sun, 19/01/25",,,,,FC Lugano,FC Basel 1893,Stadio di Cornaredo,Attendance: 4.888,https://www.transfermarkt.co.uk/fc-lugano_fc-basel-1893/index/spielbericht/4363027
,,,"Wed, 05/02/25",,,,,BSC Young Boys,Yverdon Sport FC,Stadion Wankdorf,Attendance: 24.488,https://www.transfermarkt.co.uk/bsc-young-boys_yverdon-sport-fc/index/spielbericht/4409000
,,,"Tue, 04/02/25",,,,,FC Sion,Servette FC,Tourbillon,Attendance: 10.000,https://www.transfermarkt.co.uk/fc-sion_servette-fc/index/spielbericht/4408997
,,,"Sun, 09/02/25",,,,,FC Zürich,FC St. Gallen 1879,Stadion Letzigrund,Attendance: 12.375,https://www.transfermarkt.co.uk/fc-zurich_fc-st-gallen-1879/index/spielbericht/4514298
,,,"Tue, 04/02/25",,,,,Grasshopper Club Zurich,FC Lausanne-Sport,Stadion Letzigrund,Attendance: 2.589,https://www.transfermarkt.co.uk/grasshopper-club-zurich_fc-lausanne-sport/index/spielbericht/4408996
,,,"Sat, 15/02/25",,,,,FC Winterthur,BSC Young Boys,Schützenwiese,Attendance: 7.100,https://www.transfermarkt.co.uk/fc-winterthur_bsc-young-boys/index/spielbericht/4514301
,,,"Sun, 02/02/25",,,,,FC Luzern,FC St. Gallen 1879,swissporarena,Attendance: 14.360,https://www.transfermarkt.co.uk/fc-luzern_fc-st-gallen-1879/index/spielbericht/4363040
,,,"Sun, 16/02/25",,,,,FC Basel 1893,FC Lausanne-Sport,St. Jakob-Park,Attendance: 22.754,https://www.transfermarkt.co.uk/fc-basel-1893_fc-lausanne-sport/index/spielbericht/4514303
,,,"Sun, 16/02/25",,,,,Grasshopper Club Zurich,Servette FC,Stadion Letzigrund,Attendance: 3.653,https://www.transfermarkt.co.uk/grasshopper-club-zurich_servette-fc/index/spielbericht/4514304
,,,"Sat, 22/02/25",,,,,FC Zürich,Yverdon Sport FC,Stadion Letzigrund,Attendance: 11.540,https://www.transfermarkt.co.uk/fc-zurich_yverdon-sport-fc/index/spielbericht/4514306
,,,"Sat, 22/02/25",,,,,FC St. Gallen 1879,FC Basel 1893,kybunpark,Attendance: 19.335,https://www.transfermarkt.co.uk/fc-st-gallen-1879_fc-basel-1893/index/spielbericht/4514307
,,,"Sun, 16/02/25",,,,,Yverdon Sport FC,FC St. Gallen 1879,Stade Municipal,Attendance: 2.350,https://www.transfermarkt.co.uk/yverdon-sport-fc_fc-st-gallen-1879/index/spielbericht/4514302
,,,"Sat, 27/07/24",,,,,FC Sion,FC Lausanne-Sport,Tourbillon,Attendance: 10.200,https://www.transfermarkt.co.uk/fc-sion_fc-lausanne-sport/index/spielbericht/4361921
,,,"Sat, 17/05/25",,,,,Académico Viseu FC,FC Paços de Ferreira,Estádio Municipal do Fontelo,Attendance: 776,https://www.transfermarkt.co.uk/academico-viseu-fc_fc-pacos-de-ferreira/index/spielbericht/4397215
,,,"Sat, 22/02/25",,,,,FC Lausanne-Sport,Grasshopper Club Zurich,Stade de la Tuilière,Attendance: 5.644,https://www.transfermarkt.co.uk/fc-lausanne-sport_grasshopper-club-zurich/index/spielbericht/4514305
,,,"Sun, 09/02/25",,,,,FC Luzern,FC Winterthur,swissporarena,Attendance: 10.543,https://www.transfermarkt.co.uk/fc-luzern_fc-winterthur/index/spielbericht/4514297
,,,"Sun, 21/07/24",,,,,FC Lausanne-Sport,FC Basel 1893,Stade de la Tuilière,Attendance: 6.850,https://www.transfermarkt.co.uk/fc-lausanne-sport_fc-basel-1893/index/spielbericht/4361918
,,,"Sat, 01/03/25",,,,,FC Lausanne-Sport,Servette FC,Stade de la Tuilière,Attendance: 10.147,https://www.transfermarkt.co.uk/fc-lausanne-sport_servette-fc/index/spielbericht/4514313
,,,"Sat, 01/03/25",,,,,FC Winterthur,FC St. Gallen 1879,Schützenwiese,Attendance: 8.700,https://www.transfermarkt.co.uk/fc-winterthur_fc-st-gallen-1879/index/spielbericht/4514312
,,,"Sat, 08/03/25",,,,,Yverdon Sport FC,FC Winterthur,Stade Municipal,Attendance: 2.030,https://www.transfermarkt.co.uk/yverdon-sport-fc_fc-winterthur/index/spielbericht/4514318
,,,"Sun, 09/03/25",,,,,FC Zürich,Servette FC,Stadion Letzigrund,Attendance: 14.902,https://www.transfermarkt.co.uk/fc-zurich_servette-fc/index/spielbericht/4514320
,,,"Sat, 08/03/25",,,,,FC St. Gallen 1879,Grasshopper Club Zurich,kybunpark,Attendance: 18.887,https://www.transfermarkt.co.uk/fc-st-gallen-1879_grasshopper-club-zurich/index/spielbericht/4514319
,,,"Sun, 23/02/25",,,,,Servette FC,FC Winterthur,Stade de Genève,Attendance: 7.812,https://www.transfermarkt.co.uk/servette-fc_fc-winterthur/index/spielbericht/4514309
,,,"Tue, 13/05/25",,,,,Palermo FC,Carrarese Calcio 1908,"Comunale Renzo Barbera ""La Favorita""",Attendance: 21.125,https://www.transfermarkt.co.uk/palermo-fc_carrarese-calcio-1908/index/spielbericht/4386303
,,,"Sun, 09/03/25",,,,,FC Sion,FC Lugano,Tourbillon,Attendance: 8.500,https://www.transfermarkt.co.uk/fc-sion_fc-lugano/index/spielbericht/4514322
,,,"Sat, 15/02/25",,,,,FC Lugano,FC Luzern,Stadio di Cornaredo,Attendance: 4.047,https://www.transfermarkt.co.uk/fc-lugano_fc-luzern/index/spielbericht/4514299
,,,"Sun, 16/03/25",,,,,FC Lugano,FC Winterthur,Stadio di Cornaredo,Attendance: 3.344,https://www.transfermarkt.co.uk/fc-lugano_fc-winterthur/index/spielbericht/4514328
,,,"Sat, 15/03/25",,,,,Servette FC,Yverdon Sport FC,Stade de Genève,Attendance: 15.135,https://www.transfermarkt.co.uk/servette-fc_yverdon-sport-fc/index/spielbericht/4514323
,,,"Sat, 15/03/25",,,,,FC Zürich,FC Luzern,Stadion Letzigrund,Attendance: 13.946,https://www.transfermarkt.co.uk/fc-zurich_fc-luzern/index/spielbericht/4514325
,,,"Sat, 15/03/25",,,,,FC St. Gallen 1879,FC Lausanne-Sport,kybunpark,Attendance: 17.579,https://www.transfermarkt.co.uk/fc-st-gallen-1879_fc-lausanne-sport/index/spielbericht/4514324
,,,"Sun, 09/03/25",,,,,FC Luzern,FC Basel 1893,swissporarena,Attendance: 15.500,https://www.transfermarkt.co.uk/fc-luzern_fc-basel-1893/index/spielbericht/4514321
,,,"Sun, 02/03/25",,,,,Yverdon Sport FC,FC Luzern,Stade Municipal,Attendance: 2.350,https://www.transfermarkt.co.uk/yverdon-sport-fc_fc-luzern/index/spielbericht/4514316
,,,"Sun, 23/02/25",,,,,FC Luzern,FC Sion,swissporarena,Attendance: 10.618,https://www.transfermarkt.co.uk/fc-luzern_fc-sion/index/spielbericht/4514308
,,,"Sat, 29/03/25",,,,,BSC Young Boys,FC St. Gallen 1879,Stadion Wankdorf,Attendance: 31.500,https://www.transfermarkt.co.uk/bsc-young-boys_fc-st-gallen-1879/index/spielbericht/4514330
,,,"Sat, 08/03/25",,,,,BSC Young Boys,FC Lausanne-Sport,Stadion Wankdorf,Attendance: 26.873,https://www.transfermarkt.co.uk/bsc-young-boys_fc-lausanne-sport/index/spielbericht/4514317
,,,"Sun, 02/03/25",,,,,FC Lugano,FC Zürich,Stadio di Cornaredo,Attendance: 4.306,https://www.transfermarkt.co.uk/fc-lugano_fc-zurich/index/spielbericht/4514314
,,,"Sun, 30/03/25",,,,,FC Lausanne-Sport,FC Luzern,Stade de la Tuilière,Attendance: 2.700,https://www.transfermarkt.co.uk/fc-lausanne-sport_fc-luzern/index/spielbericht/4514334
,,,"Sat, 29/03/25",,,,,FC Lugano,Servette FC,Stadio di Cornaredo,Attendance: 3.811,https://www.transfermarkt.co.uk/fc-lugano_servette-fc/index/spielbericht/4514331
,,,"Sun, 23/02/25",,,,,BSC Young Boys,FC Lugano,Stadion Wankdorf,Attendance: 27.463,https://www.transfermarkt.co.uk/bsc-young-boys_fc-lugano/index/spielbericht/4514310
,,,"Sun, 30/03/25",,,,,FC Winterthur,FC Basel 1893,Schützenwiese,Attendance: 8.700,https://www.transfermarkt.co.uk/fc-winterthur_fc-basel-1893/index/spielbericht/4514332
,,,"Tue, 01/04/25",,,,,Yverdon Sport FC,FC Lugano,Stade Municipal,Attendance: 2.040,https://www.transfermarkt.co.uk/yverdon-sport-fc_fc-lugano/index/spielbericht/4514336
,,,"Sun, 16/03/25",,,,,FC Basel 1893,BSC Young Boys,St. Jakob-Park,Attendance: 28.570,https://www.transfermarkt.co.uk/fc-basel-1893_bsc-young-boys/index/spielbericht/4514327
,,,"Sun, 16/03/25",,,,,Grasshopper Club Zurich,FC Sion,Stadion Letzigrund,Attendance: 4.071,https://www.transfermarkt.co.uk/grasshopper-club-zurich_fc-sion/index/spielbericht/4514326
,,,"Wed, 02/04/25",,,,,FC Sion,FC Winterthur,Tourbillon,Attendance: 6.400,https://www.transfermarkt.co.uk/fc-sion_fc-winterthur/index/spielbericht/4514337
,,,"Tue, 01/04/25",,,,,Servette FC,BSC Young Boys,Stade de Genève,Attendance: 6.122,https://www.transfermarkt.co.uk/servette-fc_bsc-young-boys/index/spielbericht/4514335
,,,"Fri, 25/04/25",,,,,US Cremonese,Mantova 1911,Giovanni Zini,Attendance: 9.477,https://www.transfermarkt.co.uk/us-cremonese_mantova-1911/index/spielbericht/4386313
,,,"Thu, 03/04/25",,,,,FC Basel 1893,Grasshopper Club Zurich,St. Jakob-Park,Attendance: 21.705,https://www.transfermarkt.co.uk/fc-basel-1893_grasshopper-club-zurich/index/spielbericht/4514339
,,,"Sat, 05/04/25",,,,,FC Lausanne-Sport,FC Sion,Stade de la Tuilière,Attendance: 9.192,https://www.transfermarkt.co.uk/fc-lausanne-sport_fc-sion/index/spielbericht/4514341
,,,"Sat, 05/04/25",,,,,BSC Young Boys,Yverdon Sport FC,Stadion Wankdorf,Attendance: 26.719,https://www.transfermarkt.co.uk/bsc-young-boys_yverdon-sport-fc/index/spielbericht/4514343
,,,"Sat, 05/04/25",,,,,FC Winterthur,FC Zürich,Schützenwiese,Attendance: 8.700,https://www.transfermarkt.co.uk/fc-winterthur_fc-zurich/index/spielbericht/4514342
,,,"Sun, 30/03/25",,,,,Grasshopper Club Zurich,FC Zürich,Stadion Letzigrund,Attendance: 21.497,https://www.transfermarkt.co.uk/grasshopper-club-zurich_fc-zurich/index/spielbericht/4514333
,,,"Sun, 13/04/25",,,,,FC Lugano,FC St. Gallen 1879,Stadio di Cornaredo,Attendance: 4.777,https://www.transfermarkt.co.uk/fc-lugano_fc-st-gallen-1879/index/spielbericht/4514350
,,,"Sat, 29/03/25",,,,,FC Sion,Yverdon Sport FC,Tourbillon,Attendance: 9.300,https://www.transfermarkt.co.uk/fc-sion_yverdon-sport-fc/index/spielbericht/4514329
,,,"Wed, 02/04/25",,,,,FC Zürich,FC Lausanne-Sport,Stadion Letzigrund,Attendance: 11.489,https://www.transfermarkt.co.uk/fc-zurich_fc-lausanne-sport/index/spielbericht/4514338
,,,"Thu, 03/04/25",,,,,FC Luzern,FC St. Gallen 1879,swissporarena,Attendance: 11.790,https://www.transfermarkt.co.uk/fc-luzern_fc-st-gallen-1879/index/spielbericht/4514340
,,,"Sun, 13/04/25",,,,,FC Luzern,BSC Young Boys,swissporarena,Attendance: 16.490,https://www.transfermarkt.co.uk/fc-luzern_bsc-young-boys/index/spielbericht/4514351
,,,"Sat, 12/04/25",,,,,FC Winterthur,FC Lausanne-Sport,Schützenwiese,Attendance: 7.500,https://www.transfermarkt.co.uk/fc-winterthur_fc-lausanne-sport/index/spielbericht/4514347
,,,"Sun, 06/04/25",,,,,FC Basel 1893,FC Lugano,St. Jakob-Park,Attendance: 28.662,https://www.transfermarkt.co.uk/fc-basel-1893_fc-lugano/index/spielbericht/4514345
,,,"Sat, 12/04/25",,,,,Yverdon Sport FC,Grasshopper Club Zurich,Stade Municipal,Attendance: 3.600,https://www.transfermarkt.co.uk/yverdon-sport-fc_grasshopper-club-zurich/index/spielbericht/4514348
,,,"Sun, 04/05/25",,,,,AC Reggiana 1919,Spezia Calcio,Mapei Stadium - Città del Tricolore,Attendance: 9.534,https://www.transfermarkt.co.uk/ac-reggiana-1919_spezia-calcio/index/spielbericht/4386347
,,,"Sun, 13/04/25",,,,,FC Sion,Servette FC,Tourbillon,Attendance: 14.100,https://www.transfermarkt.co.uk/fc-sion_servette-fc/index/spielbericht/4514352
,,,"Sun, 04/05/25",,,,,FC Basel 1893,Servette FC,St. Jakob-Park,Attendance: 32.580,https://www.transfermarkt.co.uk/fc-basel-1893_servette-fc/index/spielbericht/4599209
,,,"Mon, 21/04/25",,,,,FC Basel 1893,Yverdon Sport FC,St. Jakob-Park,Attendance: 24.254,https://www.transfermarkt.co.uk/fc-basel-1893_yverdon-sport-fc/index/spielbericht/4514353
,,,"Sun, 06/04/25",,,,,Grasshopper Club Zurich,FC Luzern,Stadion Letzigrund,Attendance: 6.342,https://www.transfermarkt.co.uk/grasshopper-club-zurich_fc-luzern/index/spielbericht/4514346
,,,"Mon, 21/04/25",,,,,FC Lausanne-Sport,FC Lugano,Stade de la Tuilière,Attendance: 6.246,https://www.transfermarkt.co.uk/fc-lausanne-sport_fc-lugano/index/spielbericht/4514355
,,,"Sat, 30/11/24",,,,,Yverdon Sport FC,FC Luzern,Stade Municipal,Attendance: 2.050,https://www.transfermarkt.co.uk/yverdon-sport-fc_fc-luzern/index/spielbericht/4363011
,,,"Sat, 03/05/25",,,,,FC Lausanne-Sport,BSC Young Boys,Stade de la Tuilière,Attendance: 6.631,https://www.transfermarkt.co.uk/fc-lausanne-sport_bsc-young-boys/index/spielbericht/4599207
,,,"Mon, 21/04/25",,,,,BSC Young Boys,FC Zürich,Stadion Wankdorf,Attendance: 31.500,https://www.transfermarkt.co.uk/bsc-young-boys_fc-zurich/index/spielbericht/4514358
,,,"Sat, 19/04/25",,,,,Grasshopper Club Zurich,FC Winterthur,Stadion Letzigrund,Attendance: 10.137,https://www.transfermarkt.co.uk/grasshopper-club-zurich_fc-winterthur/index/spielbericht/4514354
,,,"Sat, 03/05/25",,,,,FC Winterthur,Grasshopper Club Zurich,Schützenwiese,Attendance: 8.700,https://www.transfermarkt.co.uk/fc-winterthur_grasshopper-club-zurich/index/spielbericht/4599206
,,,"Sat, 10/05/25",,,,,FC St. Gallen 1879,FC Winterthur,kybunpark,Attendance: 19.153,https://www.transfermarkt.co.uk/fc-st-gallen-1879_fc-winterthur/index/spielbericht/4599212
,,,"Sat, 25/01/25",,,,,FC Winterthur,FC Lugano,Schützenwiese,Attendance: 6.900,https://www.transfermarkt.co.uk/fc-winterthur_fc-lugano/index/spielbericht/4363036
,,,"Sun, 04/05/25",,,,,FC Luzern,FC Lugano,swissporarena,Attendance: 12.037,https://www.transfermarkt.co.uk/fc-luzern_fc-lugano/index/spielbericht/4599210
,,,"Tue, 13/05/25",,,,,FC Zürich,FC Winterthur,Stadion Letzigrund,Attendance: 14.712,https://www.transfermarkt.co.uk/fc-zurich_fc-winterthur/index/spielbericht/4599219
,,,"Sat, 10/05/25",,,,,FC Zürich,Grasshopper Club Zurich,Stadion Letzigrund,Attendance: 17.797,https://www.transfermarkt.co.uk/fc-zurich_grasshopper-club-zurich/index/spielbericht/4599214
,,,"Sun, 06/04/25",,,,,FC St. Gallen 1879,Servette FC,kybunpark,Attendance: 18.410,https://www.transfermarkt.co.uk/fc-st-gallen-1879_servette-fc/index/spielbericht/4514344
,,,"Wed, 14/05/25",,,,,Grasshopper Club Zurich,Yverdon Sport FC,Stadion Letzigrund,Attendance: 4.266,https://www.transfermarkt.co.uk/grasshopper-club-zurich_yverdon-sport-fc/index/spielbericht/4599220
,,,"Sun, 15/12/24",,,,,BSC Young Boys,Servette FC,Stadion Wankdorf,Attendance: 29.215,https://www.transfermarkt.co.uk/bsc-young-boys_servette-fc/index/spielbericht/4363023
,,,"Tue, 06/05/25",,,,,Yverdon Sport FC,FC St. Gallen 1879,Stade Municipal,Attendance: 2.450,https://www.transfermarkt.co.uk/yverdon-sport-fc_fc-st-gallen-1879/index/spielbericht/4599211
,,,"Thu, 15/05/25",,,,,Servette FC,FC Lugano,Stade de Genève,Attendance: 7.831,https://www.transfermarkt.co.uk/servette-fc_fc-lugano/index/spielbericht/4599222
,,,"Sat, 18/01/25",,,,,BSC Young Boys,FC Winterthur,Stadion Wankdorf,Attendance: 27.396,https://www.transfermarkt.co.uk/bsc-young-boys_fc-winterthur/index/spielbericht/4363030
,,,"Thu, 22/05/25",,,,,Grasshopper Club Zurich,FC St. Gallen 1879,Stadion Letzigrund,Attendance: 7.913,https://www.transfermarkt.co.uk/grasshopper-club-zurich_fc-st-gallen-1879/index/spielbericht/4599230
,,,"Sat, 17/05/25",,,,,FC St. Gallen 1879,FC Zürich,kybunpark,Attendance: 19.850,https://www.transfermarkt.co.uk/fc-st-gallen-1879_fc-zurich/index/spielbericht/4599224
,,,"Sat, 17/05/25",,,,,FC Winterthur,Yverdon Sport FC,Schützenwiese,Attendance: 7.600,https://www.transfermarkt.co.uk/fc-winterthur_yverdon-sport-fc/index/spielbericht/4599225
,,,"Sun, 18/05/25",,,,,FC Lausanne-Sport,FC Lugano,Stade de la Tuilière,Attendance: 6.617,https://www.transfermarkt.co.uk/fc-lausanne-sport_fc-lugano/index/spielbericht/4599228
,,,"Sun, 02/03/25",,,,,Grasshopper Club Zurich,BSC Young Boys,Stadion Letzigrund,Attendance: 6.039,https://www.transfermarkt.co.uk/grasshopper-club-zurich_bsc-young-boys/index/spielbericht/4514315
,,,"Thu, 15/05/25",,,,,BSC Young Boys,FC Luzern,Stadion Wankdorf,Attendance: 26.043,https://www.transfermarkt.co.uk/bsc-young-boys_fc-luzern/index/spielbericht/4599223
,,,"Tue, 13/05/25",,,,,FC Sion,FC St. Gallen 1879,Tourbillon,Attendance: 7.500,https://www.transfermarkt.co.uk/fc-sion_fc-st-gallen-1879/index/spielbericht/4599218
,,,"Wed, 14/05/25",,,,,FC Lausanne-Sport,FC Basel 1893,Stade de la Tuilière,Attendance: 9.494,https://www.transfermarkt.co.uk/fc-lausanne-sport_fc-basel-1893/index/spielbericht/4599221
,,,"Sun, 04/05/25",,,,,FC Sion,FC Zürich,Tourbillon,Attendance: 10.000,https://www.transfermarkt.co.uk/fc-sion_fc-zurich/index/spielbericht/4599208
,,,"Sat, 24/05/25",,,,,FC Lugano,BSC Young Boys,Stadio di Cornaredo,Attendance: 4.062,https://www.transfermarkt.co.uk/fc-lugano_bsc-young-boys/index/spielbericht/4599234
,,,"Thu, 22/05/25",,,,,FC Winterthur,FC Sion,Schützenwiese,Attendance: 8.400,https://www.transfermarkt.co.uk/fc-winterthur_fc-sion/index/spielbericht/4599231
,,,"Sat, 24/05/25",,,,,FC Basel 1893,FC Luzern,St. Jakob-Park,Attendance: 36.000,https://www.transfermarkt.co.uk/fc-basel-1893_fc-luzern/index/spielbericht/4599233
,,,"Sat, 19/10/24",,,,,BSC Young Boys,FC Luzern,Stadion Wankdorf,Attendance: 31.500,https://www.transfermarkt.co.uk/bsc-young-boys_fc-luzern/index/spielbericht/4362959
,,,"Thu, 22/05/25",,,,,Yverdon Sport FC,FC Zürich,Stade Municipal,Attendance: 4.050,https://www.transfermarkt.co.uk/yverdon-sport-fc_fc-zurich/index/spielbericht/4599232
,,,"Sat, 08/02/25",,,,,FC Lausanne-Sport,Yverdon Sport FC,Stade de la Tuilière,Attendance: 5.357,https://www.transfermarkt.co.uk/fc-lausanne-sport_yverdon-sport-fc/index/spielbericht/4514293
,,,"Sat, 10/05/25",,,,,Yverdon Sport FC,FC Sion,Stade Municipal,Attendance: 3.150,https://www.transfermarkt.co.uk/yverdon-sport-fc_fc-sion/index/spielbericht/4599213
,,,"Sun, 11/05/25",,,,,FC Luzern,FC Lausanne-Sport,swissporarena,Attendance: 11.482,https://www.transfermarkt.co.uk/fc-luzern_fc-lausanne-sport/index/spielbericht/4599216
,,,"Mon, 27/05/24",,,,,CA Unión (Santa Fe),CA Barracas Central,15 de Abril,Attendance: 30.000,https://www.transfermarkt.co.uk/ca-union-santa-fe-_ca-barracas-central/index/spielbericht/4342780
,,,"Wed, 05/02/25",,,,,FC St. Gallen 1879,FC Lugano,kybunpark,Attendance: 13.684,https://www.transfermarkt.co.uk/fc-st-gallen-1879_fc-lugano/index/spielbericht/4408998
,,,"Sat, 17/05/25",,,,,FC Sion,Grasshopper Club Zurich,Tourbillon,Attendance: 12.000,https://www.transfermarkt.co.uk/fc-sion_grasshopper-club-zurich/index/spielbericht/4599226
,,,"Sun, 18/05/25",,,,,BSC Young Boys,FC Basel 1893,Stadion Wankdorf,Attendance: 31.500,https://www.transfermarkt.co.uk/bsc-young-boys_fc-basel-1893/index/spielbericht/4599227
,,,"Thu, 06/02/25",,,,,FC Basel 1893,FC Luzern,St. Jakob-Park,Attendance: 21.594,https://www.transfermarkt.co.uk/fc-basel-1893_fc-luzern/index/spielbericht/4408995
,,,"Sat, 15/02/25",,,,,FC Sion,FC Zürich,Tourbillon,Attendance: 13.200,https://www.transfermarkt.co.uk/fc-sion_fc-zurich/index/spielbericht/4514300
,,,"Sat, 01/02/25",,,,,FC Lugano,FC Sion,Stadio di Cornaredo,Attendance: 3.287,https://www.transfermarkt.co.uk/fc-lugano_fc-sion/index/spielbericht/4363039
,,,"Sat, 10/08/24",,,,,Hull City,Bristol City,MKM Stadium,Attendance: 21.011,https://www.transfermarkt.co.uk/hull-city_bristol-city/index/spielbericht/4382370
,,,"Fri, 09/08/24",,,,,Blackburn Rovers,Derby County,Ewood Park,Attendance: 17.975,https://www.transfermarkt.co.uk/blackburn-rovers_derby-county/index/spielbericht/4382367
,,,"Sun, 11/08/24",,,,,Sheffield Wednesday,Plymouth Argyle,Hillsborough,Attendance: 29.535,https://www.transfermarkt.co.uk/sheffield-wednesday_plymouth-argyle/index/spielbericht/4382377
,,,"Sat, 24/08/24",,,,,Queens Park Rangers,Plymouth Argyle,Loftus Road Stadium,Attendance: 15.285,https://www.transfermarkt.co.uk/queens-park-rangers_plymouth-argyle/index/spielbericht/4382397
,,,"Sat, 17/08/24",,,,,Portsmouth FC,Luton Town,Fratton Park,Attendance: 20.293,https://www.transfermarkt.co.uk/portsmouth-fc_luton-town/index/spielbericht/4382385
,,,"Sat, 17/08/24",,,,,Bristol City,Millwall FC,Ashton Gate,Attendance: 20.733,https://www.transfermarkt.co.uk/bristol-city_millwall-fc/index/spielbericht/4382379
,,,"Sat, 17/08/24",,,,,Watford FC,Stoke City,Vicarage Road,Attendance: 18.789,https://www.transfermarkt.co.uk/watford-fc_stoke-city/index/spielbericht/4382389
,,,"Sat, 24/08/24",,,,,Bristol City,Coventry City,Ashton Gate,Attendance: 21.454,https://www.transfermarkt.co.uk/bristol-city_coventry-city/index/spielbericht/4382392
,,,"Sat, 17/08/24",,,,,Sheffield United,Queens Park Rangers,Bramall Lane,Attendance: 27.527,https://www.transfermarkt.co.uk/sheffield-united_queens-park-rangers/index/spielbericht/4382386
,,,"Sat, 17/08/24",,,,,West Bromwich Albion,Leeds United,The Hawthorns,Attendance: 25.329,https://www.transfermarkt.co.uk/west-bromwich-albion_leeds-united/index/spielbericht/4382390
,,,"Sat, 10/08/24",,,,,Stoke City,Coventry City,bet365 Stadium,Attendance: 25.037,https://www.transfermarkt.co.uk/stoke-city_coventry-city/index/spielbericht/4382376
,,,"Sat, 24/08/24",,,,,Norwich City,Sheffield United,Carrow Road,Attendance: 26.373,https://www.transfermarkt.co.uk/norwich-city_sheffield-united/index/spielbericht/4382395
,,,"Fri, 09/08/24",,,,,Preston North End,Sheffield United,Deepdale,Attendance: 17.948,https://www.transfermarkt.co.uk/preston-north-end_sheffield-united/index/spielbericht/4382368
,,,"Fri, 16/08/24",,,,,Coventry City,Oxford United,Coventry Building Society Arena,Attendance: 28.051,https://www.transfermarkt.co.uk/coventry-city_oxford-united/index/spielbericht/4382381
,,,"Sat, 10/08/24",,,,,Middlesbrough FC,Swansea City,Riverside Stadium,Attendance: 26.610,https://www.transfermarkt.co.uk/middlesbrough-fc_swansea-city/index/spielbericht/4382372
,,,"Fri, 23/08/24",,,,,Sheffield Wednesday,Leeds United,Hillsborough,Attendance: 28.800,https://www.transfermarkt.co.uk/sheffield-wednesday_leeds-united/index/spielbericht/4382398
,,,"Mon, 12/08/24",,,,,Luton Town,Burnley FC,Kenilworth Road,Attendance: 11.777,https://www.transfermarkt.co.uk/luton-town_burnley-fc/index/spielbericht/4382378
,,,"Mon, 21/04/25",,,,,FC St. Gallen 1879,FC Sion,kybunpark,Attendance: 18.450,https://www.transfermarkt.co.uk/fc-st-gallen-1879_fc-sion/index/spielbericht/4514357
,,,"Sun, 18/08/24",,,,,Sunderland AFC,Sheffield Wednesday,Stadium of Light,Attendance: 35.413,https://www.transfermarkt.co.uk/sunderland-afc_sheffield-wednesday/index/spielbericht/4382387
,,,"Sat, 10/08/24",,,,,Queens Park Rangers,West Bromwich Albion,Loftus Road Stadium,Attendance: 15.900,https://www.transfermarkt.co.uk/queens-park-rangers_west-bromwich-albion/index/spielbericht/4382375
,,,"Sat, 24/08/24",,,,,Stoke City,West Bromwich Albion,bet365 Stadium,Attendance: 24.371,https://www.transfermarkt.co.uk/stoke-city_west-bromwich-albion/index/spielbericht/4382399
,,,"Sat, 17/08/24",,,,,Derby County,Middlesbrough FC,Pride Park Stadium,Attendance: 29.443,https://www.transfermarkt.co.uk/derby-county_middlesbrough-fc/index/spielbericht/4382382
,,,"Sat, 10/08/24",,,,,Cardiff City,Sunderland AFC,Cardiff City Stadium,Attendance: 21.401,https://www.transfermarkt.co.uk/cardiff-city_sunderland-afc/index/spielbericht/4382369
,,,"Fri, 30/08/24",,,,,Luton Town,Queens Park Rangers,Kenilworth Road,Attendance: 11.798,https://www.transfermarkt.co.uk/luton-town_queens-park-rangers/index/spielbericht/4382408
,,,"Sat, 10/08/24",,,,,Millwall FC,Watford FC,The Den,Attendance: 16.456,https://www.transfermarkt.co.uk/millwall-fc_watford-fc/index/spielbericht/4382373
,,,"Sat, 17/08/24",,,,,Burnley FC,Cardiff City,Turf Moor,Attendance: 19.759,https://www.transfermarkt.co.uk/burnley-fc_cardiff-city/index/spielbericht/4382380
,,,"Sat, 24/08/24",,,,,Hull City,Millwall FC,MKM Stadium,Attendance: 20.009,https://www.transfermarkt.co.uk/hull-city_millwall-fc/index/spielbericht/4382393
,,,"Sat, 10/08/24",,,,,Oxford United,Norwich City,Kassam Stadium,Attendance: 11.333,https://www.transfermarkt.co.uk/oxford-united_norwich-city/index/spielbericht/4382374
,,,"Sat, 17/08/24",,,,,Norwich City,Blackburn Rovers,Carrow Road,Attendance: 26.400,https://www.transfermarkt.co.uk/norwich-city_blackburn-rovers/index/spielbericht/4382383
,,,"Sat, 24/08/24",,,,,Preston North End,Luton Town,Deepdale,Attendance: 15.245,https://www.transfermarkt.co.uk/preston-north-end_luton-town/index/spielbericht/4382396
,,,"Sat, 31/08/24",,,,,Burnley FC,Blackburn Rovers,Turf Moor,Attendance: 21.042,https://www.transfermarkt.co.uk/burnley-fc_blackburn-rovers/index/spielbericht/4382403
,,,"Sat, 31/08/24",,,,,Derby County,Bristol City,Pride Park Stadium,Attendance: 29.270,https://www.transfermarkt.co.uk/derby-county_bristol-city/index/spielbericht/4382406
,,,"Sun, 25/08/24",,,,,Swansea City,Cardiff City,Swansea.com Stadium,Attendance: 20.174,https://www.transfermarkt.co.uk/swansea-city_cardiff-city/index/spielbericht/4382401
,,,"Sat, 31/08/24",,,,,West Bromwich Albion,Swansea City,The Hawthorns,Attendance: 24.975,https://www.transfermarkt.co.uk/west-bromwich-albion_swansea-city/index/spielbericht/4382414
,,,"Sat, 31/08/24",,,,,Coventry City,Norwich City,Coventry Building Society Arena,Attendance: 27.353,https://www.transfermarkt.co.uk/coventry-city_norwich-city/index/spielbericht/4382405
,,,"Sat, 14/09/24",,,,,Middlesbrough FC,Preston North End,Riverside Stadium,Attendance: 25.116,https://www.transfermarkt.co.uk/middlesbrough-fc_preston-north-end/index/spielbericht/4382419
,,,"Sat, 24/08/24",,,,,Watford FC,Derby County,Vicarage Road,Attendance: 18.911,https://www.transfermarkt.co.uk/watford-fc_derby-county/index/spielbericht/4382402
,,,"Fri, 13/09/24",,,,,Hull City,Sheffield United,MKM Stadium,Attendance: 22.403,https://www.transfermarkt.co.uk/hull-city_sheffield-united/index/spielbericht/4382417
,,,"Sat, 31/08/24",,,,,Portsmouth FC,Sunderland AFC,Fratton Park,Attendance: 20.231,https://www.transfermarkt.co.uk/portsmouth-fc_sunderland-afc/index/spielbericht/4382412
,,,"Sat, 24/08/24",,,,,Middlesbrough FC,Portsmouth FC,Riverside Stadium,Attendance: 26.270,https://www.transfermarkt.co.uk/middlesbrough-fc_portsmouth-fc/index/spielbericht/4382394
,,,"Sat, 31/08/24",,,,,Plymouth Argyle,Stoke City,Home Park,Attendance: 16.934,https://www.transfermarkt.co.uk/plymouth-argyle_stoke-city/index/spielbericht/4382411
,,,"Sat, 31/08/24",,,,,Cardiff City,Middlesbrough FC,Cardiff City Stadium,Attendance: 18.000,https://www.transfermarkt.co.uk/cardiff-city_middlesbrough-fc/index/spielbericht/4382404
,,,"Sat, 31/08/24",,,,,Leeds United,Hull City,Elland Road,Attendance: 36.517,https://www.transfermarkt.co.uk/leeds-united_hull-city/index/spielbericht/4382407
,,,"Sat, 14/09/24",,,,,Millwall FC,Luton Town,The Den,Attendance: 14.804,https://www.transfermarkt.co.uk/millwall-fc_luton-town/index/spielbericht/4382420
,,,"Sat, 21/09/24",,,,,Queens Park Rangers,Millwall FC,Loftus Road Stadium,Attendance: 15.350,https://www.transfermarkt.co.uk/queens-park-rangers_millwall-fc/index/spielbericht/4382434
,,,"Sat, 24/08/24",,,,,Sunderland AFC,Burnley FC,Stadium of Light,Attendance: 40.096,https://www.transfermarkt.co.uk/sunderland-afc_burnley-fc/index/spielbericht/4382400
,,,"Sat, 14/09/24",,,,,Swansea City,Norwich City,Swansea.com Stadium,Attendance: 14.097,https://www.transfermarkt.co.uk/swansea-city_norwich-city/index/spielbericht/4382425
,,,"Sat, 12/04/25",,,,,FC Zürich,FC Basel 1893,Stadion Letzigrund,Attendance: 23.130,https://www.transfermarkt.co.uk/fc-zurich_fc-basel-1893/index/spielbericht/4514349
,,,"Sat, 21/09/24",,,,,Norwich City,Watford FC,Carrow Road,Attendance: 26.438,https://www.transfermarkt.co.uk/norwich-city_watford-fc/index/spielbericht/4382432
,,,"Sun, 15/09/24",,,,,Portsmouth FC,West Bromwich Albion,Fratton Park,Attendance: 20.205,https://www.transfermarkt.co.uk/portsmouth-fc_west-bromwich-albion/index/spielbericht/4382423
,,,"Sat, 14/09/24",,,,,Oxford United,Stoke City,Kassam Stadium,Attendance: 11.507,https://www.transfermarkt.co.uk/oxford-united_stoke-city/index/spielbericht/4382421
,,,"Sat, 31/08/24",,,,,Oxford United,Preston North End,Kassam Stadium,Attendance: 11.403,https://www.transfermarkt.co.uk/oxford-united_preston-north-end/index/spielbericht/4382410
,,,"Sat, 21/09/24",,,,,Sunderland AFC,Middlesbrough FC,Stadium of Light,Attendance: 42.871,https://www.transfermarkt.co.uk/sunderland-afc_middlesbrough-fc/index/spielbericht/4382437
,,,"Sat, 14/09/24",,,,,Sheffield Wednesday,Queens Park Rangers,Hillsborough,Attendance: 26.283,https://www.transfermarkt.co.uk/sheffield-wednesday_queens-park-rangers/index/spielbericht/4382424
,,,"Sat, 14/09/24",,,,,Watford FC,Coventry City,Vicarage Road,Attendance: 19.441,https://www.transfermarkt.co.uk/watford-fc_coventry-city/index/spielbericht/4382426
,,,"Sat, 21/09/24",,,,,Cardiff City,Leeds United,Cardiff City Stadium,Attendance: 23.207,https://www.transfermarkt.co.uk/cardiff-city_leeds-united/index/spielbericht/4382429
,,,"Sat, 17/08/24",,,,,Swansea City,Preston North End,Swansea.com Stadium,Attendance: 14.037,https://www.transfermarkt.co.uk/swansea-city_preston-north-end/index/spielbericht/4382388
,,,"Fri, 20/09/24",,,,,Stoke City,Hull City,bet365 Stadium,Attendance: 23.366,https://www.transfermarkt.co.uk/stoke-city_hull-city/index/spielbericht/4382436
,,,"Sat, 21/09/24",,,,,Burnley FC,Portsmouth FC,Turf Moor,Attendance: 20.476,https://www.transfermarkt.co.uk/burnley-fc_portsmouth-fc/index/spielbericht/4382428
,,,"Sat, 21/09/24",,,,,Luton Town,Sheffield Wednesday,Kenilworth Road,Attendance: 11.805,https://www.transfermarkt.co.uk/luton-town_sheffield-wednesday/index/spielbericht/4382431
,,,"Sat, 21/09/24",,,,,Sheffield United,Derby County,Bramall Lane,Attendance: 28.685,https://www.transfermarkt.co.uk/sheffield-united_derby-county/index/spielbericht/4382435
,,,"Sun, 22/09/24",,,,,Preston North End,Blackburn Rovers,Deepdale,Attendance: 20.945,https://www.transfermarkt.co.uk/preston-north-end_blackburn-rovers/index/spielbericht/4382433
,,,"Sat, 21/09/24",,,,,West Bromwich Albion,Plymouth Argyle,The Hawthorns,Attendance: 25.754,https://www.transfermarkt.co.uk/west-bromwich-albion_plymouth-argyle/index/spielbericht/4382438
,,,"Fri, 27/09/24",,,,,Plymouth Argyle,Luton Town,Home Park,Attendance: 16.616,https://www.transfermarkt.co.uk/plymouth-argyle_luton-town/index/spielbericht/4382446
,,,"Sat, 28/09/24",,,,,Blackburn Rovers,Queens Park Rangers,Ewood Park,Attendance: 13.789,https://www.transfermarkt.co.uk/blackburn-rovers_queens-park-rangers/index/spielbericht/4382439
,,,"Sat, 28/09/24",,,,,Millwall FC,Preston North End,The Den,Attendance: 13.674,https://www.transfermarkt.co.uk/millwall-fc_preston-north-end/index/spielbericht/4382444
,,,"Sat, 28/09/24",,,,,Hull City,Cardiff City,MKM Stadium,Attendance: 22.665,https://www.transfermarkt.co.uk/hull-city_cardiff-city/index/spielbericht/4382441
,,,"Sat, 28/09/24",,,,,Leeds United,Coventry City,Elland Road,Attendance: 36.625,https://www.transfermarkt.co.uk/leeds-united_coventry-city/index/spielbericht/4382442
,,,"Sat, 28/09/24",,,,,Watford FC,Sunderland AFC,Vicarage Road,Attendance: 20.335,https://www.transfermarkt.co.uk/watford-fc_sunderland-afc/index/spielbericht/4382450
,,,"Sat, 28/09/24",,,,,Middlesbrough FC,Stoke City,Riverside Stadium,Attendance: 24.610,https://www.transfermarkt.co.uk/middlesbrough-fc_stoke-city/index/spielbericht/4382443
,,,"Sat, 14/09/24",,,,,Derby County,Cardiff City,Pride Park Stadium,Attendance: 28.985,https://www.transfermarkt.co.uk/derby-county_cardiff-city/index/spielbericht/4382416
,,,"Sat, 28/09/24",,,,,Sheffield Wednesday,West Bromwich Albion,Hillsborough,Attendance: 26.308,https://www.transfermarkt.co.uk/sheffield-wednesday_west-bromwich-albion/index/spielbericht/4382448
,,,"Sun, 29/09/24",,,,,Swansea City,Bristol City,Swansea.com Stadium,Attendance: 16.238,https://www.transfermarkt.co.uk/swansea-city_bristol-city/index/spielbericht/4382449
,,,"Tue, 01/10/24",,,,,Cardiff City,Millwall FC,Cardiff City Stadium,Attendance: 15.687,https://www.transfermarkt.co.uk/cardiff-city_millwall-fc/index/spielbericht/4382464
,,,"Sat, 24/05/25",,,,,Servette FC,FC Lausanne-Sport,Stade de Genève,Attendance: 17.300,https://www.transfermarkt.co.uk/servette-fc_fc-lausanne-sport/index/spielbericht/4599235
,,,"Tue, 01/10/24",,,,,Queens Park Rangers,Hull City,Loftus Road Stadium,Attendance: 13.407,https://www.transfermarkt.co.uk/queens-park-rangers_hull-city/index/spielbericht/4382467
,,,"Tue, 01/10/24",,,,,Burnley FC,Plymouth Argyle,Turf Moor,Attendance: 18.779,https://www.transfermarkt.co.uk/burnley-fc_plymouth-argyle/index/spielbericht/4382463
,,,"Tue, 01/10/24",,,,,Coventry City,Blackburn Rovers,Coventry Building Society Arena,Attendance: 24.583,https://www.transfermarkt.co.uk/coventry-city_blackburn-rovers/index/spielbericht/4382465
,,,"Tue, 01/10/24",,,,,Sunderland AFC,Derby County,Stadium of Light,Attendance: 33.214,https://www.transfermarkt.co.uk/sunderland-afc_derby-county/index/spielbericht/4382469
,,,"Tue, 01/10/24",,,,,Luton Town,Oxford United,Kenilworth Road,Attendance: 11.397,https://www.transfermarkt.co.uk/luton-town_oxford-united/index/spielbericht/4382466
,,,"Sat, 21/09/24",,,,,Coventry City,Swansea City,Coventry Building Society Arena,Attendance: 26.273,https://www.transfermarkt.co.uk/coventry-city_swansea-city/index/spielbericht/4382430
,,,"Wed, 02/10/24",,,,,Bristol City,Sheffield Wednesday,Ashton Gate,Attendance: 20.293,https://www.transfermarkt.co.uk/bristol-city_sheffield-wednesday/index/spielbericht/4382471
,,,"Fri, 04/10/24",,,,,Sunderland AFC,Leeds United,Stadium of Light,Attendance: 41.769,https://www.transfermarkt.co.uk/sunderland-afc_leeds-united/index/spielbericht/4382459
,,,"Tue, 01/10/24",,,,,West Bromwich Albion,Middlesbrough FC,The Hawthorns,Attendance: 23.769,https://www.transfermarkt.co.uk/west-bromwich-albion_middlesbrough-fc/index/spielbericht/4382470
,,,"Sat, 05/10/24",,,,,Burnley FC,Preston North End,Turf Moor,Attendance: 20.816,https://www.transfermarkt.co.uk/burnley-fc_preston-north-end/index/spielbericht/4382452
,,,"Tue, 01/10/24",,,,,Norwich City,Leeds United,Carrow Road,Attendance: 26.261,https://www.transfermarkt.co.uk/norwich-city_leeds-united/index/spielbericht/4382472
,,,"Wed, 02/10/24",,,,,Preston North End,Watford FC,Deepdale,Attendance: 13.602,https://www.transfermarkt.co.uk/preston-north-end_watford-fc/index/spielbericht/4382473
,,,"Sat, 05/10/24",,,,,Norwich City,Hull City,Carrow Road,Attendance: 26.326,https://www.transfermarkt.co.uk/norwich-city_hull-city/index/spielbericht/4382455
,,,"Wed, 02/10/24",,,,,Stoke City,Portsmouth FC,bet365 Stadium,Attendance: 20.824,https://www.transfermarkt.co.uk/stoke-city_portsmouth-fc/index/spielbericht/4382474
,,,"Sat, 05/10/24",,,,,Sheffield United,Luton Town,Bramall Lane,Attendance: 27.925,https://www.transfermarkt.co.uk/sheffield-united_luton-town/index/spielbericht/4382458
,,,"Sat, 05/10/24",,,,,Derby County,Queens Park Rangers,Pride Park Stadium,Attendance: 29.305,https://www.transfermarkt.co.uk/derby-county_queens-park-rangers/index/spielbericht/4382454
,,,"Sat, 05/10/24",,,,,Portsmouth FC,Oxford United,Fratton Park,Attendance: 20.125,https://www.transfermarkt.co.uk/portsmouth-fc_oxford-united/index/spielbericht/4382457
,,,"Fri, 18/10/24",,,,,Leeds United,Sheffield United,Elland Road,Attendance: 36.695,https://www.transfermarkt.co.uk/leeds-united_sheffield-united/index/spielbericht/4382502
,,,"Sat, 28/09/24",,,,,Derby County,Norwich City,Pride Park Stadium,Attendance: 28.915,https://www.transfermarkt.co.uk/derby-county_norwich-city/index/spielbericht/4382440
,,,"Sat, 05/10/24",,,,,Watford FC,Middlesbrough FC,Vicarage Road,Attendance: 20.002,https://www.transfermarkt.co.uk/watford-fc_middlesbrough-fc/index/spielbericht/4382461
,,,"Sat, 28/09/24",,,,,Oxford United,Burnley FC,Kassam Stadium,Attendance: 11.517,https://www.transfermarkt.co.uk/oxford-united_burnley-fc/index/spielbericht/4382445
,,,"Sat, 05/10/24",,,,,Swansea City,Stoke City,Swansea.com Stadium,Attendance: 14.546,https://www.transfermarkt.co.uk/swansea-city_stoke-city/index/spielbericht/4382460
,,,"Sat, 05/10/24",,,,,Plymouth Argyle,Blackburn Rovers,Home Park,Attendance: 16.635,https://www.transfermarkt.co.uk/plymouth-argyle_blackburn-rovers/index/spielbericht/4382456
,,,"Sat, 21/09/24",,,,,Bristol City,Oxford United,Ashton Gate,Attendance: 24.808,https://www.transfermarkt.co.uk/bristol-city_oxford-united/index/spielbericht/4382427
,,,"Sat, 19/10/24",,,,,Luton Town,Watford FC,Kenilworth Road,Attendance: 11.758,https://www.transfermarkt.co.uk/luton-town_watford-fc/index/spielbericht/4382503
,,,"Sat, 19/10/24",,,,,Cardiff City,Plymouth Argyle,Cardiff City Stadium,Attendance: 20.634,https://www.transfermarkt.co.uk/cardiff-city_plymouth-argyle/index/spielbericht/4382500
,,,"Sat, 19/10/24",,,,,Oxford United,West Bromwich Albion,Kassam Stadium,Attendance: 11.453,https://www.transfermarkt.co.uk/oxford-united_west-bromwich-albion/index/spielbericht/4382506
,,,"Sat, 19/10/24",,,,,Blackburn Rovers,Swansea City,Ewood Park,Attendance: 13.550,https://www.transfermarkt.co.uk/blackburn-rovers_swansea-city/index/spielbericht/4382499
,,,"Sat, 19/10/24",,,,,Preston North End,Coventry City,Deepdale,Attendance: 15.907,https://www.transfermarkt.co.uk/preston-north-end_coventry-city/index/spielbericht/4382507
,,,"Sat, 05/10/24",,,,,West Bromwich Albion,Millwall FC,The Hawthorns,Attendance: 24.158,https://www.transfermarkt.co.uk/west-bromwich-albion_millwall-fc/index/spielbericht/4382462
,,,"Sat, 05/10/24",,,,,Coventry City,Sheffield Wednesday,Coventry Building Society Arena,Attendance: 28.571,https://www.transfermarkt.co.uk/coventry-city_sheffield-wednesday/index/spielbericht/4382453
,,,"Sat, 19/10/24",,,,,Stoke City,Norwich City,bet365 Stadium,Attendance: 23.002,https://www.transfermarkt.co.uk/stoke-city_norwich-city/index/spielbericht/4382510
,,,"Tue, 22/10/24",,,,,Cardiff City,Portsmouth FC,Cardiff City Stadium,Attendance: 18.534,https://www.transfermarkt.co.uk/cardiff-city_portsmouth-fc/index/spielbericht/4382475
,,,"Sat, 19/10/24",,,,,Queens Park Rangers,Portsmouth FC,Loftus Road Stadium,Attendance: 17.438,https://www.transfermarkt.co.uk/queens-park-rangers_portsmouth-fc/index/spielbericht/4382508
,,,"Sat, 27/07/24",,,,,CA San Lorenzo de Almagro,CA Newell's Old Boys,Pedro Bidegain,Attendance: 41.000,https://www.transfermarkt.co.uk/ca-san-lorenzo-de-almagro_ca-newells-old-boys/index/spielbericht/4342852
,,,"Sat, 19/10/24",,,,,Sheffield Wednesday,Burnley FC,Hillsborough,Attendance: 28.105,https://www.transfermarkt.co.uk/sheffield-wednesday_burnley-fc/index/spielbericht/4382509
,,,"Tue, 22/10/24",,,,,Stoke City,Bristol City,bet365 Stadium,Attendance: 19.679,https://www.transfermarkt.co.uk/stoke-city_bristol-city/index/spielbericht/4382482
,,,"Sat, 19/10/24",,,,,Millwall FC,Derby County,The Den,Attendance: 17.321,https://www.transfermarkt.co.uk/millwall-fc_derby-county/index/spielbericht/4382505
,,,"Wed, 23/10/24",,,,,Blackburn Rovers,West Bromwich Albion,Ewood Park,Attendance: 13.647,https://www.transfermarkt.co.uk/blackburn-rovers_west-bromwich-albion/index/spielbericht/4382483
,,,"Sat, 26/10/24",,,,,Bristol City,Leeds United,Ashton Gate,Attendance: 25.283,https://www.transfermarkt.co.uk/bristol-city_leeds-united/index/spielbericht/4382607
,,,"Wed, 23/10/24",,,,,Millwall FC,Plymouth Argyle,The Den,Attendance: 13.954,https://www.transfermarkt.co.uk/millwall-fc_plymouth-argyle/index/spielbericht/4382486
,,,"Tue, 22/10/24",,,,,Sheffield Wednesday,Swansea City,Hillsborough,Attendance: 22.452,https://www.transfermarkt.co.uk/sheffield-wednesday_swansea-city/index/spielbericht/4382481
,,,"Sat, 19/10/24",,,,,Middlesbrough FC,Bristol City,Riverside Stadium,Attendance: 24.438,https://www.transfermarkt.co.uk/middlesbrough-fc_bristol-city/index/spielbericht/4382504
,,,"Tue, 22/10/24",,,,,Oxford United,Derby County,Kassam Stadium,Attendance: 11.423,https://www.transfermarkt.co.uk/oxford-united_derby-county/index/spielbericht/4382478
,,,"Sun, 20/10/24",,,,,Hull City,Sunderland AFC,MKM Stadium,Attendance: 23.072,https://www.transfermarkt.co.uk/hull-city_sunderland-afc/index/spielbericht/4382501
,,,"Wed, 02/10/24",,,,,Sheffield United,Swansea City,Bramall Lane,Attendance: 25.112,https://www.transfermarkt.co.uk/sheffield-united_swansea-city/index/spielbericht/4382468
,,,"Tue, 22/10/24",,,,,Queens Park Rangers,Coventry City,Loftus Road Stadium,Attendance: 14.173,https://www.transfermarkt.co.uk/queens-park-rangers_coventry-city/index/spielbericht/4382480
,,,"Sun, 06/10/24",,,,,Bristol City,Cardiff City,Ashton Gate,Attendance: 22.664,https://www.transfermarkt.co.uk/bristol-city_cardiff-city/index/spielbericht/4382451
,,,"Wed, 23/10/24",,,,,Middlesbrough FC,Sheffield United,Riverside Stadium,Attendance: 24.303,https://www.transfermarkt.co.uk/middlesbrough-fc_sheffield-united/index/spielbericht/4382485
,,,"Sat, 26/10/24",,,,,Coventry City,Luton Town,Coventry Building Society Arena,Attendance: 26.409,https://www.transfermarkt.co.uk/coventry-city_luton-town/index/spielbericht/4382609
,,,"Wed, 23/10/24",,,,,Hull City,Burnley FC,MKM Stadium,Attendance: 20.168,https://www.transfermarkt.co.uk/hull-city_burnley-fc/index/spielbericht/4382476
,,,"Sat, 14/09/24",,,,,Blackburn Rovers,Bristol City,Ewood Park,Attendance: 14.087,https://www.transfermarkt.co.uk/blackburn-rovers_bristol-city/index/spielbericht/4382415
,,,"Sat, 26/10/24",,,,,Swansea City,Millwall FC,Swansea.com Stadium,Attendance: 15.119,https://www.transfermarkt.co.uk/swansea-city_millwall-fc/index/spielbericht/4382616
,,,"Wed, 23/10/24",,,,,Luton Town,Sunderland AFC,Kenilworth Road,Attendance: 11.332,https://www.transfermarkt.co.uk/luton-town_sunderland-afc/index/spielbericht/4382484
,,,"Sat, 02/11/24",,,,,Oxford United,Swansea City,Kassam Stadium,Attendance: 11.454,https://www.transfermarkt.co.uk/oxford-united_swansea-city/index/spielbericht/4382518
,,,"Sat, 26/10/24",,,,,Watford FC,Blackburn Rovers,Vicarage Road,Attendance: 18.880,https://www.transfermarkt.co.uk/watford-fc_blackburn-rovers/index/spielbericht/4382617
,,,"Sat, 26/10/24",,,,,Burnley FC,Queens Park Rangers,Turf Moor,Attendance: 19.187,https://www.transfermarkt.co.uk/burnley-fc_queens-park-rangers/index/spielbericht/4382608
,,,"Sat, 02/11/24",,,,,Blackburn Rovers,Sheffield United,Ewood Park,Attendance: 16.810,https://www.transfermarkt.co.uk/blackburn-rovers_sheffield-united/index/spielbericht/4382511
,,,"Fri, 01/11/24",,,,,Luton Town,West Bromwich Albion,Kenilworth Road,Attendance: 11.665,https://www.transfermarkt.co.uk/luton-town_west-bromwich-albion/index/spielbericht/4382515
,,,"Sat, 02/11/24",,,,,Cardiff City,Norwich City,Cardiff City Stadium,Attendance: 19.032,https://www.transfermarkt.co.uk/cardiff-city_norwich-city/index/spielbericht/4382512
,,,"Sat, 02/11/24",,,,,Hull City,Portsmouth FC,MKM Stadium,Attendance: 21.904,https://www.transfermarkt.co.uk/hull-city_portsmouth-fc/index/spielbericht/4382513
,,,"Sat, 26/10/24",,,,,Sunderland AFC,Oxford United,Stadium of Light,Attendance: 35.106,https://www.transfermarkt.co.uk/sunderland-afc_oxford-united/index/spielbericht/4382615
,,,"Fri, 25/10/24",,,,,Portsmouth FC,Sheffield Wednesday,Fratton Park,Attendance: 20.262,https://www.transfermarkt.co.uk/portsmouth-fc_sheffield-wednesday/index/spielbericht/4382613
,,,"Sun, 27/10/24",,,,,Norwich City,Middlesbrough FC,Carrow Road,Attendance: 26.487,https://www.transfermarkt.co.uk/norwich-city_middlesbrough-fc/index/spielbericht/4382611
,,,"Sat, 02/11/24",,,,,Queens Park Rangers,Sunderland AFC,Loftus Road Stadium,Attendance: 16.383,https://www.transfermarkt.co.uk/queens-park-rangers_sunderland-afc/index/spielbericht/4382520
,,,"Sat, 26/10/24",,,,,Sheffield United,Stoke City,Bramall Lane,Attendance: 28.575,https://www.transfermarkt.co.uk/sheffield-united_stoke-city/index/spielbericht/4382614
,,,"Sun, 03/11/24",,,,,Millwall FC,Burnley FC,The Den,Attendance: 14.245,https://www.transfermarkt.co.uk/millwall-fc_burnley-fc/index/spielbericht/4382517
,,,"Sat, 26/10/24",,,,,West Bromwich Albion,Cardiff City,The Hawthorns,Attendance: 25.312,https://www.transfermarkt.co.uk/west-bromwich-albion_cardiff-city/index/spielbericht/4382618
,,,"Sat, 26/10/24",,,,,Derby County,Hull City,Pride Park Stadium,Attendance: 29.877,https://www.transfermarkt.co.uk/derby-county_hull-city/index/spielbericht/4382610
,,,"Sat, 02/11/24",,,,,Preston North End,Bristol City,Deepdale,Attendance: 14.261,https://www.transfermarkt.co.uk/preston-north-end_bristol-city/index/spielbericht/4382519
,,,"Tue, 05/11/24",,,,,Bristol City,Sheffield United,Ashton Gate,Attendance: 18.736,https://www.transfermarkt.co.uk/bristol-city_sheffield-united/index/spielbericht/4382523
,,,"Sat, 02/11/24",,,,,Sheffield Wednesday,Watford FC,Hillsborough,Attendance: 25.600,https://www.transfermarkt.co.uk/sheffield-wednesday_watford-fc/index/spielbericht/4382521
,,,"Tue, 05/11/24",,,,,Plymouth Argyle,Portsmouth FC,Home Park,Attendance: 16.647,https://www.transfermarkt.co.uk/plymouth-argyle_portsmouth-fc/index/spielbericht/4382526
,,,"Sat, 02/11/24",,,,,Middlesbrough FC,Coventry City,Riverside Stadium,Attendance: 24.921,https://www.transfermarkt.co.uk/middlesbrough-fc_coventry-city/index/spielbericht/4382516
,,,"Wed, 06/11/24",,,,,Millwall FC,Leeds United,The Den,Attendance: 16.693,https://www.transfermarkt.co.uk/millwall-fc_leeds-united/index/spielbericht/4382524
,,,"Tue, 22/10/24",,,,,Leeds United,Watford FC,Elland Road,Attendance: 34.968,https://www.transfermarkt.co.uk/leeds-united_watford-fc/index/spielbericht/4382477
,,,"Wed, 06/11/24",,,,,Coventry City,Derby County,Coventry Building Society Arena,Attendance: 27.243,https://www.transfermarkt.co.uk/coventry-city_derby-county/index/spielbericht/4382532
,,,"Sat, 09/11/24",,,,,Stoke City,Millwall FC,bet365 Stadium,Attendance: 21.060,https://www.transfermarkt.co.uk/stoke-city_millwall-fc/index/spielbericht/4382556
,,,"Sat, 31/08/24",,,,,Millwall FC,Sheffield Wednesday,The Den,Attendance: 14.905,https://www.transfermarkt.co.uk/millwall-fc_sheffield-wednesday/index/spielbericht/4382409
,,,"Tue, 05/11/24",,,,,Swansea City,Watford FC,Swansea.com Stadium,Attendance: 12.869,https://www.transfermarkt.co.uk/swansea-city_watford-fc/index/spielbericht/4382529
,,,"Wed, 06/11/24",,,,,Preston North End,Sunderland AFC,Deepdale,Attendance: 18.064,https://www.transfermarkt.co.uk/preston-north-end_sunderland-afc/index/spielbericht/4382534
,,,"Sat, 09/11/24",,,,,Leeds United,Queens Park Rangers,Elland Road,Attendance: 36.011,https://www.transfermarkt.co.uk/leeds-united_queens-park-rangers/index/spielbericht/4382551
,,,"Sat, 09/11/24",,,,,Portsmouth FC,Preston North End,Fratton Park,Attendance: 20.295,https://www.transfermarkt.co.uk/portsmouth-fc_preston-north-end/index/spielbericht/4382554
,,,"Sat, 09/11/24",,,,,Sunderland AFC,Coventry City,Stadium of Light,Attendance: 36.374,https://www.transfermarkt.co.uk/sunderland-afc_coventry-city/index/spielbericht/4382557
,,,"Sun, 10/11/24",,,,,Sheffield United,Sheffield Wednesday,Bramall Lane,Attendance: 31.127,https://www.transfermarkt.co.uk/sheffield-united_sheffield-wednesday/index/spielbericht/4382555
,,,"Sat, 23/11/24",,,,,Bristol City,Burnley FC,Ashton Gate,Attendance: 20.800,https://www.transfermarkt.co.uk/bristol-city_burnley-fc/index/spielbericht/4382488
,,,"Wed, 06/11/24",,,,,Luton Town,Cardiff City,Kenilworth Road,Attendance: 10.656,https://www.transfermarkt.co.uk/luton-town_cardiff-city/index/spielbericht/4382533
,,,"Sun, 10/11/24",,,,,Hull City,West Bromwich Albion,MKM Stadium,Attendance: 20.538,https://www.transfermarkt.co.uk/hull-city_west-bromwich-albion/index/spielbericht/4382550
,,,"Sun, 01/09/24",,,,,Sheffield United,Watford FC,Bramall Lane,Attendance: 26.914,https://www.transfermarkt.co.uk/sheffield-united_watford-fc/index/spielbericht/4382413
,,,"Fri, 08/11/24",,,,,Watford FC,Oxford United,Vicarage Road,Attendance: 20.268,https://www.transfermarkt.co.uk/watford-fc_oxford-united/index/spielbericht/4382558
,,,"Sun, 10/11/24",,,,,Burnley FC,Swansea City,Turf Moor,Attendance: 18.717,https://www.transfermarkt.co.uk/burnley-fc_swansea-city/index/spielbericht/4382547
,,,"Sat, 23/11/24",,,,,Millwall FC,Sunderland AFC,The Den,Attendance: 18.385,https://www.transfermarkt.co.uk/millwall-fc_sunderland-afc/index/spielbericht/4382491
,,,"Fri, 22/11/24",,,,,Plymouth Argyle,Watford FC,Home Park,Attendance: 16.400,https://www.transfermarkt.co.uk/plymouth-argyle_watford-fc/index/spielbericht/4382493
,,,"Sat, 23/11/24",,,,,Coventry City,Sheffield United,Coventry Building Society Arena,Attendance: 28.057,https://www.transfermarkt.co.uk/coventry-city_sheffield-united/index/spielbericht/4382489
,,,"Sat, 23/11/24",,,,,Luton Town,Hull City,Kenilworth Road,Attendance: 11.386,https://www.transfermarkt.co.uk/luton-town_hull-city/index/spielbericht/4382490
,,,"Sat, 09/11/24",,,,,Derby County,Plymouth Argyle,Pride Park Stadium,Attendance: 29.652,https://www.transfermarkt.co.uk/derby-county_plymouth-argyle/index/spielbericht/4382549
,,,"Tue, 26/11/24",,,,,Burnley FC,Coventry City,Turf Moor,Attendance: 18.293,https://www.transfermarkt.co.uk/burnley-fc_coventry-city/index/spielbericht/4382535
,,,"Sat, 23/11/24",,,,,Oxford United,Middlesbrough FC,Kassam Stadium,Attendance: 11.442,https://www.transfermarkt.co.uk/oxford-united_middlesbrough-fc/index/spielbericht/4382492
,,,"Sat, 02/11/24",,,,,Leeds United,Plymouth Argyle,Elland Road,Attendance: 36.066,https://www.transfermarkt.co.uk/leeds-united_plymouth-argyle/index/spielbericht/4382514
,,,"Wed, 15/01/25",,,,,Blackburn Rovers,Portsmouth FC,Ewood Park,Attendance: 13.703,https://www.transfermarkt.co.uk/blackburn-rovers_portsmouth-fc/index/spielbericht/4382487
,,,"Sat, 26/10/24",,,,,Plymouth Argyle,Preston North End,Home Park,Attendance: 16.443,https://www.transfermarkt.co.uk/plymouth-argyle_preston-north-end/index/spielbericht/4382612
,,,"Tue, 26/11/24",,,,,Sunderland AFC,West Bromwich Albion,Stadium of Light,Attendance: 36.733,https://www.transfermarkt.co.uk/sunderland-afc_west-bromwich-albion/index/spielbericht/4382541
,,,"Wed, 06/11/24",,,,,Blackburn Rovers,Stoke City,Ewood Park,Attendance: 13.144,https://www.transfermarkt.co.uk/blackburn-rovers_stoke-city/index/spielbericht/4382531
,,,"Tue, 26/11/24",,,,,Norwich City,Plymouth Argyle,Carrow Road,Attendance: 25.893,https://www.transfermarkt.co.uk/norwich-city_plymouth-argyle/index/spielbericht/4382538
,,,"Tue, 26/11/24",,,,,Sheffield United,Oxford United,Bramall Lane,Attendance: 25.574,https://www.transfermarkt.co.uk/sheffield-united_oxford-united/index/spielbericht/4382539
,,,"Tue, 05/11/24",,,,,Oxford United,Hull City,Kassam Stadium,Attendance: 10.213,https://www.transfermarkt.co.uk/oxford-united_hull-city/index/spielbericht/4382525
,,,"Tue, 26/11/24",,,,,Watford FC,Bristol City,Vicarage Road,Attendance: 17.579,https://www.transfermarkt.co.uk/watford-fc_bristol-city/index/spielbericht/4382542
,,,"Sat, 23/11/24",,,,,Queens Park Rangers,Stoke City,Loftus Road Stadium,Attendance: 15.688,https://www.transfermarkt.co.uk/queens-park-rangers_stoke-city/index/spielbericht/4382495
,,,"Tue, 26/11/24",,,,,Hull City,Sheffield Wednesday,MKM Stadium,Attendance: 21.297,https://www.transfermarkt.co.uk/hull-city_sheffield-wednesday/index/spielbericht/4382536
,,,"Wed, 27/11/24",,,,,Middlesbrough FC,Blackburn Rovers,Riverside Stadium,Attendance: 22.751,https://www.transfermarkt.co.uk/middlesbrough-fc_blackburn-rovers/index/spielbericht/4382545
,,,"Wed, 27/11/24",,,,,Leeds United,Luton Town,Elland Road,Attendance: 35.340,https://www.transfermarkt.co.uk/leeds-united_luton-town/index/spielbericht/4382537
,,,"Tue, 28/01/25",,,,,Portsmouth FC,Millwall FC,Fratton Park,Attendance: 19.815,https://www.transfermarkt.co.uk/portsmouth-fc_millwall-fc/index/spielbericht/4382546
,,,"Tue, 22/10/24",,,,,Preston North End,Norwich City,Deepdale,Attendance: 13.677,https://www.transfermarkt.co.uk/preston-north-end_norwich-city/index/spielbericht/4382479
,,,"Sat, 30/11/24",,,,,Middlesbrough FC,Hull City,Riverside Stadium,Attendance: 24.121,https://www.transfermarkt.co.uk/middlesbrough-fc_hull-city/index/spielbericht/4382599
,,,"Tue, 05/11/24",,,,,Queens Park Rangers,Middlesbrough FC,Loftus Road Stadium,Attendance: 14.054,https://www.transfermarkt.co.uk/queens-park-rangers_middlesbrough-fc/index/spielbericht/4382527
,,,"Sat, 14/09/24",,,,,Plymouth Argyle,Sunderland AFC,Home Park,Attendance: 16.967,https://www.transfermarkt.co.uk/plymouth-argyle_sunderland-afc/index/spielbericht/4382422
,,,"Sat, 30/11/24",,,,,Coventry City,Cardiff City,Coventry Building Society Arena,Attendance: 27.137,https://www.transfermarkt.co.uk/coventry-city_cardiff-city/index/spielbericht/4382597
,,,"Sat, 30/11/24",,,,,Preston North End,West Bromwich Albion,Deepdale,Attendance: 16.124,https://www.transfermarkt.co.uk/preston-north-end_west-bromwich-albion/index/spielbericht/4382602
,,,"Sat, 30/11/24",,,,,Norwich City,Luton Town,Carrow Road,Attendance: 26.719,https://www.transfermarkt.co.uk/norwich-city_luton-town/index/spielbericht/4382600
,,,"Sat, 30/11/24",,,,,Blackburn Rovers,Leeds United,Ewood Park,Attendance: 21.492,https://www.transfermarkt.co.uk/blackburn-rovers_leeds-united/index/spielbericht/4382595
,,,"Wed, 27/11/24",,,,,Derby County,Swansea City,Pride Park Stadium,Attendance: 25.141,https://www.transfermarkt.co.uk/derby-county_swansea-city/index/spielbericht/4382544
,,,"Sat, 30/11/24",,,,,Watford FC,Queens Park Rangers,Vicarage Road,Attendance: 20.413,https://www.transfermarkt.co.uk/watford-fc_queens-park-rangers/index/spielbericht/4382606
,,,"Sun, 01/12/24",,,,,Derby County,Sheffield Wednesday,Pride Park Stadium,Attendance: 29.212,https://www.transfermarkt.co.uk/derby-county_sheffield-wednesday/index/spielbericht/4382598
,,,"Tue, 05/11/24",,,,,Sheffield Wednesday,Norwich City,Hillsborough,Attendance: 22.731,https://www.transfermarkt.co.uk/sheffield-wednesday_norwich-city/index/spielbericht/4382528
,,,"Sat, 07/12/24",,,,,Hull City,Blackburn Rovers,MKM Stadium,Attendance: 20.544,https://www.transfermarkt.co.uk/hull-city_blackburn-rovers/index/spielbericht/4382573
,,,"Sat, 09/11/24",,,,,Cardiff City,Blackburn Rovers,Cardiff City Stadium,Attendance: 17.188,https://www.transfermarkt.co.uk/cardiff-city_blackburn-rovers/index/spielbericht/4382548
,,,"Sun, 29/09/24",,,,,CA River Plate,CA Talleres,Mâs Monumental,Attendance: 84.567,https://www.transfermarkt.co.uk/ca-river-plate_ca-talleres/index/spielbericht/4342962
,,,"Sat, 07/12/24",,,,,Leeds United,Derby County,Elland Road,Attendance: 36.468,https://www.transfermarkt.co.uk/leeds-united_derby-county/index/spielbericht/4382574
,,,"Sat, 07/12/24",,,,,Sheffield Wednesday,Preston North End,Hillsborough,Attendance: 23.927,https://www.transfermarkt.co.uk/sheffield-wednesday_preston-north-end/index/spielbericht/4382580
,,,"Sat, 07/12/24",,,,,Millwall FC,Coventry City,The Den,Attendance: 16.460,https://www.transfermarkt.co.uk/millwall-fc_coventry-city/index/spielbericht/4382576
,,,"Sat, 07/12/24",,,,,Sunderland AFC,Stoke City,Stadium of Light,Attendance: 39.311,https://www.transfermarkt.co.uk/sunderland-afc_stoke-city/index/spielbericht/4382581
,,,"Fri, 06/12/24",,,,,Burnley FC,Middlesbrough FC,Turf Moor,Attendance: 20.543,https://www.transfermarkt.co.uk/burnley-fc_middlesbrough-fc/index/spielbericht/4382571
,,,"Sun, 08/12/24",,,,,West Bromwich Albion,Sheffield United,The Hawthorns,Attendance: 24.930,https://www.transfermarkt.co.uk/west-bromwich-albion_sheffield-united/index/spielbericht/4382582
,,,"Tue, 14/01/25",,,,,Cardiff City,Watford FC,Cardiff City Stadium,Attendance: 16.942,https://www.transfermarkt.co.uk/cardiff-city_watford-fc/index/spielbericht/4382572
,,,"Sat, 30/11/24",,,,,Swansea City,Portsmouth FC,Swansea.com Stadium,Attendance: 15.404,https://www.transfermarkt.co.uk/swansea-city_portsmouth-fc/index/spielbericht/4382605
,,,"Sat, 07/12/24",,,,,Luton Town,Swansea City,Kenilworth Road,Attendance: 11.264,https://www.transfermarkt.co.uk/luton-town_swansea-city/index/spielbericht/4382575
,,,"Sat, 07/12/24",,,,,Queens Park Rangers,Norwich City,Loftus Road Stadium,Attendance: 15.688,https://www.transfermarkt.co.uk/queens-park-rangers_norwich-city/index/spielbericht/4382579
,,,"Sat, 07/12/24",,,,,Portsmouth FC,Bristol City,Fratton Park,Attendance: 20.415,https://www.transfermarkt.co.uk/portsmouth-fc_bristol-city/index/spielbericht/4382578
,,,"Tue, 10/12/24",,,,,Luton Town,Stoke City,Kenilworth Road,Attendance: 10.537,https://www.transfermarkt.co.uk/luton-town_stoke-city/index/spielbericht/4382633
,,,"Tue, 10/12/24",,,,,Burnley FC,Derby County,Turf Moor,Attendance: 18.813,https://www.transfermarkt.co.uk/burnley-fc_derby-county/index/spielbericht/4382631
,,,"Tue, 10/12/24",,,,,Sheffield Wednesday,Blackburn Rovers,Hillsborough,Attendance: 22.703,https://www.transfermarkt.co.uk/sheffield-wednesday_blackburn-rovers/index/spielbericht/4382637
,,,"Tue, 14/01/25",,,,,Plymouth Argyle,Oxford United,Home Park,Attendance: 15.933,https://www.transfermarkt.co.uk/plymouth-argyle_oxford-united/index/spielbericht/4382577
,,,"Tue, 10/12/24",,,,,Sunderland AFC,Bristol City,Stadium of Light,Attendance: 35.421,https://www.transfermarkt.co.uk/sunderland-afc_bristol-city/index/spielbericht/4382638
,,,"Wed, 11/12/24",,,,,West Bromwich Albion,Coventry City,The Hawthorns,Attendance: 24.859,https://www.transfermarkt.co.uk/west-bromwich-albion_coventry-city/index/spielbericht/4382642
,,,"Wed, 11/12/24",,,,,Hull City,Watford FC,MKM Stadium,Attendance: 18.694,https://www.transfermarkt.co.uk/hull-city_watford-fc/index/spielbericht/4382640
,,,"Wed, 11/12/24",,,,,Queens Park Rangers,Oxford United,Loftus Road Stadium,Attendance: 14.440,https://www.transfermarkt.co.uk/queens-park-rangers_oxford-united/index/spielbericht/4382641
,,,"Wed, 11/12/24",,,,,Millwall FC,Sheffield United,The Den,Attendance: 12.734,https://www.transfermarkt.co.uk/millwall-fc_sheffield-united/index/spielbericht/4382634
,,,"Wed, 11/12/24",,,,,Cardiff City,Preston North End,Cardiff City Stadium,Attendance: 15.006,https://www.transfermarkt.co.uk/cardiff-city_preston-north-end/index/spielbericht/4382639
,,,"Tue, 10/12/24",,,,,Plymouth Argyle,Swansea City,Home Park,Attendance: 15.305,https://www.transfermarkt.co.uk/plymouth-argyle_swansea-city/index/spielbericht/4382635
,,,"Sat, 14/12/24",,,,,Blackburn Rovers,Luton Town,Ewood Park,Attendance: 13.857,https://www.transfermarkt.co.uk/blackburn-rovers_luton-town/index/spielbericht/4382583
,,,"Tue, 10/12/24",,,,,Portsmouth FC,Norwich City,Fratton Park,Attendance: 20.151,https://www.transfermarkt.co.uk/portsmouth-fc_norwich-city/index/spielbericht/4382636
,,,"Sat, 14/12/24",,,,,Oxford United,Sheffield Wednesday,Kassam Stadium,Attendance: 11.567,https://www.transfermarkt.co.uk/oxford-united_sheffield-wednesday/index/spielbericht/4382589
,,,"Sat, 14/12/24",,,,,Coventry City,Hull City,Coventry Building Society Arena,Attendance: 25.528,https://www.transfermarkt.co.uk/coventry-city_hull-city/index/spielbericht/4382585
,,,"Sat, 14/12/24",,,,,Bristol City,Queens Park Rangers,Ashton Gate,Attendance: 20.925,https://www.transfermarkt.co.uk/bristol-city_queens-park-rangers/index/spielbericht/4382584
,,,"Sat, 14/12/24",,,,,Stoke City,Cardiff City,bet365 Stadium,Attendance: 20.847,https://www.transfermarkt.co.uk/stoke-city_cardiff-city/index/spielbericht/4382592
,,,"Fri, 13/12/24",,,,,Derby County,Portsmouth FC,Pride Park Stadium,Attendance: 26.980,https://www.transfermarkt.co.uk/derby-county_portsmouth-fc/index/spielbericht/4382586
,,,"Sat, 14/12/24",,,,,Middlesbrough FC,Millwall FC,Riverside Stadium,Attendance: 23.445,https://www.transfermarkt.co.uk/middlesbrough-fc_millwall-fc/index/spielbericht/4382587
,,,"Sat, 14/12/24",,,,,Sheffield United,Plymouth Argyle,Bramall Lane,Attendance: 27.237,https://www.transfermarkt.co.uk/sheffield-united_plymouth-argyle/index/spielbericht/4382591
,,,"Sat, 14/12/24",,,,,Swansea City,Sunderland AFC,Swansea.com Stadium,Attendance: 15.791,https://www.transfermarkt.co.uk/swansea-city_sunderland-afc/index/spielbericht/4382593
,,,"Sat, 09/11/24",,,,,Norwich City,Bristol City,Carrow Road,Attendance: 26.423,https://www.transfermarkt.co.uk/norwich-city_bristol-city/index/spielbericht/4382553
,,,"Sat, 21/12/24",,,,,Hull City,Swansea City,MKM Stadium,Attendance: 20.024,https://www.transfermarkt.co.uk/hull-city_swansea-city/index/spielbericht/4382561
,,,"Sun, 15/12/24",,,,,Norwich City,Burnley FC,Carrow Road,Attendance: 26.218,https://www.transfermarkt.co.uk/norwich-city_burnley-fc/index/spielbericht/4382588
,,,"Sat, 21/12/24",,,,,Cardiff City,Sheffield United,Cardiff City Stadium,Attendance: 18.312,https://www.transfermarkt.co.uk/cardiff-city_sheffield-united/index/spielbericht/4382560
,,,"Sun, 15/12/24",,,,,Watford FC,West Bromwich Albion,Vicarage Road,Attendance: 19.774,https://www.transfermarkt.co.uk/watford-fc_west-bromwich-albion/index/spielbericht/4382594
,,,"Sat, 21/12/24",,,,,Plymouth Argyle,Middlesbrough FC,Home Park,Attendance: 16.550,https://www.transfermarkt.co.uk/plymouth-argyle_middlesbrough-fc/index/spielbericht/4382565
,,,"Thu, 26/12/24",,,,,Bristol City,Luton Town,Ashton Gate,Attendance: 21.828,https://www.transfermarkt.co.uk/bristol-city_luton-town/index/spielbericht/4382656
,,,"Sat, 21/12/24",,,,,Queens Park Rangers,Preston North End,Loftus Road Stadium,Attendance: 15.323,https://www.transfermarkt.co.uk/queens-park-rangers_preston-north-end/index/spielbericht/4382567
,,,"Sat, 21/12/24",,,,,Burnley FC,Watford FC,Turf Moor,Attendance: 19.601,https://www.transfermarkt.co.uk/burnley-fc_watford-fc/index/spielbericht/4382559
,,,"Sat, 21/12/24",,,,,Sheffield Wednesday,Stoke City,Hillsborough,Attendance: 26.743,https://www.transfermarkt.co.uk/sheffield-wednesday_stoke-city/index/spielbericht/4382568
,,,"Sat, 21/12/24",,,,,Leeds United,Oxford United,Elland Road,Attendance: 36.646,https://www.transfermarkt.co.uk/leeds-united_oxford-united/index/spielbericht/4382562
,,,"Thu, 26/12/24",,,,,Coventry City,Plymouth Argyle,Coventry Building Society Arena,Attendance: 29.420,https://www.transfermarkt.co.uk/coventry-city_plymouth-argyle/index/spielbericht/4382657
,,,"Thu, 26/12/24",,,,,Middlesbrough FC,Sheffield Wednesday,Riverside Stadium,Attendance: 32.147,https://www.transfermarkt.co.uk/middlesbrough-fc_sheffield-wednesday/index/spielbericht/4382659
,,,"Sat, 23/11/24",,,,,Sheffield Wednesday,Cardiff City,Hillsborough,Attendance: 23.974,https://www.transfermarkt.co.uk/sheffield-wednesday_cardiff-city/index/spielbericht/4382496
,,,"Thu, 26/12/24",,,,,Norwich City,Millwall FC,Carrow Road,Attendance: 26.060,https://www.transfermarkt.co.uk/norwich-city_millwall-fc/index/spielbericht/4382660
,,,"Thu, 26/12/24",,,,,Blackburn Rovers,Sunderland AFC,Ewood Park,Attendance: 24.961,https://www.transfermarkt.co.uk/blackburn-rovers_sunderland-afc/index/spielbericht/4382655
,,,"Sat, 30/11/24",,,,,Oxford United,Millwall FC,Kassam Stadium,Attendance: 10.990,https://www.transfermarkt.co.uk/oxford-united_millwall-fc/index/spielbericht/4382601
,,,"Sat, 21/12/24",,,,,Sunderland AFC,Norwich City,Stadium of Light,Attendance: 40.114,https://www.transfermarkt.co.uk/sunderland-afc_norwich-city/index/spielbericht/4382569
,,,"Sun, 22/12/24",,,,,West Bromwich Albion,Bristol City,The Hawthorns,Attendance: 25.910,https://www.transfermarkt.co.uk/west-bromwich-albion_bristol-city/index/spielbericht/4382570
,,,"Wed, 27/11/24",,,,,Cardiff City,Queens Park Rangers,Cardiff City Stadium,Attendance: 16.205,https://www.transfermarkt.co.uk/cardiff-city_queens-park-rangers/index/spielbericht/4382543
,,,"Thu, 26/12/24",,,,,Oxford United,Cardiff City,Kassam Stadium,Attendance: 11.494,https://www.transfermarkt.co.uk/oxford-united_cardiff-city/index/spielbericht/4382661
,,,"Thu, 26/12/24",,,,,Swansea City,Queens Park Rangers,Swansea.com Stadium,Attendance: 15.843,https://www.transfermarkt.co.uk/swansea-city_queens-park-rangers/index/spielbericht/4382665
,,,"Thu, 26/12/24",,,,,Preston North End,Hull City,Deepdale,Attendance: 16.521,https://www.transfermarkt.co.uk/preston-north-end_hull-city/index/spielbericht/4382662
,,,"Thu, 26/12/24",,,,,Watford FC,Portsmouth FC,Vicarage Road,Attendance: 20.696,https://www.transfermarkt.co.uk/watford-fc_portsmouth-fc/index/spielbericht/4382666
,,,"Sun, 29/12/24",,,,,Preston North End,Sheffield Wednesday,Deepdale,Attendance: 19.950,https://www.transfermarkt.co.uk/preston-north-end_sheffield-wednesday/index/spielbericht/4382674
,,,"Sun, 29/12/24",,,,,Sheffield United,West Bromwich Albion,Bramall Lane,Attendance: 29.123,https://www.transfermarkt.co.uk/sheffield-united_west-bromwich-albion/index/spielbericht/4382675
,,,"Sat, 09/11/24",,,,,Middlesbrough FC,Luton Town,Riverside Stadium,Attendance: 23.692,https://www.transfermarkt.co.uk/middlesbrough-fc_luton-town/index/spielbericht/4382552
,,,"Sun, 29/12/24",,,,,Coventry City,Millwall FC,Coventry Building Society Arena,Attendance: 28.216,https://www.transfermarkt.co.uk/coventry-city_millwall-fc/index/spielbericht/4382669
,,,"Thu, 26/12/24",,,,,Stoke City,Leeds United,bet365 Stadium,Attendance: 24.738,https://www.transfermarkt.co.uk/stoke-city_leeds-united/index/spielbericht/4382664
,,,"Sun, 29/12/24",,,,,Norwich City,Queens Park Rangers,Carrow Road,Attendance: 26.563,https://www.transfermarkt.co.uk/norwich-city_queens-park-rangers/index/spielbericht/4382672
,,,"Sun, 29/12/24",,,,,Blackburn Rovers,Hull City,Ewood Park,Attendance: 16.245,https://www.transfermarkt.co.uk/blackburn-rovers_hull-city/index/spielbericht/4382667
,,,"Sun, 29/12/24",,,,,Swansea City,Luton Town,Swansea.com Stadium,Attendance: 16.414,https://www.transfermarkt.co.uk/swansea-city_luton-town/index/spielbericht/4382677
,,,"Sun, 24/11/24",,,,,Swansea City,Leeds United,Swansea.com Stadium,Attendance: 17.125,https://www.transfermarkt.co.uk/swansea-city_leeds-united/index/spielbericht/4382497
,,,"Sun, 29/12/24",,,,,Bristol City,Portsmouth FC,Ashton Gate,Attendance: 24.560,https://www.transfermarkt.co.uk/bristol-city_portsmouth-fc/index/spielbericht/4382668
,,,"Sun, 29/12/24",,,,,Oxford United,Plymouth Argyle,Kassam Stadium,Attendance: 11.438,https://www.transfermarkt.co.uk/oxford-united_plymouth-argyle/index/spielbericht/4382673
,,,"Fri, 18/10/24",,,,,CA Central Córdoba (SdE),CS Independiente Rivadavia,Único Madre de Ciudades,Attendance: 1.800,https://www.transfermarkt.co.uk/ca-central-cordoba-sde-_cs-independiente-rivadavia/index/spielbericht/4343155
,,,"Tue, 10/12/24",,,,,Leeds United,Middlesbrough FC,Elland Road,Attendance: 36.422,https://www.transfermarkt.co.uk/leeds-united_middlesbrough-fc/index/spielbericht/4382632
,,,"Sun, 29/12/24",,,,,Watford FC,Cardiff City,Vicarage Road,Attendance: 19.916,https://www.transfermarkt.co.uk/watford-fc_cardiff-city/index/spielbericht/4382678
,,,"Sat, 30/11/24",,,,,Stoke City,Burnley FC,bet365 Stadium,Attendance: 22.994,https://www.transfermarkt.co.uk/stoke-city_burnley-fc/index/spielbericht/4382604
,,,"Wed, 01/01/25",,,,,Burnley FC,Stoke City,Turf Moor,Attendance: 20.119,https://www.transfermarkt.co.uk/burnley-fc_stoke-city/index/spielbericht/4382619
,,,"Wed, 01/01/25",,,,,Cardiff City,Coventry City,Cardiff City Stadium,Attendance: 19.045,https://www.transfermarkt.co.uk/cardiff-city_coventry-city/index/spielbericht/4382620
,,,"Wed, 01/01/25",,,,,Millwall FC,Oxford United,The Den,Attendance: 14.964,https://www.transfermarkt.co.uk/millwall-fc_oxford-united/index/spielbericht/4382624
,,,"Wed, 01/01/25",,,,,Leeds United,Blackburn Rovers,Elland Road,Attendance: 36.645,https://www.transfermarkt.co.uk/leeds-united_blackburn-rovers/index/spielbericht/4382622
,,,"Wed, 01/01/25",,,,,Queens Park Rangers,Watford FC,Loftus Road Stadium,Attendance: 17.268,https://www.transfermarkt.co.uk/queens-park-rangers_watford-fc/index/spielbericht/4382627
,,,"Sun, 29/12/24",,,,,Stoke City,Sunderland AFC,bet365 Stadium,Attendance: 23.654,https://www.transfermarkt.co.uk/stoke-city_sunderland-afc/index/spielbericht/4382676
,,,"Sat, 14/12/24",,,,,Preston North End,Leeds United,Deepdale,Attendance: 19.508,https://www.transfermarkt.co.uk/preston-north-end_leeds-united/index/spielbericht/4382590
,,,"Sun, 29/12/24",,,,,Middlesbrough FC,Burnley FC,Riverside Stadium,Attendance: 27.686,https://www.transfermarkt.co.uk/middlesbrough-fc_burnley-fc/index/spielbericht/4382671
,,,"Wed, 01/01/25",,,,,Luton Town,Norwich City,Kenilworth Road,Attendance: 11.828,https://www.transfermarkt.co.uk/luton-town_norwich-city/index/spielbericht/4382623
,,,"Wed, 01/01/25",,,,,Sheffield Wednesday,Derby County,Hillsborough,Attendance: 31.056,https://www.transfermarkt.co.uk/sheffield-wednesday_derby-county/index/spielbericht/4382628
,,,"Thu, 07/11/24",,,,,West Bromwich Albion,Burnley FC,The Hawthorns,Attendance: 23.443,https://www.transfermarkt.co.uk/west-bromwich-albion_burnley-fc/index/spielbericht/4382530
,,,"Wed, 01/01/25",,,,,Hull City,Middlesbrough FC,MKM Stadium,Attendance: 21.585,https://www.transfermarkt.co.uk/hull-city_middlesbrough-fc/index/spielbericht/4382621
,,,"Wed, 01/01/25",,,,,West Bromwich Albion,Preston North End,The Hawthorns,Attendance: 24.320,https://www.transfermarkt.co.uk/west-bromwich-albion_preston-north-end/index/spielbericht/4382630
,,,"Wed, 01/01/25",,,,,Sunderland AFC,Sheffield United,Stadium of Light,Attendance: 42.276,https://www.transfermarkt.co.uk/sunderland-afc_sheffield-united/index/spielbericht/4382629
,,,"Sat, 04/01/25",,,,,Hull City,Leeds United,MKM Stadium,Attendance: 24.463,https://www.transfermarkt.co.uk/hull-city_leeds-united/index/spielbericht/4382693
,,,"Sat, 04/01/25",,,,,Blackburn Rovers,Burnley FC,Ewood Park,Attendance: 25.909,https://www.transfermarkt.co.uk/blackburn-rovers_burnley-fc/index/spielbericht/4382691
,,,"Sat, 04/01/25",,,,,Stoke City,Plymouth Argyle,bet365 Stadium,Attendance: 26.168,https://www.transfermarkt.co.uk/stoke-city_plymouth-argyle/index/spielbericht/4382699
,,,"Sat, 04/01/25",,,,,Bristol City,Derby County,Ashton Gate,Attendance: 22.040,https://www.transfermarkt.co.uk/bristol-city_derby-county/index/spielbericht/4382692
,,,"Sat, 04/01/25",,,,,Middlesbrough FC,Cardiff City,Riverside Stadium,Attendance: 24.634,https://www.transfermarkt.co.uk/middlesbrough-fc_cardiff-city/index/spielbericht/4382694
,,,"Sat, 18/01/25",,,,,Millwall FC,Hull City,The Den,Attendance: 14.759,https://www.transfermarkt.co.uk/millwall-fc_hull-city/index/spielbericht/4382649
,,,"Sat, 30/11/24",,,,,Bristol City,Plymouth Argyle,Ashton Gate,Attendance: 24.317,https://www.transfermarkt.co.uk/bristol-city_plymouth-argyle/index/spielbericht/4382596
,,,"Sat, 04/01/25",,,,,Norwich City,Coventry City,Carrow Road,Attendance: 26.682,https://www.transfermarkt.co.uk/norwich-city_coventry-city/index/spielbericht/4382695
,,,"Sat, 04/01/25",,,,,Sheffield Wednesday,Millwall FC,Hillsborough,Attendance: 25.208,https://www.transfermarkt.co.uk/sheffield-wednesday_millwall-fc/index/spielbericht/4382698
,,,"Sat, 18/01/25",,,,,Cardiff City,Swansea City,Cardiff City Stadium,Attendance: 26.536,https://www.transfermarkt.co.uk/cardiff-city_swansea-city/index/spielbericht/4382644
,,,"Sat, 04/01/25",,,,,Preston North End,Oxford United,Deepdale,Attendance: 14.749,https://www.transfermarkt.co.uk/preston-north-end_oxford-united/index/spielbericht/4382696
,,,"Sat, 04/01/25",,,,,Swansea City,West Bromwich Albion,Swansea.com Stadium,Attendance: 14.729,https://www.transfermarkt.co.uk/swansea-city_west-bromwich-albion/index/spielbericht/4382701
,,,"Sat, 04/01/25",,,,,Watford FC,Sheffield United,Vicarage Road,Attendance: 19.937,https://www.transfermarkt.co.uk/watford-fc_sheffield-united/index/spielbericht/4382702
,,,"Sat, 18/01/25",,,,,Plymouth Argyle,Queens Park Rangers,Home Park,Attendance: 16.988,https://www.transfermarkt.co.uk/plymouth-argyle_queens-park-rangers/index/spielbericht/4382651
,,,"Sat, 18/01/25",,,,,Coventry City,Bristol City,Coventry Building Society Arena,Attendance: 26.695,https://www.transfermarkt.co.uk/coventry-city_bristol-city/index/spielbericht/4382645
,,,"Sat, 18/01/25",,,,,Oxford United,Blackburn Rovers,Kassam Stadium,Attendance: 11.207,https://www.transfermarkt.co.uk/oxford-united_blackburn-rovers/index/spielbericht/4382650
,,,"Sat, 18/01/25",,,,,Derby County,Watford FC,Pride Park Stadium,Attendance: 29.040,https://www.transfermarkt.co.uk/derby-county_watford-fc/index/spielbericht/4382646
,,,"Sun, 05/01/25",,,,,Sunderland AFC,Portsmouth FC,Stadium of Light,Attendance: 39.846,https://www.transfermarkt.co.uk/sunderland-afc_portsmouth-fc/index/spielbericht/4382700
,,,"Sat, 18/01/25",,,,,West Bromwich Albion,Stoke City,The Hawthorns,Attendance: 25.679,https://www.transfermarkt.co.uk/west-bromwich-albion_stoke-city/index/spielbericht/4382654
,,,"Sat, 18/01/25",,,,,Portsmouth FC,Middlesbrough FC,Fratton Park,Attendance: 20.389,https://www.transfermarkt.co.uk/portsmouth-fc_middlesbrough-fc/index/spielbericht/4382652
,,,"Sat, 18/01/25",,,,,Sheffield United,Norwich City,Bramall Lane,Attendance: 28.239,https://www.transfermarkt.co.uk/sheffield-united_norwich-city/index/spielbericht/4382653
,,,"Tue, 21/01/25",,,,,Blackburn Rovers,Coventry City,Ewood Park,Attendance: 12.819,https://www.transfermarkt.co.uk/blackburn-rovers_coventry-city/index/spielbericht/4382679
,,,"Sat, 18/01/25",,,,,Luton Town,Preston North End,Kenilworth Road,Attendance: 11.540,https://www.transfermarkt.co.uk/luton-town_preston-north-end/index/spielbericht/4382648
,,,"Tue, 21/01/25",,,,,Hull City,Queens Park Rangers,MKM Stadium,Attendance: 19.180,https://www.transfermarkt.co.uk/hull-city_queens-park-rangers/index/spielbericht/4382681
,,,"Mon, 06/01/25",,,,,Queens Park Rangers,Luton Town,Loftus Road Stadium,Attendance: 14.025,https://www.transfermarkt.co.uk/queens-park-rangers_luton-town/index/spielbericht/4382697
,,,"Sun, 19/01/25",,,,,Leeds United,Sheffield Wednesday,Elland Road,Attendance: 36.685,https://www.transfermarkt.co.uk/leeds-united_sheffield-wednesday/index/spielbericht/4382647
,,,"Fri, 17/01/25",,,,,Burnley FC,Sunderland AFC,Turf Moor,Attendance: 21.014,https://www.transfermarkt.co.uk/burnley-fc_sunderland-afc/index/spielbericht/4382643
,,,"Tue, 21/01/25",,,,,Derby County,Sunderland AFC,Pride Park Stadium,Attendance: 27.441,https://www.transfermarkt.co.uk/derby-county_sunderland-afc/index/spielbericht/4382680
,,,"Tue, 21/01/25",,,,,Millwall FC,Cardiff City,The Den,Attendance: 12.041,https://www.transfermarkt.co.uk/millwall-fc_cardiff-city/index/spielbericht/4382683
,,,"Tue, 21/01/25",,,,,Watford FC,Preston North End,Vicarage Road,Attendance: 16.397,https://www.transfermarkt.co.uk/watford-fc_preston-north-end/index/spielbericht/4382686
,,,"Sat, 21/12/24",,,,,Millwall FC,Blackburn Rovers,The Den,Attendance: 14.009,https://www.transfermarkt.co.uk/millwall-fc_blackburn-rovers/index/spielbericht/4382564
,,,"Tue, 21/01/25",,,,,Oxford United,Luton Town,Kassam Stadium,Attendance: 11.035,https://www.transfermarkt.co.uk/oxford-united_luton-town/index/spielbericht/4382684
,,,"Tue, 21/01/25",,,,,Middlesbrough FC,West Bromwich Albion,Riverside Stadium,Attendance: 22.323,https://www.transfermarkt.co.uk/middlesbrough-fc_west-bromwich-albion/index/spielbericht/4382682
,,,"Sat, 21/12/24",,,,,Portsmouth FC,Coventry City,Fratton Park,Attendance: 20.330,https://www.transfermarkt.co.uk/portsmouth-fc_coventry-city/index/spielbericht/4382566
,,,"Wed, 22/01/25",,,,,Portsmouth FC,Stoke City,Fratton Park,Attendance: 19.388,https://www.transfermarkt.co.uk/portsmouth-fc_stoke-city/index/spielbericht/4382689
,,,"Wed, 22/01/25",,,,,Plymouth Argyle,Burnley FC,Home Park,Attendance: 15.509,https://www.transfermarkt.co.uk/plymouth-argyle_burnley-fc/index/spielbericht/4382688
,,,"Sat, 25/01/25",,,,,Stoke City,Oxford United,bet365 Stadium,Attendance: 22.911,https://www.transfermarkt.co.uk/stoke-city_oxford-united/index/spielbericht/4382712
,,,"Sat, 25/01/25",,,,,Bristol City,Blackburn Rovers,Ashton Gate,Attendance: 20.945,https://www.transfermarkt.co.uk/bristol-city_blackburn-rovers/index/spielbericht/4382703
,,,"Wed, 22/01/25",,,,,Leeds United,Norwich City,Elland Road,Attendance: 35.157,https://www.transfermarkt.co.uk/leeds-united_norwich-city/index/spielbericht/4382687
,,,"Sat, 25/01/25",,,,,Cardiff City,Derby County,Cardiff City Stadium,Attendance: 19.548,https://www.transfermarkt.co.uk/cardiff-city_derby-county/index/spielbericht/4382705
,,,"Sat, 25/01/25",,,,,Preston North End,Middlesbrough FC,Deepdale,Attendance: 18.474,https://www.transfermarkt.co.uk/preston-north-end_middlesbrough-fc/index/spielbericht/4382709
,,,"Sat, 25/01/25",,,,,Luton Town,Millwall FC,Kenilworth Road,Attendance: 11.418,https://www.transfermarkt.co.uk/luton-town_millwall-fc/index/spielbericht/4382707
,,,"Tue, 21/01/25",,,,,Swansea City,Sheffield United,Swansea.com Stadium,Attendance: 13.373,https://www.transfermarkt.co.uk/swansea-city_sheffield-united/index/spielbericht/4382685
,,,"Fri, 31/01/25",,,,,Blackburn Rovers,Preston North End,Ewood Park,Attendance: 21.392,https://www.transfermarkt.co.uk/blackburn-rovers_preston-north-end/index/spielbericht/4382775
,,,"Sat, 25/01/25",,,,,Queens Park Rangers,Sheffield Wednesday,Loftus Road Stadium,Attendance: 17.352,https://www.transfermarkt.co.uk/queens-park-rangers_sheffield-wednesday/index/spielbericht/4382710
,,,"Sun, 29/12/24",,,,,Derby County,Leeds United,Pride Park Stadium,Attendance: 32.240,https://www.transfermarkt.co.uk/derby-county_leeds-united/index/spielbericht/4382670
,,,"Sat, 25/01/25",,,,,Sunderland AFC,Plymouth Argyle,Stadium of Light,Attendance: 41.097,https://www.transfermarkt.co.uk/sunderland-afc_plymouth-argyle/index/spielbericht/4382713
,,,"Sat, 25/01/25",,,,,Norwich City,Swansea City,Carrow Road,Attendance: 25.713,https://www.transfermarkt.co.uk/norwich-city_swansea-city/index/spielbericht/4382708
,,,"Sat, 01/02/25",,,,,Watford FC,Norwich City,Vicarage Road,Attendance: 19.774,https://www.transfermarkt.co.uk/watford-fc_norwich-city/index/spielbericht/4382786
,,,"Mon, 27/01/25",,,,,Burnley FC,Leeds United,Turf Moor,Attendance: 21.329,https://www.transfermarkt.co.uk/burnley-fc_leeds-united/index/spielbericht/4382704
,,,"Sat, 01/02/25",,,,,Oxford United,Bristol City,Kassam Stadium,Attendance: 11.430,https://www.transfermarkt.co.uk/oxford-united_bristol-city/index/spielbericht/4382781
,,,"Sat, 14/12/24",,,,,CA San Lorenzo de Almagro,Club Atlético Tigre,Pedro Bidegain,Attendance: 26.550,https://www.transfermarkt.co.uk/ca-san-lorenzo-de-almagro_club-atletico-tigre/index/spielbericht/4343289
,,,"Sat, 01/02/25",,,,,Hull City,Stoke City,MKM Stadium,Attendance: 21.709,https://www.transfermarkt.co.uk/hull-city_stoke-city/index/spielbericht/4382777
,,,"Sat, 01/02/25",,,,,Sheffield Wednesday,Luton Town,Hillsborough,Attendance: 27.437,https://www.transfermarkt.co.uk/sheffield-wednesday_luton-town/index/spielbericht/4382784
,,,"Sat, 25/01/25",,,,,West Bromwich Albion,Portsmouth FC,The Hawthorns,Attendance: 25.261,https://www.transfermarkt.co.uk/west-bromwich-albion_portsmouth-fc/index/spielbericht/4382714
,,,"Sat, 01/02/25",,,,,Portsmouth FC,Burnley FC,Fratton Park,Attendance: 20.381,https://www.transfermarkt.co.uk/portsmouth-fc_burnley-fc/index/spielbericht/4382783
,,,"Sat, 01/02/25",,,,,Leeds United,Cardiff City,Elland Road,Attendance: 35.810,https://www.transfermarkt.co.uk/leeds-united_cardiff-city/index/spielbericht/4382778
,,,"Tue, 04/02/25",,,,,Queens Park Rangers,Blackburn Rovers,Loftus Road Stadium,Attendance: 13.571,https://www.transfermarkt.co.uk/queens-park-rangers_blackburn-rovers/index/spielbericht/4382734
,,,"Fri, 20/12/24",,,,,Luton Town,Derby County,Kenilworth Road,Attendance: 11.667,https://www.transfermarkt.co.uk/luton-town_derby-county/index/spielbericht/4382563
,,,"Sat, 01/02/25",,,,,Swansea City,Coventry City,Swansea.com Stadium,Attendance: 15.189,https://www.transfermarkt.co.uk/swansea-city_coventry-city/index/spielbericht/4382785
,,,"Sat, 01/02/25",,,,,Plymouth Argyle,West Bromwich Albion,Home Park,Attendance: 16.870,https://www.transfermarkt.co.uk/plymouth-argyle_west-bromwich-albion/index/spielbericht/4382782
,,,"Tue, 04/02/25",,,,,Burnley FC,Oxford United,Turf Moor,Attendance: 18.187,https://www.transfermarkt.co.uk/burnley-fc_oxford-united/index/spielbericht/4382728
,,,"Sat, 08/02/25",,,,,Norwich City,Derby County,Carrow Road,Attendance: 26.584,https://www.transfermarkt.co.uk/norwich-city_derby-county/index/spielbericht/4382732
,,,"Sat, 01/02/25",,,,,Derby County,Sheffield United,Pride Park Stadium,Attendance: 29.472,https://www.transfermarkt.co.uk/derby-county_sheffield-united/index/spielbericht/4382776
,,,"Wed, 05/02/25",,,,,Coventry City,Leeds United,Coventry Building Society Arena,Attendance: 28.008,https://www.transfermarkt.co.uk/coventry-city_leeds-united/index/spielbericht/4382730
,,,"Thu, 26/12/24",,,,,Derby County,West Bromwich Albion,Pride Park Stadium,Attendance: 31.267,https://www.transfermarkt.co.uk/derby-county_west-bromwich-albion/index/spielbericht/4382658
,,,"Sun, 09/02/25",,,,,Bristol City,Swansea City,Ashton Gate,Attendance: 21.554,https://www.transfermarkt.co.uk/bristol-city_swansea-city/index/spielbericht/4382727
,,,"Sat, 08/02/25",,,,,Sunderland AFC,Watford FC,Stadium of Light,Attendance: 41.329,https://www.transfermarkt.co.uk/sunderland-afc_watford-fc/index/spielbericht/4382737
,,,"Tue, 11/02/25",,,,,Coventry City,Queens Park Rangers,Coventry Building Society Arena,Attendance: 24.600,https://www.transfermarkt.co.uk/coventry-city_queens-park-rangers/index/spielbericht/4382740
,,,"Tue, 25/02/25",,,,,Stoke City,Middlesbrough FC,bet365 Stadium,Attendance: 20.141,https://www.transfermarkt.co.uk/stoke-city_middlesbrough-fc/index/spielbericht/4382736
,,,"Mon, 03/02/25",,,,,Middlesbrough FC,Sunderland AFC,Riverside Stadium,Attendance: 29.161,https://www.transfermarkt.co.uk/middlesbrough-fc_sunderland-afc/index/spielbericht/4382779
,,,"Tue, 11/02/25",,,,,Derby County,Oxford United,Pride Park Stadium,Attendance: 25.999,https://www.transfermarkt.co.uk/derby-county_oxford-united/index/spielbericht/4382741
,,,"Tue, 11/02/25",,,,,Watford FC,Leeds United,Vicarage Road,Attendance: 19.582,https://www.transfermarkt.co.uk/watford-fc_leeds-united/index/spielbericht/4382746
,,,"Sat, 01/02/25",,,,,Millwall FC,Queens Park Rangers,The Den,Attendance: 17.914,https://www.transfermarkt.co.uk/millwall-fc_queens-park-rangers/index/spielbericht/4382780
,,,"Tue, 11/02/25",,,,,Norwich City,Preston North End,Carrow Road,Attendance: 25.910,https://www.transfermarkt.co.uk/norwich-city_preston-north-end/index/spielbericht/4382742
,,,"Wed, 12/02/25",,,,,Swansea City,Sheffield Wednesday,Swansea.com Stadium,Attendance: 14.149,https://www.transfermarkt.co.uk/swansea-city_sheffield-wednesday/index/spielbericht/4382745
,,,"Wed, 26/02/25",,,,,Cardiff City,Hull City,Cardiff City Stadium,Attendance: 16.622,https://www.transfermarkt.co.uk/cardiff-city_hull-city/index/spielbericht/4382729
,,,"Fri, 14/02/25",,,,,Queens Park Rangers,Derby County,Loftus Road Stadium,Attendance: 16.591,https://www.transfermarkt.co.uk/queens-park-rangers_derby-county/index/spielbericht/4382832
,,,"Wed, 19/02/25",,,,,Luton Town,Plymouth Argyle,Kenilworth Road,Attendance: 11.752,https://www.transfermarkt.co.uk/luton-town_plymouth-argyle/index/spielbericht/4382731
,,,"Wed, 01/01/25",,,,,Plymouth Argyle,Bristol City,Home Park,Attendance: 17.005,https://www.transfermarkt.co.uk/plymouth-argyle_bristol-city/index/spielbericht/4382625
,,,"Sat, 15/02/25",,,,,Cardiff City,Bristol City,Cardiff City Stadium,Attendance: 22.433,https://www.transfermarkt.co.uk/cardiff-city_bristol-city/index/spielbericht/4382824
,,,"Wed, 01/01/25",,,,,Portsmouth FC,Swansea City,Fratton Park,Attendance: 20.427,https://www.transfermarkt.co.uk/portsmouth-fc_swansea-city/index/spielbericht/4382626
,,,"Wed, 12/02/25",,,,,West Bromwich Albion,Blackburn Rovers,The Hawthorns,Attendance: 23.305,https://www.transfermarkt.co.uk/west-bromwich-albion_blackburn-rovers/index/spielbericht/4382750
,,,"Tue, 11/02/25",,,,,Portsmouth FC,Cardiff City,Fratton Park,Attendance: 20.251,https://www.transfermarkt.co.uk/portsmouth-fc_cardiff-city/index/spielbericht/4382744
,,,"Sat, 15/02/25",,,,,Luton Town,Sheffield United,Kenilworth Road,Attendance: 11.461,https://www.transfermarkt.co.uk/luton-town_sheffield-united/index/spielbericht/4382827
,,,"Sat, 15/02/25",,,,,Millwall FC,West Bromwich Albion,The Den,Attendance: 15.842,https://www.transfermarkt.co.uk/millwall-fc_west-bromwich-albion/index/spielbericht/4382829
,,,"Wed, 12/02/25",,,,,Sheffield United,Middlesbrough FC,Bramall Lane,Attendance: 27.124,https://www.transfermarkt.co.uk/sheffield-united_middlesbrough-fc/index/spielbericht/4382748
,,,"Sat, 15/02/25",,,,,Preston North End,Burnley FC,Deepdale,Attendance: 19.864,https://www.transfermarkt.co.uk/preston-north-end_burnley-fc/index/spielbericht/4382831
,,,"Mon, 17/02/25",,,,,Leeds United,Sunderland AFC,Elland Road,Attendance: 36.804,https://www.transfermarkt.co.uk/leeds-united_sunderland-afc/index/spielbericht/4382826
,,,"Sat, 15/02/25",,,,,Oxford United,Portsmouth FC,Kassam Stadium,Attendance: 11.423,https://www.transfermarkt.co.uk/oxford-united_portsmouth-fc/index/spielbericht/4382830
,,,"Sat, 15/02/25",,,,,Stoke City,Swansea City,bet365 Stadium,Attendance: 21.256,https://www.transfermarkt.co.uk/stoke-city_swansea-city/index/spielbericht/4382834
,,,"Sat, 15/02/25",,,,,Middlesbrough FC,Watford FC,Riverside Stadium,Attendance: 24.326,https://www.transfermarkt.co.uk/middlesbrough-fc_watford-fc/index/spielbericht/4382828
,,,"Sat, 22/02/25",,,,,Plymouth Argyle,Cardiff City,Home Park,Attendance: 16.981,https://www.transfermarkt.co.uk/plymouth-argyle_cardiff-city/index/spielbericht/4382768
,,,"Sat, 22/02/25",,,,,Coventry City,Preston North End,Coventry Building Society Arena,Attendance: 26.493,https://www.transfermarkt.co.uk/coventry-city_preston-north-end/index/spielbericht/4382765
,,,"Mon, 12/08/24",,,,,FC Felgueiras 1932,Portimonense SAD,Estádio Doutor Machado de Matos,Attendance: 1.493,https://www.transfermarkt.co.uk/fc-felgueiras-1932_portimonense-sad/index/spielbericht/4397019
,,,"Sat, 22/02/25",,,,,Swansea City,Blackburn Rovers,Swansea.com Stadium,Attendance: 13.788,https://www.transfermarkt.co.uk/swansea-city_blackburn-rovers/index/spielbericht/4382772
,,,"Fri, 21/02/25",,,,,Burnley FC,Sheffield Wednesday,Turf Moor,Attendance: 20.675,https://www.transfermarkt.co.uk/burnley-fc_sheffield-wednesday/index/spielbericht/4382764
,,,"Sat, 01/03/25",,,,,Leeds United,West Bromwich Albion,Elland Road,Attendance: 36.705,https://www.transfermarkt.co.uk/leeds-united_west-bromwich-albion/index/spielbericht/4382814
,,,"Sun, 23/02/25",,,,,Watford FC,Luton Town,Vicarage Road,Attendance: 20.252,https://www.transfermarkt.co.uk/watford-fc_luton-town/index/spielbericht/4382773
,,,"Sat, 22/02/25",,,,,West Bromwich Albion,Oxford United,The Hawthorns,Attendance: 25.951,https://www.transfermarkt.co.uk/west-bromwich-albion_oxford-united/index/spielbericht/4382774
,,,"Sat, 22/02/25",,,,,Sunderland AFC,Hull City,Stadium of Light,Attendance: 44.009,https://www.transfermarkt.co.uk/sunderland-afc_hull-city/index/spielbericht/4382771
,,,"Sat, 15/02/25",,,,,Sheffield Wednesday,Coventry City,Hillsborough,Attendance: 28.121,https://www.transfermarkt.co.uk/sheffield-wednesday_coventry-city/index/spielbericht/4382833
,,,"Fri, 21/02/25",,,,,Bristol City,Middlesbrough FC,Ashton Gate,Attendance: 21.894,https://www.transfermarkt.co.uk/bristol-city_middlesbrough-fc/index/spielbericht/4382763
,,,"Sat, 01/03/25",,,,,Oxford United,Coventry City,Kassam Stadium,Attendance: 11.405,https://www.transfermarkt.co.uk/oxford-united_coventry-city/index/spielbericht/4382818
,,,"Sat, 01/03/25",,,,,Middlesbrough FC,Derby County,Riverside Stadium,Attendance: 25.839,https://www.transfermarkt.co.uk/middlesbrough-fc_derby-county/index/spielbericht/4382816
,,,"Sat, 01/03/25",,,,,Blackburn Rovers,Norwich City,Ewood Park,Attendance: 14.240,https://www.transfermarkt.co.uk/blackburn-rovers_norwich-city/index/spielbericht/4382811
,,,"Sat, 22/02/25",,,,,Norwich City,Stoke City,Carrow Road,Attendance: 26.267,https://www.transfermarkt.co.uk/norwich-city_stoke-city/index/spielbericht/4382767
,,,"Sat, 01/03/25",,,,,Luton Town,Portsmouth FC,Kenilworth Road,Attendance: 11.662,https://www.transfermarkt.co.uk/luton-town_portsmouth-fc/index/spielbericht/4382815
,,,"Sat, 24/08/24",,,,,Leixões SC,FC Paços de Ferreira,Estádio do Mar,Attendance: 3.274,https://www.transfermarkt.co.uk/leixoes-sc_fc-pacos-de-ferreira/index/spielbericht/4397011
,,,"Fri, 24/01/25",,,,,Sheffield United,Hull City,Bramall Lane,Attendance: 27.448,https://www.transfermarkt.co.uk/sheffield-united_hull-city/index/spielbericht/4382711
,,,"Sat, 22/02/25",,,,,Portsmouth FC,Queens Park Rangers,Fratton Park,Attendance: 20.426,https://www.transfermarkt.co.uk/portsmouth-fc_queens-park-rangers/index/spielbericht/4382769
,,,"Fri, 28/02/25",,,,,Sheffield Wednesday,Sunderland AFC,Hillsborough,Attendance: 27.954,https://www.transfermarkt.co.uk/sheffield-wednesday_sunderland-afc/index/spielbericht/4382821
,,,"Tue, 04/03/25",,,,,Hull City,Plymouth Argyle,MKM Stadium,Attendance: 18.772,https://www.transfermarkt.co.uk/hull-city_plymouth-argyle/index/spielbericht/4382813
,,,"Sat, 01/03/25",,,,,Stoke City,Watford FC,bet365 Stadium,Attendance: 21.894,https://www.transfermarkt.co.uk/stoke-city_watford-fc/index/spielbericht/4382822
,,,"Sat, 01/03/25",,,,,Queens Park Rangers,Sheffield United,Loftus Road Stadium,Attendance: 17.346,https://www.transfermarkt.co.uk/queens-park-rangers_sheffield-united/index/spielbericht/4382820
,,,"Fri, 07/03/25",,,,,Norwich City,Oxford United,Carrow Road,Attendance: 25.996,https://www.transfermarkt.co.uk/norwich-city_oxford-united/index/spielbericht/4382755
,,,"Tue, 04/03/25",,,,,Cardiff City,Burnley FC,Cardiff City Stadium,Attendance: 15.713,https://www.transfermarkt.co.uk/cardiff-city_burnley-fc/index/spielbericht/4382812
,,,"Sat, 08/03/25",,,,,Watford FC,Millwall FC,Vicarage Road,Attendance: 20.031,https://www.transfermarkt.co.uk/watford-fc_millwall-fc/index/spielbericht/4382761
,,,"Sat, 08/03/25",,,,,Sheffield United,Preston North End,Bramall Lane,Attendance: 27.136,https://www.transfermarkt.co.uk/sheffield-united_preston-north-end/index/spielbericht/4382758
,,,"Sat, 08/03/25",,,,,Burnley FC,Luton Town,Turf Moor,Attendance: 19.453,https://www.transfermarkt.co.uk/burnley-fc_luton-town/index/spielbericht/4382752
,,,"Sat, 08/03/25",,,,,Coventry City,Stoke City,Coventry Building Society Arena,Attendance: 30.011,https://www.transfermarkt.co.uk/coventry-city_stoke-city/index/spielbericht/4382753
,,,"Sat, 08/03/25",,,,,Swansea City,Middlesbrough FC,Swansea.com Stadium,Attendance: 13.986,https://www.transfermarkt.co.uk/swansea-city_middlesbrough-fc/index/spielbericht/4382760
,,,"Sat, 08/03/25",,,,,Bristol City,Hull City,Ashton Gate,Attendance: 21.754,https://www.transfermarkt.co.uk/bristol-city_hull-city/index/spielbericht/4382751
,,,"Sat, 08/03/25",,,,,Derby County,Blackburn Rovers,Pride Park Stadium,Attendance: 29.753,https://www.transfermarkt.co.uk/derby-county_blackburn-rovers/index/spielbericht/4382754
,,,"Tue, 11/03/25",,,,,Burnley FC,West Bromwich Albion,Turf Moor,Attendance: 18.843,https://www.transfermarkt.co.uk/burnley-fc_west-bromwich-albion/index/spielbericht/4382715
,,,"Sat, 08/03/25",,,,,West Bromwich Albion,Queens Park Rangers,The Hawthorns,Attendance: 25.310,https://www.transfermarkt.co.uk/west-bromwich-albion_queens-park-rangers/index/spielbericht/4382762
,,,"Sat, 08/03/25",,,,,Sunderland AFC,Cardiff City,Stadium of Light,Attendance: 40.644,https://www.transfermarkt.co.uk/sunderland-afc_cardiff-city/index/spielbericht/4382759
,,,"Tue, 11/03/25",,,,,Middlesbrough FC,Queens Park Rangers,Riverside Stadium,Attendance: 22.177,https://www.transfermarkt.co.uk/middlesbrough-fc_queens-park-rangers/index/spielbericht/4382718
,,,"Sat, 08/03/25",,,,,Plymouth Argyle,Sheffield Wednesday,Home Park,Attendance: 16.981,https://www.transfermarkt.co.uk/plymouth-argyle_sheffield-wednesday/index/spielbericht/4382756
,,,"Tue, 11/03/25",,,,,Cardiff City,Luton Town,Cardiff City Stadium,Attendance: 16.641,https://www.transfermarkt.co.uk/cardiff-city_luton-town/index/spielbericht/4382716
,,,"Tue, 04/03/25",,,,,Preston North End,Swansea City,Deepdale,Attendance: 12.838,https://www.transfermarkt.co.uk/preston-north-end_swansea-city/index/spielbericht/4382819
,,,"Tue, 11/03/25",,,,,Norwich City,Sheffield Wednesday,Carrow Road,Attendance: 25.498,https://www.transfermarkt.co.uk/norwich-city_sheffield-wednesday/index/spielbericht/4382724
,,,"Sun, 09/03/25",,,,,Portsmouth FC,Leeds United,Fratton Park,Attendance: 20.314,https://www.transfermarkt.co.uk/portsmouth-fc_leeds-united/index/spielbericht/4382757
,,,"Wed, 12/03/25",,,,,Hull City,Oxford United,MKM Stadium,Attendance: 19.024,https://www.transfermarkt.co.uk/hull-city_oxford-united/index/spielbericht/4382722
,,,"Wed, 12/03/25",,,,,Leeds United,Millwall FC,Elland Road,Attendance: 34.401,https://www.transfermarkt.co.uk/leeds-united_millwall-fc/index/spielbericht/4382723
,,,"Wed, 12/03/25",,,,,Stoke City,Blackburn Rovers,bet365 Stadium,Attendance: 20.194,https://www.transfermarkt.co.uk/stoke-city_blackburn-rovers/index/spielbericht/4382720
,,,"Sat, 15/03/25",,,,,Millwall FC,Stoke City,The Den,Attendance: 16.799,https://www.transfermarkt.co.uk/millwall-fc_stoke-city/index/spielbericht/4382875
,,,"Wed, 12/03/25",,,,,Watford FC,Swansea City,Vicarage Road,Attendance: 16.739,https://www.transfermarkt.co.uk/watford-fc_swansea-city/index/spielbericht/4382726
,,,"Tue, 11/03/25",,,,,Sheffield United,Bristol City,Bramall Lane,Attendance: 25.070,https://www.transfermarkt.co.uk/sheffield-united_bristol-city/index/spielbericht/4382725
,,,"Sat, 15/03/25",,,,,Blackburn Rovers,Cardiff City,Ewood Park,Attendance: 13.456,https://www.transfermarkt.co.uk/blackburn-rovers_cardiff-city/index/spielbericht/4382871
,,,"Sat, 15/03/25",,,,,Oxford United,Watford FC,Kassam Stadium,Attendance: 11.535,https://www.transfermarkt.co.uk/oxford-united_watford-fc/index/spielbericht/4382876
,,,"Sat, 15/03/25",,,,,Luton Town,Middlesbrough FC,Kenilworth Road,Attendance: 11.815,https://www.transfermarkt.co.uk/luton-town_middlesbrough-fc/index/spielbericht/4382874
,,,"Wed, 12/03/25",,,,,Portsmouth FC,Plymouth Argyle,Fratton Park,Attendance: 20.394,https://www.transfermarkt.co.uk/portsmouth-fc_plymouth-argyle/index/spielbericht/4382719
,,,"Fri, 14/03/25",,,,,Bristol City,Norwich City,Ashton Gate,Attendance: 21.237,https://www.transfermarkt.co.uk/bristol-city_norwich-city/index/spielbericht/4382872
,,,"Sat, 15/03/25",,,,,Swansea City,Burnley FC,Swansea.com Stadium,Attendance: 13.679,https://www.transfermarkt.co.uk/swansea-city_burnley-fc/index/spielbericht/4382881
,,,"Sat, 15/03/25",,,,,West Bromwich Albion,Hull City,The Hawthorns,Attendance: 24.870,https://www.transfermarkt.co.uk/west-bromwich-albion_hull-city/index/spielbericht/4382882
,,,"Sat, 29/03/25",,,,,Hull City,Luton Town,MKM Stadium,Attendance: 23.005,https://www.transfermarkt.co.uk/hull-city_luton-town/index/spielbericht/4382886
,,,"Sun, 16/03/25",,,,,Sheffield Wednesday,Sheffield United,Hillsborough,Attendance: 33.827,https://www.transfermarkt.co.uk/sheffield-wednesday_sheffield-united/index/spielbericht/4382880
,,,"Sat, 15/03/25",,,,,Plymouth Argyle,Derby County,Home Park,Attendance: 16.978,https://www.transfermarkt.co.uk/plymouth-argyle_derby-county/index/spielbericht/4382877
,,,"Sat, 15/03/25",,,,,Preston North End,Portsmouth FC,Deepdale,Attendance: 17.240,https://www.transfermarkt.co.uk/preston-north-end_portsmouth-fc/index/spielbericht/4382878
,,,"Sat, 29/03/25",,,,,Middlesbrough FC,Oxford United,Riverside Stadium,Attendance: 24.624,https://www.transfermarkt.co.uk/middlesbrough-fc_oxford-united/index/spielbericht/4382888
,,,"Sat, 29/03/25",,,,,Portsmouth FC,Blackburn Rovers,Fratton Park,Attendance: 20.342,https://www.transfermarkt.co.uk/portsmouth-fc_blackburn-rovers/index/spielbericht/4382890
,,,"Sat, 29/03/25",,,,,Cardiff City,Sheffield Wednesday,Cardiff City Stadium,Attendance: 20.460,https://www.transfermarkt.co.uk/cardiff-city_sheffield-wednesday/index/spielbericht/4382884
,,,"Sat, 29/03/25",,,,,Watford FC,Plymouth Argyle,Vicarage Road,Attendance: 19.545,https://www.transfermarkt.co.uk/watford-fc_plymouth-argyle/index/spielbericht/4382894
,,,"Sat, 29/03/25",,,,,Leeds United,Swansea City,Elland Road,Attendance: 35.574,https://www.transfermarkt.co.uk/leeds-united_swansea-city/index/spielbericht/4382887
,,,"Sat, 29/03/25",,,,,Sunderland AFC,Millwall FC,Stadium of Light,Attendance: 41.762,https://www.transfermarkt.co.uk/sunderland-afc_millwall-fc/index/spielbericht/4382893
,,,"Sat, 29/03/25",,,,,Norwich City,West Bromwich Albion,Carrow Road,Attendance: 26.707,https://www.transfermarkt.co.uk/norwich-city_west-bromwich-albion/index/spielbericht/4382889
,,,"Fri, 04/04/25",,,,,Blackburn Rovers,Middlesbrough FC,Ewood Park,Attendance: 15.638,https://www.transfermarkt.co.uk/blackburn-rovers_middlesbrough-fc/index/spielbericht/4382787
,,,"Sat, 05/04/25",,,,,Luton Town,Leeds United,Kenilworth Road,Attendance: 11.867,https://www.transfermarkt.co.uk/luton-town_leeds-united/index/spielbericht/4382790
,,,"Sat, 29/03/25",,,,,Burnley FC,Bristol City,Turf Moor,Attendance: 20.523,https://www.transfermarkt.co.uk/burnley-fc_bristol-city/index/spielbericht/4382883
,,,"Sat, 22/02/25",,,,,Derby County,Millwall FC,Pride Park Stadium,Attendance: 28.321,https://www.transfermarkt.co.uk/derby-county_millwall-fc/index/spielbericht/4382766
,,,"Sat, 29/03/25",,,,,Derby County,Preston North End,Pride Park Stadium,Attendance: 26.014,https://www.transfermarkt.co.uk/derby-county_preston-north-end/index/spielbericht/4382885
,,,"Sat, 29/03/25",,,,,Stoke City,Queens Park Rangers,bet365 Stadium,Attendance: 23.192,https://www.transfermarkt.co.uk/stoke-city_queens-park-rangers/index/spielbericht/4382892
,,,"Sat, 05/04/25",,,,,Bristol City,Watford FC,Ashton Gate,Attendance: 22.505,https://www.transfermarkt.co.uk/bristol-city_watford-fc/index/spielbericht/4382788
,,,"Sat, 05/04/25",,,,,West Bromwich Albion,Sunderland AFC,The Hawthorns,Attendance: 25.918,https://www.transfermarkt.co.uk/west-bromwich-albion_sunderland-afc/index/spielbericht/4382798
,,,"Sat, 05/04/25",,,,,Millwall FC,Portsmouth FC,The Den,Attendance: 16.913,https://www.transfermarkt.co.uk/millwall-fc_portsmouth-fc/index/spielbericht/4382791
,,,"Sat, 08/02/25",,,,,West Bromwich Albion,Sheffield Wednesday,The Hawthorns,Attendance: 25.452,https://www.transfermarkt.co.uk/west-bromwich-albion_sheffield-wednesday/index/spielbericht/4382738
,,,"Sat, 05/04/25",,,,,Preston North End,Stoke City,Deepdale,Attendance: 17.341,https://www.transfermarkt.co.uk/preston-north-end_stoke-city/index/spielbericht/4382794
,,,"Sat, 05/04/25",,,,,Queens Park Rangers,Cardiff City,Loftus Road Stadium,Attendance: 17.066,https://www.transfermarkt.co.uk/queens-park-rangers_cardiff-city/index/spielbericht/4382795
,,,"Sat, 25/01/25",,,,,Coventry City,Watford FC,Coventry Building Society Arena,Attendance: 27.078,https://www.transfermarkt.co.uk/coventry-city_watford-fc/index/spielbericht/4382706
,,,"Sat, 05/04/25",,,,,Coventry City,Burnley FC,Coventry Building Society Arena,Attendance: 28.704,https://www.transfermarkt.co.uk/coventry-city_burnley-fc/index/spielbericht/4382789
,,,"Tue, 08/04/25",,,,,Blackburn Rovers,Sheffield Wednesday,Ewood Park,Attendance: 15.575,https://www.transfermarkt.co.uk/blackburn-rovers_sheffield-wednesday/index/spielbericht/4382835
,,,"Tue, 08/04/25",,,,,Stoke City,Luton Town,bet365 Stadium,Attendance: 21.226,https://www.transfermarkt.co.uk/stoke-city_luton-town/index/spielbericht/4382841
,,,"Tue, 08/04/25",,,,,Preston North End,Cardiff City,Deepdale,Attendance: 13.293,https://www.transfermarkt.co.uk/preston-north-end_cardiff-city/index/spielbericht/4382839
,,,"Tue, 08/04/25",,,,,Sheffield United,Millwall FC,Bramall Lane,Attendance: 25.775,https://www.transfermarkt.co.uk/sheffield-united_millwall-fc/index/spielbericht/4382840
,,,"Tue, 08/04/25",,,,,Derby County,Burnley FC,Pride Park Stadium,Attendance: 27.584,https://www.transfermarkt.co.uk/derby-county_burnley-fc/index/spielbericht/4382844
,,,"Tue, 08/04/25",,,,,Bristol City,West Bromwich Albion,Ashton Gate,Attendance: 24.734,https://www.transfermarkt.co.uk/bristol-city_west-bromwich-albion/index/spielbericht/4382836
,,,"Sat, 05/04/25",,,,,Swansea City,Derby County,Swansea.com Stadium,Attendance: 16.501,https://www.transfermarkt.co.uk/swansea-city_derby-county/index/spielbericht/4382797
,,,"Tue, 08/04/25",,,,,Norwich City,Sunderland AFC,Carrow Road,Attendance: 26.320,https://www.transfermarkt.co.uk/norwich-city_sunderland-afc/index/spielbericht/4382838
,,,"Tue, 08/04/25",,,,,Middlesbrough FC,Leeds United,Riverside Stadium,Attendance: 28.729,https://www.transfermarkt.co.uk/middlesbrough-fc_leeds-united/index/spielbericht/4382837
,,,"Sat, 05/04/25",,,,,Oxford United,Sheffield United,Kassam Stadium,Attendance: 11.496,https://www.transfermarkt.co.uk/oxford-united_sheffield-united/index/spielbericht/4382792
,,,"Wed, 09/04/25",,,,,Swansea City,Plymouth Argyle,Swansea.com Stadium,Attendance: 14.978,https://www.transfermarkt.co.uk/swansea-city_plymouth-argyle/index/spielbericht/4382846
,,,"Sat, 05/04/25",,,,,Sheffield Wednesday,Hull City,Hillsborough,Attendance: 27.342,https://www.transfermarkt.co.uk/sheffield-wednesday_hull-city/index/spielbericht/4382796
,,,"Sat, 15/03/25",,,,,Queens Park Rangers,Leeds United,Loftus Road Stadium,Attendance: 17.457,https://www.transfermarkt.co.uk/queens-park-rangers_leeds-united/index/spielbericht/4382879
,,,"Sat, 05/04/25",,,,,Plymouth Argyle,Norwich City,Home Park,Attendance: 16.560,https://www.transfermarkt.co.uk/plymouth-argyle_norwich-city/index/spielbericht/4382793
,,,"Wed, 09/04/25",,,,,Coventry City,Portsmouth FC,Coventry Building Society Arena,Attendance: 28.411,https://www.transfermarkt.co.uk/coventry-city_portsmouth-fc/index/spielbericht/4382843
,,,"Fri, 01/11/24",,,,,FC Alverca,CD Feirense,Complexo Desportivo FC Alverca,Attendance: 433,https://www.transfermarkt.co.uk/fc-alverca_cd-feirense/index/spielbericht/4397036
,,,"Sat, 12/04/25",,,,,Leeds United,Preston North End,Elland Road,Attendance: 35.747,https://www.transfermarkt.co.uk/leeds-united_preston-north-end/index/spielbericht/4382802
,,,"Tue, 08/04/25",,,,,Watford FC,Hull City,Vicarage Road,Attendance: 17.268,https://www.transfermarkt.co.uk/watford-fc_hull-city/index/spielbericht/4382842
,,,"Sat, 12/04/25",,,,,Cardiff City,Stoke City,Cardiff City Stadium,Attendance: 20.658,https://www.transfermarkt.co.uk/cardiff-city_stoke-city/index/spielbericht/4382800
,,,"Sat, 12/04/25",,,,,Plymouth Argyle,Sheffield United,Home Park,Attendance: 16.565,https://www.transfermarkt.co.uk/plymouth-argyle_sheffield-united/index/spielbericht/4382805
,,,"Fri, 11/04/25",,,,,Burnley FC,Norwich City,Turf Moor,Attendance: 19.030,https://www.transfermarkt.co.uk/burnley-fc_norwich-city/index/spielbericht/4382799
,,,"Wed, 12/02/25",,,,,Bristol City,Stoke City,Ashton Gate,Attendance: 18.457,https://www.transfermarkt.co.uk/bristol-city_stoke-city/index/spielbericht/4382739
,,,"Sat, 12/04/25",,,,,Portsmouth FC,Derby County,Fratton Park,Attendance: 20.412,https://www.transfermarkt.co.uk/portsmouth-fc_derby-county/index/spielbericht/4382806
,,,"Mon, 14/04/25",,,,,Hull City,Coventry City,MKM Stadium,Attendance: 21.659,https://www.transfermarkt.co.uk/hull-city_coventry-city/index/spielbericht/4382801
,,,"Sat, 12/04/25",,,,,Sheffield Wednesday,Oxford United,Hillsborough,Attendance: 25.646,https://www.transfermarkt.co.uk/sheffield-wednesday_oxford-united/index/spielbericht/4382808
,,,"Wed, 22/01/25",,,,,Sheffield Wednesday,Bristol City,Hillsborough,Attendance: 22.774,https://www.transfermarkt.co.uk/sheffield-wednesday_bristol-city/index/spielbericht/4382690
,,,"Sat, 08/02/25",,,,,Sheffield United,Portsmouth FC,Bramall Lane,Attendance: 29.104,https://www.transfermarkt.co.uk/sheffield-united_portsmouth-fc/index/spielbericht/4382735
,,,"Sat, 12/04/25",,,,,Luton Town,Blackburn Rovers,Kenilworth Road,Attendance: 11.552,https://www.transfermarkt.co.uk/luton-town_blackburn-rovers/index/spielbericht/4382803
,,,"Sat, 12/04/25",,,,,Millwall FC,Middlesbrough FC,The Den,Attendance: 17.523,https://www.transfermarkt.co.uk/millwall-fc_middlesbrough-fc/index/spielbericht/4382804
,,,"Fri, 18/04/25",,,,,Middlesbrough FC,Plymouth Argyle,Riverside Stadium,Attendance: 26.276,https://www.transfermarkt.co.uk/middlesbrough-fc_plymouth-argyle/index/spielbericht/4382863
,,,"Fri, 18/04/25",,,,,Derby County,Luton Town,Pride Park Stadium,Attendance: 32.159,https://www.transfermarkt.co.uk/derby-county_luton-town/index/spielbericht/4382862
,,,"Sat, 12/04/25",,,,,Sunderland AFC,Swansea City,Stadium of Light,Attendance: 42.362,https://www.transfermarkt.co.uk/sunderland-afc_swansea-city/index/spielbericht/4382809
,,,"Fri, 18/04/25",,,,,Blackburn Rovers,Millwall FC,Ewood Park,Attendance: 14.167,https://www.transfermarkt.co.uk/blackburn-rovers_millwall-fc/index/spielbericht/4382859
,,,"Fri, 18/04/25",,,,,Bristol City,Sunderland AFC,Ashton Gate,Attendance: 25.915,https://www.transfermarkt.co.uk/bristol-city_sunderland-afc/index/spielbericht/4382860
,,,"Fri, 18/04/25",,,,,Stoke City,Sheffield Wednesday,bet365 Stadium,Attendance: 29.163,https://www.transfermarkt.co.uk/stoke-city_sheffield-wednesday/index/spielbericht/4382868
,,,"Fri, 18/04/25",,,,,Preston North End,Queens Park Rangers,Deepdale,Attendance: 14.922,https://www.transfermarkt.co.uk/preston-north-end_queens-park-rangers/index/spielbericht/4382866
,,,"Wed, 12/02/25",,,,,Plymouth Argyle,Millwall FC,Home Park,Attendance: 15.453,https://www.transfermarkt.co.uk/plymouth-argyle_millwall-fc/index/spielbericht/4382743
,,,"Fri, 18/04/25",,,,,Oxford United,Leeds United,Kassam Stadium,Attendance: 11.537,https://www.transfermarkt.co.uk/oxford-united_leeds-united/index/spielbericht/4382865
,,,"Fri, 18/04/25",,,,,Coventry City,West Bromwich Albion,Coventry Building Society Arena,Attendance: 31.167,https://www.transfermarkt.co.uk/coventry-city_west-bromwich-albion/index/spielbericht/4382861
,,,"Fri, 18/04/25",,,,,Norwich City,Portsmouth FC,Carrow Road,Attendance: 26.838,https://www.transfermarkt.co.uk/norwich-city_portsmouth-fc/index/spielbericht/4382864
,,,"Fri, 18/04/25",,,,,Swansea City,Hull City,Swansea.com Stadium,Attendance: 18.775,https://www.transfermarkt.co.uk/swansea-city_hull-city/index/spielbericht/4382869
,,,"Sat, 12/04/25",,,,,West Bromwich Albion,Watford FC,The Hawthorns,Attendance: 24.768,https://www.transfermarkt.co.uk/west-bromwich-albion_watford-fc/index/spielbericht/4382810
,,,"Fri, 18/04/25",,,,,Sheffield United,Cardiff City,Bramall Lane,Attendance: 28.201,https://www.transfermarkt.co.uk/sheffield-united_cardiff-city/index/spielbericht/4382867
,,,"Wed, 12/02/25",,,,,Sunderland AFC,Luton Town,Stadium of Light,Attendance: 37.929,https://www.transfermarkt.co.uk/sunderland-afc_luton-town/index/spielbericht/4382749
,,,"Mon, 21/04/25",,,,,Hull City,Preston North End,MKM Stadium,Attendance: 22.103,https://www.transfermarkt.co.uk/hull-city_preston-north-end/index/spielbericht/4382897
,,,"Mon, 21/04/25",,,,,Luton Town,Bristol City,Kenilworth Road,Attendance: 11.874,https://www.transfermarkt.co.uk/luton-town_bristol-city/index/spielbericht/4382899
,,,"Mon, 21/04/25",,,,,Cardiff City,Oxford United,Cardiff City Stadium,Attendance: 23.407,https://www.transfermarkt.co.uk/cardiff-city_oxford-united/index/spielbericht/4382896
,,,"Wed, 12/02/25",,,,,Burnley FC,Hull City,Turf Moor,Attendance: 18.987,https://www.transfermarkt.co.uk/burnley-fc_hull-city/index/spielbericht/4382747
,,,"Mon, 21/04/25",,,,,Plymouth Argyle,Coventry City,Home Park,Attendance: 16.974,https://www.transfermarkt.co.uk/plymouth-argyle_coventry-city/index/spielbericht/4382901
,,,"Fri, 18/04/25",,,,,Watford FC,Burnley FC,Vicarage Road,Attendance: 20.523,https://www.transfermarkt.co.uk/watford-fc_burnley-fc/index/spielbericht/4382870
,,,"Mon, 21/04/25",,,,,West Bromwich Albion,Derby County,The Hawthorns,Attendance: 25.750,https://www.transfermarkt.co.uk/west-bromwich-albion_derby-county/index/spielbericht/4382906
,,,"Mon, 21/04/25",,,,,Sunderland AFC,Blackburn Rovers,Stadium of Light,Attendance: 40.031,https://www.transfermarkt.co.uk/sunderland-afc_blackburn-rovers/index/spielbericht/4382905
,,,"Mon, 21/04/25",,,,,Queens Park Rangers,Swansea City,Loftus Road Stadium,Attendance: 16.351,https://www.transfermarkt.co.uk/queens-park-rangers_swansea-city/index/spielbericht/4382903
,,,"Fri, 25/04/25",,,,,Stoke City,Sheffield United,bet365 Stadium,Attendance: 24.460,https://www.transfermarkt.co.uk/stoke-city_sheffield-united/index/spielbericht/4382918
,,,"Sat, 26/04/25",,,,,Cardiff City,West Bromwich Albion,Cardiff City Stadium,Attendance: 23.710,https://www.transfermarkt.co.uk/cardiff-city_west-bromwich-albion/index/spielbericht/4382908
,,,"Sat, 26/04/25",,,,,Middlesbrough FC,Norwich City,Riverside Stadium,Attendance: 26.374,https://www.transfermarkt.co.uk/middlesbrough-fc_norwich-city/index/spielbericht/4382912
,,,"Sat, 26/04/25",,,,,Preston North End,Plymouth Argyle,Deepdale,Attendance: 19.198,https://www.transfermarkt.co.uk/preston-north-end_plymouth-argyle/index/spielbericht/4382915
,,,"Tue, 18/02/25",,,,,Preston North End,Millwall FC,Deepdale,Attendance: 13.290,https://www.transfermarkt.co.uk/preston-north-end_millwall-fc/index/spielbericht/4382733
,,,"Sat, 26/04/25",,,,,Oxford United,Sunderland AFC,Kassam Stadium,Attendance: 11.431,https://www.transfermarkt.co.uk/oxford-united_sunderland-afc/index/spielbericht/4382914
,,,"Mon, 21/04/25",,,,,Portsmouth FC,Watford FC,Fratton Park,Attendance: 20.451,https://www.transfermarkt.co.uk/portsmouth-fc_watford-fc/index/spielbericht/4382902
,,,"Sat, 26/04/25",,,,,Millwall FC,Swansea City,The Den,Attendance: 17.239,https://www.transfermarkt.co.uk/millwall-fc_swansea-city/index/spielbericht/4382913
,,,"Sat, 26/04/25",,,,,Blackburn Rovers,Watford FC,Ewood Park,Attendance: 15.154,https://www.transfermarkt.co.uk/blackburn-rovers_watford-fc/index/spielbericht/4382907
,,,"Sat, 26/04/25",,,,,Queens Park Rangers,Burnley FC,Loftus Road Stadium,Attendance: 16.977,https://www.transfermarkt.co.uk/queens-park-rangers_burnley-fc/index/spielbericht/4382916
,,,"Sat, 26/04/25",,,,,Sheffield Wednesday,Portsmouth FC,Hillsborough,Attendance: 28.346,https://www.transfermarkt.co.uk/sheffield-wednesday_portsmouth-fc/index/spielbericht/4382917
,,,"Mon, 21/04/25",,,,,Sheffield Wednesday,Middlesbrough FC,Hillsborough,Attendance: 27.668,https://www.transfermarkt.co.uk/sheffield-wednesday_middlesbrough-fc/index/spielbericht/4382904
,,,"Sat, 03/05/25",,,,,Norwich City,Cardiff City,Carrow Road,Attendance: 26.581,https://www.transfermarkt.co.uk/norwich-city_cardiff-city/index/spielbericht/4382851
,,,"Sat, 03/05/25",,,,,Bristol City,Preston North End,Ashton Gate,Attendance: 24.987,https://www.transfermarkt.co.uk/bristol-city_preston-north-end/index/spielbericht/4382847
,,,"Sat, 26/04/25",,,,,Hull City,Derby County,MKM Stadium,Attendance: 24.451,https://www.transfermarkt.co.uk/hull-city_derby-county/index/spielbericht/4382909
,,,"Sat, 03/05/25",,,,,Sheffield United,Blackburn Rovers,Bramall Lane,Attendance: 30.556,https://www.transfermarkt.co.uk/sheffield-united_blackburn-rovers/index/spielbericht/4382854
,,,"Sat, 03/05/25",,,,,Plymouth Argyle,Leeds United,Home Park,Attendance: 16.758,https://www.transfermarkt.co.uk/plymouth-argyle_leeds-united/index/spielbericht/4382852
,,,"Sat, 03/05/25",,,,,Portsmouth FC,Hull City,Fratton Park,Attendance: 20.420,https://www.transfermarkt.co.uk/portsmouth-fc_hull-city/index/spielbericht/4382853
,,,"Tue, 11/03/25",,,,,Derby County,Coventry City,Pride Park Stadium,Attendance: 28.879,https://www.transfermarkt.co.uk/derby-county_coventry-city/index/spielbericht/4382717
,,,"Sat, 03/05/25",,,,,Derby County,Stoke City,Pride Park Stadium,Attendance: 32.471,https://www.transfermarkt.co.uk/derby-county_stoke-city/index/spielbericht/4382850
,,,"Sat, 03/05/25",,,,,Burnley FC,Millwall FC,Turf Moor,Attendance: 21.485,https://www.transfermarkt.co.uk/burnley-fc_millwall-fc/index/spielbericht/4382848
,,,"Sat, 03/05/25",,,,,Swansea City,Oxford United,Swansea.com Stadium,Attendance: 19.672,https://www.transfermarkt.co.uk/swansea-city_oxford-united/index/spielbericht/4382856
,,,"Sat, 03/05/25",,,,,Watford FC,Sheffield Wednesday,Vicarage Road,Attendance: 20.657,https://www.transfermarkt.co.uk/watford-fc_sheffield-wednesday/index/spielbericht/4382857
,,,"Sat, 15/02/25",,,,,Hull City,Norwich City,MKM Stadium,Attendance: 22.141,https://www.transfermarkt.co.uk/hull-city_norwich-city/index/spielbericht/4382825
,,,"Mon, 24/02/25",,,,,Sheffield United,Leeds United,Bramall Lane,Attendance: 29.702,https://www.transfermarkt.co.uk/sheffield-united_leeds-united/index/spielbericht/4382770
,,,"Sat, 03/05/25",,,,,West Bromwich Albion,Luton Town,The Hawthorns,Attendance: 25.615,https://www.transfermarkt.co.uk/west-bromwich-albion_luton-town/index/spielbericht/4382858
,,,"Tue, 04/03/25",,,,,Millwall FC,Bristol City,The Den,Attendance: 12.380,https://www.transfermarkt.co.uk/millwall-fc_bristol-city/index/spielbericht/4382817
,,,"Sun, 26/01/25",,,,,FC Porto B,CD Tondela,Estádio Luís Filipe Menezes,Attendance: 344,https://www.transfermarkt.co.uk/fc-porto-b_cd-tondela/index/spielbericht/4397111
,,,"Sun, 09/02/25",,,,,CD Mafra,GD Chaves,Parque Desportivo e Municipal de Mafra,Attendance: 779,https://www.transfermarkt.co.uk/cd-mafra_gd-chaves/index/spielbericht/4397136
,,,"Sun, 16/02/25",,,,,FC Alverca,CS Marítimo,Complexo Desportivo FC Alverca,Attendance: 1.514,https://www.transfermarkt.co.uk/fc-alverca_cs-maritimo/index/spielbericht/4397147
,,,"Fri, 28/03/25",,,,,Sheffield United,Coventry City,Bramall Lane,Attendance: 30.803,https://www.transfermarkt.co.uk/sheffield-united_coventry-city/index/spielbericht/4382891
,,,"Wed, 09/04/25",,,,,Oxford United,Queens Park Rangers,Kassam Stadium,Attendance: 11.509,https://www.transfermarkt.co.uk/oxford-united_queens-park-rangers/index/spielbericht/4382845
,,,"Mon, 21/04/25",,,,,Burnley FC,Sheffield United,Turf Moor,Attendance: 21.486,https://www.transfermarkt.co.uk/burnley-fc_sheffield-united/index/spielbericht/4382895
,,,"Tue, 11/03/25",,,,,Sunderland AFC,Preston North End,Stadium of Light,Attendance: 37.771,https://www.transfermarkt.co.uk/sunderland-afc_preston-north-end/index/spielbericht/4382721
,,,"Sat, 12/04/25",,,,,Queens Park Rangers,Bristol City,Loftus Road Stadium,Attendance: 16.867,https://www.transfermarkt.co.uk/queens-park-rangers_bristol-city/index/spielbericht/4382807
,,,"Mon, 21/04/25",,,,,Leeds United,Stoke City,Elland Road,Attendance: 36.640,https://www.transfermarkt.co.uk/leeds-united_stoke-city/index/spielbericht/4382898
,,,"Fri, 07/03/25",,,,,CD Feirense,GD Chaves,Estádio Marcolino de Castro,Attendance: 1.601,https://www.transfermarkt.co.uk/cd-feirense_gd-chaves/index/spielbericht/4397179
,,,"Sat, 26/04/25",,,,,Luton Town,Coventry City,Kenilworth Road,Attendance: 11.965,https://www.transfermarkt.co.uk/luton-town_coventry-city/index/spielbericht/4382911
,,,"Mon, 28/04/25",,,,,Leeds United,Bristol City,Elland Road,Attendance: 36.310,https://www.transfermarkt.co.uk/leeds-united_bristol-city/index/spielbericht/4382910
,,,"Sat, 05/04/25",,,,,CD Tondela,CD Feirense,Estádio João Cardoso,Attendance: 2.075,https://www.transfermarkt.co.uk/cd-tondela_cd-feirense/index/spielbericht/4397224
,,,"Sun, 20/04/25",,,,,FC Alverca,UD Oliveirense,Complexo Desportivo FC Alverca,Attendance: 721,https://www.transfermarkt.co.uk/fc-alverca_ud-oliveirense/index/spielbericht/4397241
,,,"Tue, 29/10/24",,,,,Yverdon Sport FC,FC Lausanne-Sport,Stade Municipal,Attendance: 3.000,https://www.transfermarkt.co.uk/yverdon-sport-fc_fc-lausanne-sport/index/spielbericht/4362985
,,,"Sat, 08/02/25",,,,,FC Lugano,Grasshopper Club Zurich,Stadio di Cornaredo,Attendance: 3.165,https://www.transfermarkt.co.uk/fc-lugano_grasshopper-club-zurich/index/spielbericht/4514294
,,,"Sat, 01/03/25",,,,,FC Basel 1893,FC Sion,St. Jakob-Park,Attendance: 22.298,https://www.transfermarkt.co.uk/fc-basel-1893_fc-sion/index/spielbericht/4514311
,,,"Mon, 21/04/25",,,,,Servette FC,FC Luzern,Stade de Genève,Attendance: 12.027,https://www.transfermarkt.co.uk/servette-fc_fc-luzern/index/spielbericht/4514356
,,,"Sat, 10/05/25",,,,,FC Lugano,FC Basel 1893,Stadio di Cornaredo,Attendance: 5.318,https://www.transfermarkt.co.uk/fc-lugano_fc-basel-1893/index/spielbericht/4599215
,,,"Sun, 11/05/25",,,,,Servette FC,BSC Young Boys,Stade de Genève,Attendance: 11.430,https://www.transfermarkt.co.uk/servette-fc_bsc-young-boys/index/spielbericht/4599217
,,,"Sat, 24/08/24",,,,,Blackburn Rovers,Oxford United,Ewood Park,Attendance: 14.769,https://www.transfermarkt.co.uk/blackburn-rovers_oxford-united/index/spielbericht/4382391
,,,"Sun, 18/05/25",,,,,FC Luzern,Servette FC,swissporarena,Attendance: 13.005,https://www.transfermarkt.co.uk/fc-luzern_servette-fc/index/spielbericht/4599229
,,,"Sat, 17/08/24",,,,,Plymouth Argyle,Hull City,Home Park,Attendance: 16.306,https://www.transfermarkt.co.uk/plymouth-argyle_hull-city/index/spielbericht/4382384
,,,"Sat, 10/08/24",,,,,Leeds United,Portsmouth FC,Elland Road,Attendance: 36.432,https://www.transfermarkt.co.uk/leeds-united_portsmouth-fc/index/spielbericht/4382371
,,,"Sat, 14/09/24",,,,,Leeds United,Burnley FC,Elland Road,Attendance: 36.405,https://www.transfermarkt.co.uk/leeds-united_burnley-fc/index/spielbericht/4382418
,,,"Sat, 28/09/24",,,,,Portsmouth FC,Sheffield United,Fratton Park,Attendance: 20.330,https://www.transfermarkt.co.uk/portsmouth-fc_sheffield-united/index/spielbericht/4382447
,,,"Sat, 02/11/24",,,,,Stoke City,Derby County,bet365 Stadium,Attendance: 24.511,https://www.transfermarkt.co.uk/stoke-city_derby-county/index/spielbericht/4382522
,,,"Tue, 26/11/24",,,,,Stoke City,Preston North End,bet365 Stadium,Attendance: 19.805,https://www.transfermarkt.co.uk/stoke-city_preston-north-end/index/spielbericht/4382540
,,,"Sat, 03/05/25",,,,,Sunderland AFC,Queens Park Rangers,Stadium of Light,Attendance: 41.917,https://www.transfermarkt.co.uk/sunderland-afc_queens-park-rangers/index/spielbericht/4382855
,,,"Thu, 26/12/24",,,,,Sheffield United,Burnley FC,Bramall Lane,Attendance: 30.580,https://www.transfermarkt.co.uk/sheffield-united_burnley-fc/index/spielbericht/4382663
,,,"Sat, 15/03/25",,,,,Coventry City,Sunderland AFC,Coventry Building Society Arena,Attendance: 30.219,https://www.transfermarkt.co.uk/coventry-city_sunderland-afc/index/spielbericht/4382873
,,,"Sat, 03/05/25",,,,,Coventry City,Middlesbrough FC,Coventry Building Society Arena,Attendance: 31.452,https://www.transfermarkt.co.uk/coventry-city_middlesbrough-fc/index/spielbericht/4382849
,,,"Sat, 23/11/24",,,,,West Bromwich Albion,Norwich City,The Hawthorns,Attendance: 25.673,https://www.transfermarkt.co.uk/west-bromwich-albion_norwich-city/index/spielbericht/4382498
,,,"Sat, 15/02/25",,,,,Blackburn Rovers,Plymouth Argyle,Ewood Park,Attendance: 14.875,https://www.transfermarkt.co.uk/blackburn-rovers_plymouth-argyle/index/spielbericht/4382823
,,,"Sat, 23/11/24",,,,,Preston North End,Derby County,Deepdale,Attendance: 16.646,https://www.transfermarkt.co.uk/preston-north-end_derby-county/index/spielbericht/4382494
,,,"Mon, 21/04/25",,,,,Millwall FC,Norwich City,The Den,Attendance: 16.426,https://www.transfermarkt.co.uk/millwall-fc_norwich-city/index/spielbericht/4382900
,,,"Fri, 29/11/24",,,,,Sheffield United,Sunderland AFC,Bramall Lane,Attendance: 28.465,https://www.transfermarkt.co.uk/sheffield-united_sunderland-afc/index/spielbericht/4382603
